[nba_api:sync-season] starting teams (fetched=0, inserted=0, updated=0, rejected=0)
[nba_api:sync-season] completed teams (fetched=30, inserted=0, updated=0, rejected=0)
[nba_api:sync-season] starting players (fetched=30, inserted=0, updated=0, rejected=0)
[nba_api:sync-season] completed players (fetched=599, inserted=125, updated=168, rejected=0)
[nba_api:sync-season] starting games (fetched=599, inserted=125, updated=168, rejected=0)
[nba_api:sync-season] completed games (fetched=1829, inserted=1256, updated=168, rejected=0)
[nba_api:sync-season] starting game_logs (fetched=1829, inserted=1256, updated=168, rejected=0)
[nba_api:sync-season] completed game_logs (fetched=28135, inserted=27463, updated=169, rejected=0)
[nba_api:sync-season] starting league_statistics (fetched=28135, inserted=27463, updated=169, rejected=0)
[nba_api:sync-season] completed league_statistics (fetched=28704, inserted=28030, updated=171, rejected=0)
[nba_api:sync-season] starting rosters (fetched=28704, inserted=28030, updated=171, rejected=0)
[nba_api:sync-season] completed rosters (fetched=28704, inserted=28030, updated=171, rejected=0)
[nba_api:sync-season] starting team_game_logs (fetched=28704, inserted=28030, updated=171, rejected=0)
[nba_api:sync-season] completed team_game_logs (fetched=31164, inserted=30490, updated=171, rejected=0)
[nba_api:sync-season] starting standings (fetched=31164, inserted=30490, updated=171, rejected=0)
[nba_api:sync-season] completed standings (fetched=31194, inserted=30520, updated=171, rejected=0)
{
  "source": "nba_api:sync-season",
  "season": "2024-25",
  "status": "completed",
  "fetched": 31194,
  "inserted": 30520,
  "updated": 171,
  "unchanged": 503,
  "rejected": 0,
  "error_message": null,
  "sync_run_id": 16,
  "rejections": []
}
{
  "season": "2024-25",
  "players_processed": 569,
  "summaries_created": 0,
  "summaries_updated": 569,
  "warnings": [
    {
      "code": "incomplete_game_logs",
      "message": "Player has 70 logs across 82 stored team games.",
      "player_id": 1,
      "metric": null
    },
    {
      "code": "incomplete_game_logs",
      "message": "Player has 70 logs across 82 stored team games.",
      "player_id": 2,
      "metric": null
    },
    {
      "code": "traded_mid_season",
      "message": "Player represented multiple teams.",
      "player_id": 3,
      "metric": null
    },
    {
      "code": "incomplete_game_logs",
      "message": "Player has 50 logs across 82 stored team games.",
      "player_id": 3,
      "metric": null
    },
    {
      "code": "incomplete_game_logs",
      "message": "Player has 79 logs across 82 stored team games.",
      "player_id": 4,
      "metric": null
    },
    {
      "code": "incomplete_game_logs",
      "message": "Player has 26 logs across 82 stored team games.",
      "player_id": 5,
      "metric": null
    },
    {
      "code": "incomplete_game_logs",
      "message": "Player has 73 logs across 82 stored team games.",
      "player_id": 6,
      "metric": null
    },
    {
      "code": "traded_mid_season",
      "message": "Player represented multiple teams.",
      "player_id": 7,
      "metric": null
    },
    {
      "code": "incomplete_game_logs",
      "message": "Player has 29 logs across 82 stored team games.",
      "player_id": 7,
      "metric": null
    },
    {
      "code": "incomplete_game_logs",
      "message": "Player has 51 logs across 82 stored team games.",
      "player_id": 8,
      "metric": null
    },
    {
      "code": "incomplete_game_logs",
      "message": "Player has 62 logs across 82 stored team games.",
      "player_id": 9,
      "metric": null
    },
    {
      "code": "incomplete_game_logs",
      "message": "Player has 45 logs across 82 stored team games.",
      "player_id": 10,
      "metric": null
    },
    {
      "code": "incomplete_game_logs",
      "message": "Player has 76 logs across 82 stored team games.",
      "player_id": 11,
      "metric": null
    },
    {
      "code": "incomplete_game_logs",
      "message": "Player has 58 logs across 82 stored team games.",
      "player_id": 13,
      "metric": null
    },
    {
      "code": "incomplete_game_logs",
      "message": "Player has 36 logs across 82 stored team games.",
      "player_id": 15,
      "metric": null
    },
    {
      "code": "incomplete_game_logs",
      "message": "Player has 60 logs across 82 stored team games.",
      "player_id": 16,
      "metric": null
    },
    {
      "code": "incomplete_game_logs",
      "message": "Player has 54 logs across 82 stored team games.",
      "player_id": 18,
      "metric": null
    },
    {
      "code": "incomplete_game_logs",
      "message": "Player has 67 logs across 82 stored team games.",
      "player_id": 19,
      "metric": null
    },
    {
      "code": "incomplete_game_logs",
      "message": "Player has 76 logs across 82 stored team games.",
      "player_id": 22,
      "metric": null
    },
    {
      "code": "incomplete_game_logs",
      "message": "Player has 69 logs across 82 stored team games.",
      "player_id": 24,
      "metric": null
    },
    {
      "code": "incomplete_game_logs",
      "message": "Player has 72 logs across 82 stored team games.",
      "player_id": 25,
      "metric": null
    },
    {
      "code": "incomplete_game_logs",
      "message": "Player has 40 logs across 82 stored team games.",
      "player_id": 26,
      "metric": null
    },
    {
      "code": "incomplete_game_logs",
      "message": "Player has 67 logs across 82 stored team games.",
      "player_id": 27,
      "metric": null
    },
    {
      "code": "incomplete_game_logs",
      "message": "Player has 65 logs across 82 stored team games.",
      "player_id": 28,
      "metric": null
    },
    {
      "code": "traded_mid_season",
      "message": "Player represented multiple teams.",
      "player_id": 29,
      "metric": null
    },
    {
      "code": "incomplete_game_logs",
      "message": "Player has 60 logs across 82 stored team games.",
      "player_id": 29,
      "metric": null
    },
    {
      "code": "incomplete_game_logs",
      "message": "Player has 70 logs across 82 stored team games.",
      "player_id": 30,
      "metric": null
    },
    {
      "code": "incomplete_game_logs",
      "message": "Player has 78 logs across 82 stored team games.",
      "player_id": 31,
      "metric": null
    },
    {
      "code": "traded_mid_season",
      "message": "Player represented multiple teams.",
      "player_id": 32,
      "metric": null
    },
    {
      "code": "incomplete_game_logs",
      "message": "Player has 51 logs across 82 stored team games.",
      "player_id": 32,
      "metric": null
    },
    {
      "code": "minimum_minutes_not_met",
      "message": "Player averages 7.8 minutes; 10.0 are required for benchmarks.",
      "player_id": 33,
      "metric": "points_per_game"
    },
    {
      "code": "minimum_minutes_not_met",
      "message": "Player averages 7.8 minutes; 10.0 are required for benchmarks.",
      "player_id": 33,
      "metric": "rebounds_per_game"
    },
    {
      "code": "minimum_minutes_not_met",
      "message": "Player averages 7.8 minutes; 10.0 are required for benchmarks.",
      "player_id": 33,
      "metric": "assists_per_game"
    },
    {
      "code": "minimum_minutes_not_met",
      "message": "Player averages 7.8 minutes; 10.0 are required for benchmarks.",
      "player_id": 33,
      "metric": "minutes_per_game"
    },
    {
      "code": "minimum_minutes_not_met",
      "message": "Player averages 7.8 minutes; 10.0 are required for benchmarks.",
      "player_id": 33,
      "metric": "plus_minus_per_game"
    },
    {
      "code": "minimum_minutes_not_met",
      "message": "Player averages 7.8 minutes; 10.0 are required for benchmarks.",
      "player_id": 33,
      "metric": "true_shooting_percentage"
    },
    {
      "code": "minimum_minutes_not_met",
      "message": "Player averages 7.8 minutes; 10.0 are required for benchmarks.",
      "player_id": 33,
      "metric": "field_goal_percentage"
    },
    {
      "code": "minimum_minutes_not_met",
      "message": "Player averages 7.8 minutes; 10.0 are required for benchmarks.",
      "player_id": 33,
      "metric": "three_point_percentage"
    },
    {
      "code": "minimum_minutes_not_met",
      "message": "Player averages 7.8 minutes; 10.0 are required for benchmarks.",
      "player_id": 33,
      "metric": "effective_field_goal_percentage"
    },
    {
      "code": "minimum_minutes_not_met",
      "message": "Player averages 7.8 minutes; 10.0 are required for benchmarks.",
      "player_id": 33,
      "metric": "steals_per_game"
    },
    {
      "code": "minimum_minutes_not_met",
      "message": "Player averages 7.8 minutes; 10.0 are required for benchmarks.",
      "player_id": 33,
      "metric": "blocks_per_game"
    },
    {
      "code": "minimum_minutes_not_met",
      "message": "Player averages 7.8 minutes; 10.0 are required for benchmarks.",
      "player_id": 33,
      "metric": "turnovers_per_game"
    },
    {
      "code": "minimum_minutes_not_met",
      "message": "Player averages 7.8 minutes; 10.0 are required for benchmarks.",
      "player_id": 33,
      "metric": "points_per_36"
    },
    {
      "code": "minimum_minutes_not_met",
      "message": "Player averages 7.8 minutes; 10.0 are required for benchmarks.",
      "player_id": 33,
      "metric": "rebounds_per_36"
    },
    {
      "code": "minimum_minutes_not_met",
      "message": "Player averages 7.8 minutes; 10.0 are required for benchmarks.",
      "player_id": 33,
      "metric": "assists_per_36"
    },
    {
      "code": "minimum_minutes_not_met",
      "message": "Player averages 7.8 minutes; 10.0 are required for benchmarks.",
      "player_id": 33,
      "metric": "turnovers_per_36"
    },
    {
      "code": "incomplete_game_logs",
      "message": "Player has 51 logs across 82 stored team games.",
      "player_id": 33,
      "metric": null
    },
    {
      "code": "incomplete_game_logs",
      "message": "Player has 44 logs across 82 stored team games.",
      "player_id": 34,
      "metric": null
    },
    {
      "code": "minimum_minutes_not_met",
      "message": "Player averages 8.6 minutes; 10.0 are required for benchmarks.",
      "player_id": 35,
      "metric": "points_per_game"
    },
    {
      "code": "minimum_minutes_not_met",
      "message": "Player averages 8.6 minutes; 10.0 are required for benchmarks.",
      "player_id": 35,
      "metric": "rebounds_per_game"
    },
    {
      "code": "minimum_minutes_not_met",
      "message": "Player averages 8.6 minutes; 10.0 are required for benchmarks.",
      "player_id": 35,
      "metric": "assists_per_game"
    },
    {
      "code": "minimum_minutes_not_met",
      "message": "Player averages 8.6 minutes; 10.0 are required for benchmarks.",
      "player_id": 35,
      "metric": "minutes_per_game"
    },
    {
      "code": "minimum_minutes_not_met",
      "message": "Player averages 8.6 minutes; 10.0 are required for benchmarks.",
      "player_id": 35,
      "metric": "plus_minus_per_game"
    },
    {
      "code": "minimum_minutes_not_met",
      "message": "Player averages 8.6 minutes; 10.0 are required for benchmarks.",
      "player_id": 35,
      "metric": "true_shooting_percentage"
    },
    {
      "code": "minimum_minutes_not_met",
      "message": "Player averages 8.6 minutes; 10.0 are required for benchmarks.",
      "player_id": 35,
      "metric": "field_goal_percentage"
    },
    {
      "code": "minimum_minutes_not_met",
      "message": "Player averages 8.6 minutes; 10.0 are required for benchmarks.",
      "player_id": 35,
      "metric": "three_point_percentage"
    },
    {
      "code": "minimum_minutes_not_met",
      "message": "Player averages 8.6 minutes; 10.0 are required for benchmarks.",
      "player_id": 35,
      "metric": "effective_field_goal_percentage"
    },
    {
      "code": "minimum_minutes_not_met",
      "message": "Player averages 8.6 minutes; 10.0 are required for benchmarks.",
      "player_id": 35,
      "metric": "steals_per_game"
    },
    {
      "code": "minimum_minutes_not_met",
      "message": "Player averages 8.6 minutes; 10.0 are required for benchmarks.",
      "player_id": 35,
      "metric": "blocks_per_game"
    },
    {
      "code": "minimum_minutes_not_met",
      "message": "Player averages 8.6 minutes; 10.0 are required for benchmarks.",
      "player_id": 35,
      "metric": "turnovers_per_game"
    },
    {
      "code": "minimum_minutes_not_met",
      "message": "Player averages 8.6 minutes; 10.0 are required for benchmarks.",
      "player_id": 35,
      "metric": "points_per_36"
    },
    {
      "code": "minimum_minutes_not_met",
      "message": "Player averages 8.6 minutes; 10.0 are required for benchmarks.",
      "player_id": 35,
      "metric": "rebounds_per_36"
    },
    {
      "code": "minimum_minutes_not_met",
      "message": "Player averages 8.6 minutes; 10.0 are required for benchmarks.",
      "player_id": 35,
      "metric": "assists_per_36"
    },
    {
      "code": "minimum_minutes_not_met",
      "message": "Player averages 8.6 minutes; 10.0 are required for benchmarks.",
      "player_id": 35,
      "metric": "turnovers_per_36"
    },
    {
      "code": "incomplete_game_logs",
      "message": "Player has 25 logs across 82 stored team games.",
      "player_id": 35,
      "metric": null
    },
    {
      "code": "incomplete_game_logs",
      "message": "Player has 59 logs across 82 stored team games.",
      "player_id": 37,
      "metric": null
    },
    {
      "code": "incomplete_game_logs",
      "message": "Player has 73 logs across 82 stored team games.",
      "player_id": 38,
      "metric": null
    },
    {
      "code": "incomplete_game_logs",
      "message": "Player has 46 logs across 82 stored team games.",
      "player_id": 39,
      "metric": null
    },
    {
      "code": "incomplete_game_logs",
      "message": "Player has 78 logs across 82 stored team games.",
      "player_id": 40,
      "metric": null
    },
    {
      "code": "incomplete_game_logs",
      "message": "Player has 31 logs across 82 stored team games.",
      "player_id": 41,
      "metric": null
    },
    {
      "code": "incomplete_game_logs",
      "message": "Player has 63 logs across 82 stored team games.",
      "player_id": 43,
      "metric": null
    },
    {
      "code": "incomplete_game_logs",
      "message": "Player has 72 logs across 82 stored team games.",
      "player_id": 44,
      "metric": null
    },
    {
      "code": "incomplete_game_logs",
      "message": "Player has 59 logs across 82 stored team games.",
      "player_id": 45,
      "metric": null
    },
    {
      "code": "incomplete_game_logs",
      "message": "Player has 28 logs across 82 stored team games.",
      "player_id": 46,
      "metric": null
    },
    {
      "code": "incomplete_game_logs",
      "message": "Player has 58 logs across 82 stored team games.",
      "player_id": 47,
      "metric": null
    },
    {
      "code": "incomplete_game_logs",
      "message": "Player has 49 logs across 82 stored team games.",
      "player_id": 48,
      "metric": null
    },
    {
      "code": "minimum_games_not_met",
      "message": "Player has 8 games; 15 are required for benchmarks.",
      "player_id": 49,
      "metric": "points_per_game"
    },
    {
      "code": "minimum_minutes_not_met",
      "message": "Player averages 5.4 minutes; 10.0 are required for benchmarks.",
      "player_id": 49,
      "metric": "points_per_game"
    },
    {
      "code": "minimum_games_not_met",
      "message": "Player has 8 games; 15 are required for benchmarks.",
      "player_id": 49,
      "metric": "rebounds_per_game"
    },
    {
      "code": "minimum_minutes_not_met",
      "message": "Player averages 5.4 minutes; 10.0 are required for benchmarks.",
      "player_id": 49,
      "metric": "rebounds_per_game"
    },
    {
      "code": "minimum_games_not_met",
      "message": "Player has 8 games; 15 are required for benchmarks.",
      "player_id": 49,
      "metric": "assists_per_game"
    },
    {
      "code": "minimum_minutes_not_met",
      "message": "Player averages 5.4 minutes; 10.0 are required for benchmarks.",
      "player_id": 49,
      "metric": "assists_per_game"
    },
    {
      "code": "minimum_games_not_met",
      "message": "Player has 8 games; 15 are required for benchmarks.",
      "player_id": 49,
      "metric": "minutes_per_game"
    },
    {
      "code": "minimum_minutes_not_met",
      "message": "Player averages 5.4 minutes; 10.0 are required for benchmarks.",
      "player_id": 49,
      "metric": "minutes_per_game"
    },
    {
      "code": "minimum_games_not_met",
      "message": "Player has 8 games; 15 are required for benchmarks.",
      "player_id": 49,
      "metric": "plus_minus_per_game"
    },
    {
      "code": "minimum_minutes_not_met",
      "message": "Player averages 5.4 minutes; 10.0 are required for benchmarks.",
      "player_id": 49,
      "metric": "plus_minus_per_game"
    },
    {
      "code": "minimum_games_not_met",
      "message": "Player has 8 games; 15 are required for benchmarks.",
      "player_id": 49,
      "metric": "true_shooting_percentage"
    },
    {
      "code": "minimum_minutes_not_met",
      "message": "Player averages 5.4 minutes; 10.0 are required for benchmarks.",
      "player_id": 49,
      "metric": "true_shooting_percentage"
    },
    {
      "code": "minimum_games_not_met",
      "message": "Player has 8 games; 15 are required for benchmarks.",
      "player_id": 49,
      "metric": "field_goal_percentage"
    },
    {
      "code": "minimum_minutes_not_met",
      "message": "Player averages 5.4 minutes; 10.0 are required for benchmarks.",
      "player_id": 49,
      "metric": "field_goal_percentage"
    },
    {
      "code": "minimum_games_not_met",
      "message": "Player has 8 games; 15 are required for benchmarks.",
      "player_id": 49,
      "metric": "three_point_percentage"
    },
    {
      "code": "minimum_minutes_not_met",
      "message": "Player averages 5.4 minutes; 10.0 are required for benchmarks.",
      "player_id": 49,
      "metric": "three_point_percentage"
    },
    {
      "code": "minimum_games_not_met",
      "message": "Player has 8 games; 15 are required for benchmarks.",
      "player_id": 49,
      "metric": "effective_field_goal_percentage"
    },
    {
      "code": "minimum_minutes_not_met",
      "message": "Player averages 5.4 minutes; 10.0 are required for benchmarks.",
      "player_id": 49,
      "metric": "effective_field_goal_percentage"
    },
    {
      "code": "minimum_games_not_met",
      "message": "Player has 8 games; 15 are required for benchmarks.",
      "player_id": 49,
      "metric": "steals_per_game"
    },
    {
      "code": "minimum_minutes_not_met",
      "message": "Player averages 5.4 minutes; 10.0 are required for benchmarks.",
      "player_id": 49,
      "metric": "steals_per_game"
    },
    {
      "code": "minimum_games_not_met",
      "message": "Player has 8 games; 15 are required for benchmarks.",
      "player_id": 49,
      "metric": "blocks_per_game"
    },
    {
      "code": "minimum_minutes_not_met",
      "message": "Player averages 5.4 minutes; 10.0 are required for benchmarks.",
      "player_id": 49,
      "metric": "blocks_per_game"
    },
    {
      "code": "minimum_games_not_met",
      "message": "Player has 8 games; 15 are required for benchmarks.",
      "player_id": 49,
      "metric": "turnovers_per_game"
    },
    {
      "code": "minimum_minutes_not_met",
      "message": "Player averages 5.4 minutes; 10.0 are required for benchmarks.",
      "player_id": 49,
      "metric": "turnovers_per_game"
    },
    {
      "code": "minimum_games_not_met",
      "message": "Player has 8 games; 15 are required for benchmarks.",
      "player_id": 49,
      "metric": "points_per_36"
    },
    {
      "code": "minimum_minutes_not_met",
      "message": "Player averages 5.4 minutes; 10.0 are required for benchmarks.",
      "player_id": 49,
      "metric": "points_per_36"
    },
    {
      "code": "minimum_games_not_met",
      "message": "Player has 8 games; 15 are required for benchmarks.",
      "player_id": 49,
      "metric": "rebounds_per_36"
    },
    {
      "code": "minimum_minutes_not_met",
      "message": "Player averages 5.4 minutes; 10.0 are required for benchmarks.",
      "player_id": 49,
      "metric": "rebounds_per_36"
    },
    {
      "code": "minimum_games_not_met",
      "message": "Player has 8 games; 15 are required for benchmarks.",
      "player_id": 49,
      "metric": "assists_per_36"
    },
    {
      "code": "minimum_minutes_not_met",
      "message": "Player averages 5.4 minutes; 10.0 are required for benchmarks.",
      "player_id": 49,
      "metric": "assists_per_36"
    },
    {
      "code": "minimum_games_not_met",
      "message": "Player has 8 games; 15 are required for benchmarks.",
      "player_id": 49,
      "metric": "turnovers_per_36"
    },
    {
      "code": "minimum_minutes_not_met",
      "message": "Player averages 5.4 minutes; 10.0 are required for benchmarks.",
      "player_id": 49,
      "metric": "turnovers_per_36"
    },
    {
      "code": "trend_small_sample",
      "message": "At least 10 games are required to compare recent five games to previous five.",
      "player_id": 49,
      "metric": null
    },
    {
      "code": "incomplete_game_logs",
      "message": "Player has 8 logs across 82 stored team games.",
      "player_id": 49,
      "metric": null
    },
    {
      "code": "traded_mid_season",
      "message": "Player represented multiple teams.",
      "player_id": 50,
      "metric": null
    },
    {
      "code": "incomplete_game_logs",
      "message": "Player has 54 logs across 82 stored team games.",
      "player_id": 50,
      "metric": null
    },
    {
      "code": "minimum_minutes_not_met",
      "message": "Player averages 10.0 minutes; 10.0 are required for benchmarks.",
      "player_id": 51,
      "metric": "points_per_game"
    },
    {
      "code": "minimum_minutes_not_met",
      "message": "Player averages 10.0 minutes; 10.0 are required for benchmarks.",
      "player_id": 51,
      "metric": "rebounds_per_game"
    },
    {
      "code": "minimum_minutes_not_met",
      "message": "Player averages 10.0 minutes; 10.0 are required for benchmarks.",
      "player_id": 51,
      "metric": "assists_per_game"
    },
    {
      "code": "minimum_minutes_not_met",
      "message": "Player averages 10.0 minutes; 10.0 are required for benchmarks.",
      "player_id": 51,
      "metric": "minutes_per_game"
    },
    {
      "code": "minimum_minutes_not_met",
      "message": "Player averages 10.0 minutes; 10.0 are required for benchmarks.",
      "player_id": 51,
      "metric": "plus_minus_per_game"
    },
    {
      "code": "minimum_minutes_not_met",
      "message": "Player averages 10.0 minutes; 10.0 are required for benchmarks.",
      "player_id": 51,
      "metric": "true_shooting_percentage"
    },
    {
      "code": "minimum_minutes_not_met",
      "message": "Player averages 10.0 minutes; 10.0 are required for benchmarks.",
      "player_id": 51,
      "metric": "field_goal_percentage"
    },
    {
      "code": "minimum_minutes_not_met",
      "message": "Player averages 10.0 minutes; 10.0 are required for benchmarks.",
      "player_id": 51,
      "metric": "three_point_percentage"
    },
    {
      "code": "minimum_minutes_not_met",
      "message": "Player averages 10.0 minutes; 10.0 are required for benchmarks.",
      "player_id": 51,
      "metric": "effective_field_goal_percentage"
    },
    {
      "code": "minimum_minutes_not_met",
      "message": "Player averages 10.0 minutes; 10.0 are required for benchmarks.",
      "player_id": 51,
      "metric": "steals_per_game"
    },
    {
      "code": "minimum_minutes_not_met",
      "message": "Player averages 10.0 minutes; 10.0 are required for benchmarks.",
      "player_id": 51,
      "metric": "blocks_per_game"
    },
    {
      "code": "minimum_minutes_not_met",
      "message": "Player averages 10.0 minutes; 10.0 are required for benchmarks.",
      "player_id": 51,
      "metric": "turnovers_per_game"
    },
    {
      "code": "minimum_minutes_not_met",
      "message": "Player averages 10.0 minutes; 10.0 are required for benchmarks.",
      "player_id": 51,
      "metric": "points_per_36"
    },
    {
      "code": "minimum_minutes_not_met",
      "message": "Player averages 10.0 minutes; 10.0 are required for benchmarks.",
      "player_id": 51,
      "metric": "rebounds_per_36"
    },
    {
      "code": "minimum_minutes_not_met",
      "message": "Player averages 10.0 minutes; 10.0 are required for benchmarks.",
      "player_id": 51,
      "metric": "assists_per_36"
    },
    {
      "code": "minimum_minutes_not_met",
      "message": "Player averages 10.0 minutes; 10.0 are required for benchmarks.",
      "player_id": 51,
      "metric": "turnovers_per_36"
    },
    {
      "code": "traded_mid_season",
      "message": "Player represented multiple teams.",
      "player_id": 51,
      "metric": null
    },
    {
      "code": "incomplete_game_logs",
      "message": "Player has 24 logs across 82 stored team games.",
      "player_id": 51,
      "metric": null
    },
    {
      "code": "incomplete_game_logs",
      "message": "Player has 53 logs across 82 stored team games.",
      "player_id": 52,
      "metric": null
    },
    {
      "code": "minimum_minutes_not_met",
      "message": "Player averages 7.7 minutes; 10.0 are required for benchmarks.",
      "player_id": 53,
      "metric": "points_per_game"
    },
    {
      "code": "minimum_minutes_not_met",
      "message": "Player averages 7.7 minutes; 10.0 are required for benchmarks.",
      "player_id": 53,
      "metric": "rebounds_per_game"
    },
    {
      "code": "minimum_minutes_not_met",
      "message": "Player averages 7.7 minutes; 10.0 are required for benchmarks.",
      "player_id": 53,
      "metric": "assists_per_game"
    },
    {
      "code": "minimum_minutes_not_met",
      "message": "Player averages 7.7 minutes; 10.0 are required for benchmarks.",
      "player_id": 53,
      "metric": "minutes_per_game"
    },
    {
      "code": "minimum_minutes_not_met",
      "message": "Player averages 7.7 minutes; 10.0 are required for benchmarks.",
      "player_id": 53,
      "metric": "plus_minus_per_game"
    },
    {
      "code": "minimum_minutes_not_met",
      "message": "Player averages 7.7 minutes; 10.0 are required for benchmarks.",
      "player_id": 53,
      "metric": "true_shooting_percentage"
    },
    {
      "code": "minimum_minutes_not_met",
      "message": "Player averages 7.7 minutes; 10.0 are required for benchmarks.",
      "player_id": 53,
      "metric": "field_goal_percentage"
    },
    {
      "code": "minimum_minutes_not_met",
      "message": "Player averages 7.7 minutes; 10.0 are required for benchmarks.",
      "player_id": 53,
      "metric": "three_point_percentage"
    },
    {
      "code": "minimum_minutes_not_met",
      "message": "Player averages 7.7 minutes; 10.0 are required for benchmarks.",
      "player_id": 53,
      "metric": "effective_field_goal_percentage"
    },
    {
      "code": "minimum_minutes_not_met",
      "message": "Player averages 7.7 minutes; 10.0 are required for benchmarks.",
      "player_id": 53,
      "metric": "steals_per_game"
    },
    {
      "code": "minimum_minutes_not_met",
      "message": "Player averages 7.7 minutes; 10.0 are required for benchmarks.",
      "player_id": 53,
      "metric": "blocks_per_game"
    },
    {
      "code": "minimum_minutes_not_met",
      "message": "Player averages 7.7 minutes; 10.0 are required for benchmarks.",
      "player_id": 53,
      "metric": "turnovers_per_game"
    },
    {
      "code": "minimum_minutes_not_met",
      "message": "Player averages 7.7 minutes; 10.0 are required for benchmarks.",
      "player_id": 53,
      "metric": "points_per_36"
    },
    {
      "code": "minimum_minutes_not_met",
      "message": "Player averages 7.7 minutes; 10.0 are required for benchmarks.",
      "player_id": 53,
      "metric": "rebounds_per_36"
    },
    {
      "code": "minimum_minutes_not_met",
      "message": "Player averages 7.7 minutes; 10.0 are required for benchmarks.",
      "player_id": 53,
      "metric": "assists_per_36"
    },
    {
      "code": "minimum_minutes_not_met",
      "message": "Player averages 7.7 minutes; 10.0 are required for benchmarks.",
      "player_id": 53,
      "metric": "turnovers_per_36"
    },
    {
      "code": "incomplete_game_logs",
      "message": "Player has 32 logs across 82 stored team games.",
      "player_id": 53,
      "metric": null
    },
    {
      "code": "incomplete_game_logs",
      "message": "Player has 64 logs across 82 stored team games.",
      "player_id": 54,
      "metric": null
    },
    {
      "code": "incomplete_game_logs",
      "message": "Player has 64 logs across 82 stored team games.",
      "player_id": 55,
      "metric": null
    },
    {
      "code": "incomplete_game_logs",
      "message": "Player has 18 logs across 82 stored team games.",
      "player_id": 56,
      "metric": null
    },
    {
      "code": "incomplete_game_logs",
      "message": "Player has 27 logs across 82 stored team games.",
      "player_id": 57,
      "metric": null
    },
    {
      "code": "incomplete_game_logs",
      "message": "Player has 33 logs across 82 stored team games.",
      "player_id": 58,
      "metric": null
    },
    {
      "code": "incomplete_game_logs",
      "message": "Player has 71 logs across 82 stored team games.",
      "player_id": 59,
      "metric": null
    },
    {
      "code": "minimum_minutes_not_met",
      "message": "Player averages 6.8 minutes; 10.0 are required for benchmarks.",
      "player_id": 60,
      "metric": "points_per_game"
    },
    {
      "code": "minimum_minutes_not_met",
      "message": "Player averages 6.8 minutes; 10.0 are required for benchmarks.",
      "player_id": 60,
      "metric": "rebounds_per_game"
    },
    {
      "code": "minimum_minutes_not_met",
      "message": "Player averages 6.8 minutes; 10.0 are required for benchmarks.",
      "player_id": 60,
      "metric": "assists_per_game"
    },
    {
      "code": "minimum_minutes_not_met",
      "message": "Player averages 6.8 minutes; 10.0 are required for benchmarks.",
      "player_id": 60,
      "metric": "minutes_per_game"
    },
    {
      "code": "minimum_minutes_not_met",
      "message": "Player averages 6.8 minutes; 10.0 are required for benchmarks.",
      "player_id": 60,
      "metric": "plus_minus_per_game"
    },
    {
      "code": "minimum_minutes_not_met",
      "message": "Player averages 6.8 minutes; 10.0 are required for benchmarks.",
      "player_id": 60,
      "metric": "true_shooting_percentage"
    },
    {
      "code": "minimum_minutes_not_met",
      "message": "Player averages 6.8 minutes; 10.0 are required for benchmarks.",
      "player_id": 60,
      "metric": "field_goal_percentage"
    },
    {
      "code": "minimum_minutes_not_met",
      "message": "Player averages 6.8 minutes; 10.0 are required for benchmarks.",
      "player_id": 60,
      "metric": "three_point_percentage"
    },
    {
      "code": "minimum_minutes_not_met",
      "message": "Player averages 6.8 minutes; 10.0 are required for benchmarks.",
      "player_id": 60,
      "metric": "effective_field_goal_percentage"
    },
    {
      "code": "minimum_minutes_not_met",
      "message": "Player averages 6.8 minutes; 10.0 are required for benchmarks.",
      "player_id": 60,
      "metric": "steals_per_game"
    },
    {
      "code": "minimum_minutes_not_met",
      "message": "Player averages 6.8 minutes; 10.0 are required for benchmarks.",
      "player_id": 60,
      "metric": "blocks_per_game"
    },
    {
      "code": "minimum_minutes_not_met",
      "message": "Player averages 6.8 minutes; 10.0 are required for benchmarks.",
      "player_id": 60,
      "metric": "turnovers_per_game"
    },
    {
      "code": "minimum_minutes_not_met",
      "message": "Player averages 6.8 minutes; 10.0 are required for benchmarks.",
      "player_id": 60,
      "metric": "points_per_36"
    },
    {
      "code": "minimum_minutes_not_met",
      "message": "Player averages 6.8 minutes; 10.0 are required for benchmarks.",
      "player_id": 60,
      "metric": "rebounds_per_36"
    },
    {
      "code": "minimum_minutes_not_met",
      "message": "Player averages 6.8 minutes; 10.0 are required for benchmarks.",
      "player_id": 60,
      "metric": "assists_per_36"
    },
    {
      "code": "minimum_minutes_not_met",
      "message": "Player averages 6.8 minutes; 10.0 are required for benchmarks.",
      "player_id": 60,
      "metric": "turnovers_per_36"
    },
    {
      "code": "incomplete_game_logs",
      "message": "Player has 27 logs across 82 stored team games.",
      "player_id": 60,
      "metric": null
    },
    {
      "code": "incomplete_game_logs",
      "message": "Player has 80 logs across 82 stored team games.",
      "player_id": 61,
      "metric": null
    },
    {
      "code": "traded_mid_season",
      "message": "Player represented multiple teams.",
      "player_id": 63,
      "metric": null
    },
    {
      "code": "incomplete_game_logs",
      "message": "Player has 41 logs across 82 stored team games.",
      "player_id": 63,
      "metric": null
    },
    {
      "code": "minimum_games_not_met",
      "message": "Player has 13 games; 15 are required for benchmarks.",
      "player_id": 64,
      "metric": "points_per_game"
    },
    {
      "code": "minimum_minutes_not_met",
      "message": "Player averages 2.4 minutes; 10.0 are required for benchmarks.",
      "player_id": 64,
      "metric": "points_per_game"
    },
    {
      "code": "minimum_games_not_met",
      "message": "Player has 13 games; 15 are required for benchmarks.",
      "player_id": 64,
      "metric": "rebounds_per_game"
    },
    {
      "code": "minimum_minutes_not_met",
      "message": "Player averages 2.4 minutes; 10.0 are required for benchmarks.",
      "player_id": 64,
      "metric": "rebounds_per_game"
    },
    {
      "code": "minimum_games_not_met",
      "message": "Player has 13 games; 15 are required for benchmarks.",
      "player_id": 64,
      "metric": "assists_per_game"
    },
    {
      "code": "minimum_minutes_not_met",
      "message": "Player averages 2.4 minutes; 10.0 are required for benchmarks.",
      "player_id": 64,
      "metric": "assists_per_game"
    },
    {
      "code": "minimum_games_not_met",
      "message": "Player has 13 games; 15 are required for benchmarks.",
      "player_id": 64,
      "metric": "minutes_per_game"
    },
    {
      "code": "minimum_minutes_not_met",
      "message": "Player averages 2.4 minutes; 10.0 are required for benchmarks.",
      "player_id": 64,
      "metric": "minutes_per_game"
    },
    {
      "code": "minimum_games_not_met",
      "message": "Player has 13 games; 15 are required for benchmarks.",
      "player_id": 64,
      "metric": "plus_minus_per_game"
    },
    {
      "code": "minimum_minutes_not_met",
      "message": "Player averages 2.4 minutes; 10.0 are required for benchmarks.",
      "player_id": 64,
      "metric": "plus_minus_per_game"
    },
    {
      "code": "minimum_games_not_met",
      "message": "Player has 13 games; 15 are required for benchmarks.",
      "player_id": 64,
      "metric": "true_shooting_percentage"
    },
    {
      "code": "minimum_minutes_not_met",
      "message": "Player averages 2.4 minutes; 10.0 are required for benchmarks.",
      "player_id": 64,
      "metric": "true_shooting_percentage"
    },
    {
      "code": "minimum_games_not_met",
      "message": "Player has 13 games; 15 are required for benchmarks.",
      "player_id": 64,
      "metric": "field_goal_percentage"
    },
    {
      "code": "minimum_minutes_not_met",
      "message": "Player averages 2.4 minutes; 10.0 are required for benchmarks.",
      "player_id": 64,
      "metric": "field_goal_percentage"
    },
    {
      "code": "minimum_games_not_met",
      "message": "Player has 13 games; 15 are required for benchmarks.",
      "player_id": 64,
      "metric": "three_point_percentage"
    },
    {
      "code": "minimum_minutes_not_met",
      "message": "Player averages 2.4 minutes; 10.0 are required for benchmarks.",
      "player_id": 64,
      "metric": "three_point_percentage"
    },
    {
      "code": "minimum_games_not_met",
      "message": "Player has 13 games; 15 are required for benchmarks.",
      "player_id": 64,
      "metric": "effective_field_goal_percentage"
    },
    {
      "code": "minimum_minutes_not_met",
      "message": "Player averages 2.4 minutes; 10.0 are required for benchmarks.",
      "player_id": 64,
      "metric": "effective_field_goal_percentage"
    },
    {
      "code": "minimum_games_not_met",
      "message": "Player has 13 games; 15 are required for benchmarks.",
      "player_id": 64,
      "metric": "steals_per_game"
    },
    {
      "code": "minimum_minutes_not_met",
      "message": "Player averages 2.4 minutes; 10.0 are required for benchmarks.",
      "player_id": 64,
      "metric": "steals_per_game"
    },
    {
      "code": "minimum_games_not_met",
      "message": "Player has 13 games; 15 are required for benchmarks.",
      "player_id": 64,
      "metric": "blocks_per_game"
    },
    {
      "code": "minimum_minutes_not_met",
      "message": "Player averages 2.4 minutes; 10.0 are required for benchmarks.",
      "player_id": 64,
      "metric": "blocks_per_game"
    },
    {
      "code": "minimum_games_not_met",
      "message": "Player has 13 games; 15 are required for benchmarks.",
      "player_id": 64,
      "metric": "turnovers_per_game"
    },
    {
      "code": "minimum_minutes_not_met",
      "message": "Player averages 2.4 minutes; 10.0 are required for benchmarks.",
      "player_id": 64,
      "metric": "turnovers_per_game"
    },
    {
      "code": "minimum_games_not_met",
      "message": "Player has 13 games; 15 are required for benchmarks.",
      "player_id": 64,
      "metric": "points_per_36"
    },
    {
      "code": "minimum_minutes_not_met",
      "message": "Player averages 2.4 minutes; 10.0 are required for benchmarks.",
      "player_id": 64,
      "metric": "points_per_36"
    },
    {
      "code": "minimum_games_not_met",
      "message": "Player has 13 games; 15 are required for benchmarks.",
      "player_id": 64,
      "metric": "rebounds_per_36"
    },
    {
      "code": "minimum_minutes_not_met",
      "message": "Player averages 2.4 minutes; 10.0 are required for benchmarks.",
      "player_id": 64,
      "metric": "rebounds_per_36"
    },
    {
      "code": "minimum_games_not_met",
      "message": "Player has 13 games; 15 are required for benchmarks.",
      "player_id": 64,
      "metric": "assists_per_36"
    },
    {
      "code": "minimum_minutes_not_met",
      "message": "Player averages 2.4 minutes; 10.0 are required for benchmarks.",
      "player_id": 64,
      "metric": "assists_per_36"
    },
    {
      "code": "minimum_games_not_met",
      "message": "Player has 13 games; 15 are required for benchmarks.",
      "player_id": 64,
      "metric": "turnovers_per_36"
    },
    {
      "code": "minimum_minutes_not_met",
      "message": "Player averages 2.4 minutes; 10.0 are required for benchmarks.",
      "player_id": 64,
      "metric": "turnovers_per_36"
    },
    {
      "code": "incomplete_game_logs",
      "message": "Player has 13 logs across 82 stored team games.",
      "player_id": 64,
      "metric": null
    },
    {
      "code": "incomplete_game_logs",
      "message": "Player has 56 logs across 82 stored team games.",
      "player_id": 68,
      "metric": null
    },
    {
      "code": "incomplete_game_logs",
      "message": "Player has 70 logs across 82 stored team games.",
      "player_id": 69,
      "metric": null
    },
    {
      "code": "incomplete_game_logs",
      "message": "Player has 58 logs across 82 stored team games.",
      "player_id": 70,
      "metric": null
    },
    {
      "code": "traded_mid_season",
      "message": "Player represented multiple teams.",
      "player_id": 72,
      "metric": null
    },
    {
      "code": "incomplete_game_logs",
      "message": "Player has 45 logs across 82 stored team games.",
      "player_id": 72,
      "metric": null
    },
    {
      "code": "minimum_games_not_met",
      "message": "Player has 13 games; 15 are required for benchmarks.",
      "player_id": 73,
      "metric": "points_per_game"
    },
    {
      "code": "minimum_minutes_not_met",
      "message": "Player averages 4.5 minutes; 10.0 are required for benchmarks.",
      "player_id": 73,
      "metric": "points_per_game"
    },
    {
      "code": "minimum_games_not_met",
      "message": "Player has 13 games; 15 are required for benchmarks.",
      "player_id": 73,
      "metric": "rebounds_per_game"
    },
    {
      "code": "minimum_minutes_not_met",
      "message": "Player averages 4.5 minutes; 10.0 are required for benchmarks.",
      "player_id": 73,
      "metric": "rebounds_per_game"
    },
    {
      "code": "minimum_games_not_met",
      "message": "Player has 13 games; 15 are required for benchmarks.",
      "player_id": 73,
      "metric": "assists_per_game"
    },
    {
      "code": "minimum_minutes_not_met",
      "message": "Player averages 4.5 minutes; 10.0 are required for benchmarks.",
      "player_id": 73,
      "metric": "assists_per_game"
    },
    {
      "code": "minimum_games_not_met",
      "message": "Player has 13 games; 15 are required for benchmarks.",
      "player_id": 73,
      "metric": "minutes_per_game"
    },
    {
      "code": "minimum_minutes_not_met",
      "message": "Player averages 4.5 minutes; 10.0 are required for benchmarks.",
      "player_id": 73,
      "metric": "minutes_per_game"
    },
    {
      "code": "minimum_games_not_met",
      "message": "Player has 13 games; 15 are required for benchmarks.",
      "player_id": 73,
      "metric": "plus_minus_per_game"
    },
    {
      "code": "minimum_minutes_not_met",
      "message": "Player averages 4.5 minutes; 10.0 are required for benchmarks.",
      "player_id": 73,
      "metric": "plus_minus_per_game"
    },
    {
      "code": "minimum_games_not_met",
      "message": "Player has 13 games; 15 are required for benchmarks.",
      "player_id": 73,
      "metric": "true_shooting_percentage"
    },
    {
      "code": "minimum_minutes_not_met",
      "message": "Player averages 4.5 minutes; 10.0 are required for benchmarks.",
      "player_id": 73,
      "metric": "true_shooting_percentage"
    },
    {
      "code": "minimum_games_not_met",
      "message": "Player has 13 games; 15 are required for benchmarks.",
      "player_id": 73,
      "metric": "field_goal_percentage"
    },
    {
      "code": "minimum_minutes_not_met",
      "message": "Player averages 4.5 minutes; 10.0 are required for benchmarks.",
      "player_id": 73,
      "metric": "field_goal_percentage"
    },
    {
      "code": "minimum_games_not_met",
      "message": "Player has 13 games; 15 are required for benchmarks.",
      "player_id": 73,
      "metric": "three_point_percentage"
    },
    {
      "code": "minimum_minutes_not_met",
      "message": "Player averages 4.5 minutes; 10.0 are required for benchmarks.",
      "player_id": 73,
      "metric": "three_point_percentage"
    },
    {
      "code": "minimum_games_not_met",
      "message": "Player has 13 games; 15 are required for benchmarks.",
      "player_id": 73,
      "metric": "effective_field_goal_percentage"
    },
    {
      "code": "minimum_minutes_not_met",
      "message": "Player averages 4.5 minutes; 10.0 are required for benchmarks.",
      "player_id": 73,
      "metric": "effective_field_goal_percentage"
    },
    {
      "code": "minimum_games_not_met",
      "message": "Player has 13 games; 15 are required for benchmarks.",
      "player_id": 73,
      "metric": "steals_per_game"
    },
    {
      "code": "minimum_minutes_not_met",
      "message": "Player averages 4.5 minutes; 10.0 are required for benchmarks.",
      "player_id": 73,
      "metric": "steals_per_game"
    },
    {
      "code": "minimum_games_not_met",
      "message": "Player has 13 games; 15 are required for benchmarks.",
      "player_id": 73,
      "metric": "blocks_per_game"
    },
    {
      "code": "minimum_minutes_not_met",
      "message": "Player averages 4.5 minutes; 10.0 are required for benchmarks.",
      "player_id": 73,
      "metric": "blocks_per_game"
    },
    {
      "code": "minimum_games_not_met",
      "message": "Player has 13 games; 15 are required for benchmarks.",
      "player_id": 73,
      "metric": "turnovers_per_game"
    },
    {
      "code": "minimum_minutes_not_met",
      "message": "Player averages 4.5 minutes; 10.0 are required for benchmarks.",
      "player_id": 73,
      "metric": "turnovers_per_game"
    },
    {
      "code": "minimum_games_not_met",
      "message": "Player has 13 games; 15 are required for benchmarks.",
      "player_id": 73,
      "metric": "points_per_36"
    },
    {
      "code": "minimum_minutes_not_met",
      "message": "Player averages 4.5 minutes; 10.0 are required for benchmarks.",
      "player_id": 73,
      "metric": "points_per_36"
    },
    {
      "code": "minimum_games_not_met",
      "message": "Player has 13 games; 15 are required for benchmarks.",
      "player_id": 73,
      "metric": "rebounds_per_36"
    },
    {
      "code": "minimum_minutes_not_met",
      "message": "Player averages 4.5 minutes; 10.0 are required for benchmarks.",
      "player_id": 73,
      "metric": "rebounds_per_36"
    },
    {
      "code": "minimum_games_not_met",
      "message": "Player has 13 games; 15 are required for benchmarks.",
      "player_id": 73,
      "metric": "assists_per_36"
    },
    {
      "code": "minimum_minutes_not_met",
      "message": "Player averages 4.5 minutes; 10.0 are required for benchmarks.",
      "player_id": 73,
      "metric": "assists_per_36"
    },
    {
      "code": "minimum_games_not_met",
      "message": "Player has 13 games; 15 are required for benchmarks.",
      "player_id": 73,
      "metric": "turnovers_per_36"
    },
    {
      "code": "minimum_minutes_not_met",
      "message": "Player averages 4.5 minutes; 10.0 are required for benchmarks.",
      "player_id": 73,
      "metric": "turnovers_per_36"
    },
    {
      "code": "incomplete_game_logs",
      "message": "Player has 13 logs across 82 stored team games.",
      "player_id": 73,
      "metric": null
    },
    {
      "code": "incomplete_game_logs",
      "message": "Player has 25 logs across 82 stored team games.",
      "player_id": 74,
      "metric": null
    },
    {
      "code": "incomplete_game_logs",
      "message": "Player has 25 logs across 82 stored team games.",
      "player_id": 75,
      "metric": null
    },
    {
      "code": "incomplete_game_logs",
      "message": "Player has 51 logs across 82 stored team games.",
      "player_id": 76,
      "metric": null
    },
    {
      "code": "incomplete_game_logs",
      "message": "Player has 57 logs across 82 stored team games.",
      "player_id": 77,
      "metric": null
    },
    {
      "code": "traded_mid_season",
      "message": "Player represented multiple teams.",
      "player_id": 78,
      "metric": null
    },
    {
      "code": "incomplete_game_logs",
      "message": "Player has 64 logs across 82 stored team games.",
      "player_id": 78,
      "metric": null
    },
    {
      "code": "incomplete_game_logs",
      "message": "Player has 68 logs across 82 stored team games.",
      "player_id": 80,
      "metric": null
    },
    {
      "code": "incomplete_game_logs",
      "message": "Player has 36 logs across 82 stored team games.",
      "player_id": 82,
      "metric": null
    },
    {
      "code": "incomplete_game_logs",
      "message": "Player has 32 logs across 82 stored team games.",
      "player_id": 84,
      "metric": null
    },
    {
      "code": "incomplete_game_logs",
      "message": "Player has 50 logs across 82 stored team games.",
      "player_id": 85,
      "metric": null
    },
    {
      "code": "minimum_minutes_not_met",
      "message": "Player averages 5.0 minutes; 10.0 are required for benchmarks.",
      "player_id": 86,
      "metric": "points_per_game"
    },
    {
      "code": "minimum_minutes_not_met",
      "message": "Player averages 5.0 minutes; 10.0 are required for benchmarks.",
      "player_id": 86,
      "metric": "rebounds_per_game"
    },
    {
      "code": "minimum_minutes_not_met",
      "message": "Player averages 5.0 minutes; 10.0 are required for benchmarks.",
      "player_id": 86,
      "metric": "assists_per_game"
    },
    {
      "code": "minimum_minutes_not_met",
      "message": "Player averages 5.0 minutes; 10.0 are required for benchmarks.",
      "player_id": 86,
      "metric": "minutes_per_game"
    },
    {
      "code": "minimum_minutes_not_met",
      "message": "Player averages 5.0 minutes; 10.0 are required for benchmarks.",
      "player_id": 86,
      "metric": "plus_minus_per_game"
    },
    {
      "code": "minimum_minutes_not_met",
      "message": "Player averages 5.0 minutes; 10.0 are required for benchmarks.",
      "player_id": 86,
      "metric": "true_shooting_percentage"
    },
    {
      "code": "minimum_minutes_not_met",
      "message": "Player averages 5.0 minutes; 10.0 are required for benchmarks.",
      "player_id": 86,
      "metric": "field_goal_percentage"
    },
    {
      "code": "minimum_minutes_not_met",
      "message": "Player averages 5.0 minutes; 10.0 are required for benchmarks.",
      "player_id": 86,
      "metric": "three_point_percentage"
    },
    {
      "code": "minimum_minutes_not_met",
      "message": "Player averages 5.0 minutes; 10.0 are required for benchmarks.",
      "player_id": 86,
      "metric": "effective_field_goal_percentage"
    },
    {
      "code": "minimum_minutes_not_met",
      "message": "Player averages 5.0 minutes; 10.0 are required for benchmarks.",
      "player_id": 86,
      "metric": "steals_per_game"
    },
    {
      "code": "minimum_minutes_not_met",
      "message": "Player averages 5.0 minutes; 10.0 are required for benchmarks.",
      "player_id": 86,
      "metric": "blocks_per_game"
    },
    {
      "code": "minimum_minutes_not_met",
      "message": "Player averages 5.0 minutes; 10.0 are required for benchmarks.",
      "player_id": 86,
      "metric": "turnovers_per_game"
    },
    {
      "code": "minimum_minutes_not_met",
      "message": "Player averages 5.0 minutes; 10.0 are required for benchmarks.",
      "player_id": 86,
      "metric": "points_per_36"
    },
    {
      "code": "minimum_minutes_not_met",
      "message": "Player averages 5.0 minutes; 10.0 are required for benchmarks.",
      "player_id": 86,
      "metric": "rebounds_per_36"
    },
    {
      "code": "minimum_minutes_not_met",
      "message": "Player averages 5.0 minutes; 10.0 are required for benchmarks.",
      "player_id": 86,
      "metric": "assists_per_36"
    },
    {
      "code": "minimum_minutes_not_met",
      "message": "Player averages 5.0 minutes; 10.0 are required for benchmarks.",
      "player_id": 86,
      "metric": "turnovers_per_36"
    },
    {
      "code": "incomplete_game_logs",
      "message": "Player has 21 logs across 82 stored team games.",
      "player_id": 86,
      "metric": null
    },
    {
      "code": "incomplete_game_logs",
      "message": "Player has 79 logs across 82 stored team games.",
      "player_id": 90,
      "metric": null
    },
    {
      "code": "minimum_minutes_not_met",
      "message": "Player averages 9.3 minutes; 10.0 are required for benchmarks.",
      "player_id": 91,
      "metric": "points_per_game"
    },
    {
      "code": "minimum_minutes_not_met",
      "message": "Player averages 9.3 minutes; 10.0 are required for benchmarks.",
      "player_id": 91,
      "metric": "rebounds_per_game"
    },
    {
      "code": "minimum_minutes_not_met",
      "message": "Player averages 9.3 minutes; 10.0 are required for benchmarks.",
      "player_id": 91,
      "metric": "assists_per_game"
    },
    {
      "code": "minimum_minutes_not_met",
      "message": "Player averages 9.3 minutes; 10.0 are required for benchmarks.",
      "player_id": 91,
      "metric": "minutes_per_game"
    },
    {
      "code": "minimum_minutes_not_met",
      "message": "Player averages 9.3 minutes; 10.0 are required for benchmarks.",
      "player_id": 91,
      "metric": "plus_minus_per_game"
    },
    {
      "code": "minimum_minutes_not_met",
      "message": "Player averages 9.3 minutes; 10.0 are required for benchmarks.",
      "player_id": 91,
      "metric": "true_shooting_percentage"
    },
    {
      "code": "minimum_minutes_not_met",
      "message": "Player averages 9.3 minutes; 10.0 are required for benchmarks.",
      "player_id": 91,
      "metric": "field_goal_percentage"
    },
    {
      "code": "minimum_minutes_not_met",
      "message": "Player averages 9.3 minutes; 10.0 are required for benchmarks.",
      "player_id": 91,
      "metric": "three_point_percentage"
    },
    {
      "code": "minimum_minutes_not_met",
      "message": "Player averages 9.3 minutes; 10.0 are required for benchmarks.",
      "player_id": 91,
      "metric": "effective_field_goal_percentage"
    },
    {
      "code": "minimum_minutes_not_met",
      "message": "Player averages 9.3 minutes; 10.0 are required for benchmarks.",
      "player_id": 91,
      "metric": "steals_per_game"
    },
    {
      "code": "minimum_minutes_not_met",
      "message": "Player averages 9.3 minutes; 10.0 are required for benchmarks.",
      "player_id": 91,
      "metric": "blocks_per_game"
    },
    {
      "code": "minimum_minutes_not_met",
      "message": "Player averages 9.3 minutes; 10.0 are required for benchmarks.",
      "player_id": 91,
      "metric": "turnovers_per_game"
    },
    {
      "code": "minimum_minutes_not_met",
      "message": "Player averages 9.3 minutes; 10.0 are required for benchmarks.",
      "player_id": 91,
      "metric": "points_per_36"
    },
    {
      "code": "minimum_minutes_not_met",
      "message": "Player averages 9.3 minutes; 10.0 are required for benchmarks.",
      "player_id": 91,
      "metric": "rebounds_per_36"
    },
    {
      "code": "minimum_minutes_not_met",
      "message": "Player averages 9.3 minutes; 10.0 are required for benchmarks.",
      "player_id": 91,
      "metric": "assists_per_36"
    },
    {
      "code": "minimum_minutes_not_met",
      "message": "Player averages 9.3 minutes; 10.0 are required for benchmarks.",
      "player_id": 91,
      "metric": "turnovers_per_36"
    },
    {
      "code": "incomplete_game_logs",
      "message": "Player has 37 logs across 82 stored team games.",
      "player_id": 91,
      "metric": null
    },
    {
      "code": "incomplete_game_logs",
      "message": "Player has 55 logs across 82 stored team games.",
      "player_id": 93,
      "metric": null
    },
    {
      "code": "incomplete_game_logs",
      "message": "Player has 74 logs across 82 stored team games.",
      "player_id": 94,
      "metric": null
    },
    {
      "code": "traded_mid_season",
      "message": "Player represented multiple teams.",
      "player_id": 95,
      "metric": null
    },
    {
      "code": "incomplete_game_logs",
      "message": "Player has 53 logs across 82 stored team games.",
      "player_id": 95,
      "metric": null
    },
    {
      "code": "incomplete_game_logs",
      "message": "Player has 50 logs across 82 stored team games.",
      "player_id": 96,
      "metric": null
    },
    {
      "code": "traded_mid_season",
      "message": "Player represented multiple teams.",
      "player_id": 97,
      "metric": null
    },
    {
      "code": "incomplete_game_logs",
      "message": "Player has 39 logs across 82 stored team games.",
      "player_id": 97,
      "metric": null
    },
    {
      "code": "incomplete_game_logs",
      "message": "Player has 67 logs across 82 stored team games.",
      "player_id": 98,
      "metric": null
    },
    {
      "code": "traded_mid_season",
      "message": "Player represented multiple teams.",
      "player_id": 99,
      "metric": null
    },
    {
      "code": "incomplete_game_logs",
      "message": "Player has 26 logs across 82 stored team games.",
      "player_id": 99,
      "metric": null
    },
    {
      "code": "incomplete_game_logs",
      "message": "Player has 33 logs across 82 stored team games.",
      "player_id": 100,
      "metric": null
    },
    {
      "code": "incomplete_game_logs",
      "message": "Player has 63 logs across 82 stored team games.",
      "player_id": 102,
      "metric": null
    },
    {
      "code": "incomplete_game_logs",
      "message": "Player has 61 logs across 82 stored team games.",
      "player_id": 104,
      "metric": null
    },
    {
      "code": "incomplete_game_logs",
      "message": "Player has 51 logs across 82 stored team games.",
      "player_id": 105,
      "metric": null
    },
    {
      "code": "traded_mid_season",
      "message": "Player represented multiple teams.",
      "player_id": 107,
      "metric": null
    },
    {
      "code": "incomplete_game_logs",
      "message": "Player has 58 logs across 82 stored team games.",
      "player_id": 107,
      "metric": null
    },
    {
      "code": "minimum_games_not_met",
      "message": "Player has 6 games; 15 are required for benchmarks.",
      "player_id": 109,
      "metric": "points_per_game"
    },
    {
      "code": "minimum_games_not_met",
      "message": "Player has 6 games; 15 are required for benchmarks.",
      "player_id": 109,
      "metric": "rebounds_per_game"
    },
    {
      "code": "minimum_games_not_met",
      "message": "Player has 6 games; 15 are required for benchmarks.",
      "player_id": 109,
      "metric": "assists_per_game"
    },
    {
      "code": "minimum_games_not_met",
      "message": "Player has 6 games; 15 are required for benchmarks.",
      "player_id": 109,
      "metric": "minutes_per_game"
    },
    {
      "code": "minimum_games_not_met",
      "message": "Player has 6 games; 15 are required for benchmarks.",
      "player_id": 109,
      "metric": "plus_minus_per_game"
    },
    {
      "code": "minimum_games_not_met",
      "message": "Player has 6 games; 15 are required for benchmarks.",
      "player_id": 109,
      "metric": "true_shooting_percentage"
    },
    {
      "code": "minimum_games_not_met",
      "message": "Player has 6 games; 15 are required for benchmarks.",
      "player_id": 109,
      "metric": "field_goal_percentage"
    },
    {
      "code": "minimum_games_not_met",
      "message": "Player has 6 games; 15 are required for benchmarks.",
      "player_id": 109,
      "metric": "three_point_percentage"
    },
    {
      "code": "minimum_games_not_met",
      "message": "Player has 6 games; 15 are required for benchmarks.",
      "player_id": 109,
      "metric": "effective_field_goal_percentage"
    },
    {
      "code": "minimum_games_not_met",
      "message": "Player has 6 games; 15 are required for benchmarks.",
      "player_id": 109,
      "metric": "steals_per_game"
    },
    {
      "code": "minimum_games_not_met",
      "message": "Player has 6 games; 15 are required for benchmarks.",
      "player_id": 109,
      "metric": "blocks_per_game"
    },
    {
      "code": "minimum_games_not_met",
      "message": "Player has 6 games; 15 are required for benchmarks.",
      "player_id": 109,
      "metric": "turnovers_per_game"
    },
    {
      "code": "minimum_games_not_met",
      "message": "Player has 6 games; 15 are required for benchmarks.",
      "player_id": 109,
      "metric": "points_per_36"
    },
    {
      "code": "minimum_games_not_met",
      "message": "Player has 6 games; 15 are required for benchmarks.",
      "player_id": 109,
      "metric": "rebounds_per_36"
    },
    {
      "code": "minimum_games_not_met",
      "message": "Player has 6 games; 15 are required for benchmarks.",
      "player_id": 109,
      "metric": "assists_per_36"
    },
    {
      "code": "minimum_games_not_met",
      "message": "Player has 6 games; 15 are required for benchmarks.",
      "player_id": 109,
      "metric": "turnovers_per_36"
    },
    {
      "code": "trend_small_sample",
      "message": "At least 10 games are required to compare recent five games to previous five.",
      "player_id": 109,
      "metric": null
    },
    {
      "code": "incomplete_game_logs",
      "message": "Player has 6 logs across 82 stored team games.",
      "player_id": 109,
      "metric": null
    },
    {
      "code": "incomplete_game_logs",
      "message": "Player has 73 logs across 82 stored team games.",
      "player_id": 110,
      "metric": null
    },
    {
      "code": "incomplete_game_logs",
      "message": "Player has 78 logs across 82 stored team games.",
      "player_id": 111,
      "metric": null
    },
    {
      "code": "incomplete_game_logs",
      "message": "Player has 58 logs across 82 stored team games.",
      "player_id": 112,
      "metric": null
    },
    {
      "code": "incomplete_game_logs",
      "message": "Player has 57 logs across 82 stored team games.",
      "player_id": 113,
      "metric": null
    },
    {
      "code": "minimum_games_not_met",
      "message": "Player has 7 games; 15 are required for benchmarks.",
      "player_id": 114,
      "metric": "points_per_game"
    },
    {
      "code": "minimum_minutes_not_met",
      "message": "Player averages 3.3 minutes; 10.0 are required for benchmarks.",
      "player_id": 114,
      "metric": "points_per_game"
    },
    {
      "code": "minimum_games_not_met",
      "message": "Player has 7 games; 15 are required for benchmarks.",
      "player_id": 114,
      "metric": "rebounds_per_game"
    },
    {
      "code": "minimum_minutes_not_met",
      "message": "Player averages 3.3 minutes; 10.0 are required for benchmarks.",
      "player_id": 114,
      "metric": "rebounds_per_game"
    },
    {
      "code": "minimum_games_not_met",
      "message": "Player has 7 games; 15 are required for benchmarks.",
      "player_id": 114,
      "metric": "assists_per_game"
    },
    {
      "code": "minimum_minutes_not_met",
      "message": "Player averages 3.3 minutes; 10.0 are required for benchmarks.",
      "player_id": 114,
      "metric": "assists_per_game"
    },
    {
      "code": "minimum_games_not_met",
      "message": "Player has 7 games; 15 are required for benchmarks.",
      "player_id": 114,
      "metric": "minutes_per_game"
    },
    {
      "code": "minimum_minutes_not_met",
      "message": "Player averages 3.3 minutes; 10.0 are required for benchmarks.",
      "player_id": 114,
      "metric": "minutes_per_game"
    },
    {
      "code": "minimum_games_not_met",
      "message": "Player has 7 games; 15 are required for benchmarks.",
      "player_id": 114,
      "metric": "plus_minus_per_game"
    },
    {
      "code": "minimum_minutes_not_met",
      "message": "Player averages 3.3 minutes; 10.0 are required for benchmarks.",
      "player_id": 114,
      "metric": "plus_minus_per_game"
    },
    {
      "code": "minimum_games_not_met",
      "message": "Player has 7 games; 15 are required for benchmarks.",
      "player_id": 114,
      "metric": "true_shooting_percentage"
    },
    {
      "code": "minimum_minutes_not_met",
      "message": "Player averages 3.3 minutes; 10.0 are required for benchmarks.",
      "player_id": 114,
      "metric": "true_shooting_percentage"
    },
    {
      "code": "minimum_games_not_met",
      "message": "Player has 7 games; 15 are required for benchmarks.",
      "player_id": 114,
      "metric": "field_goal_percentage"
    },
    {
      "code": "minimum_minutes_not_met",
      "message": "Player averages 3.3 minutes; 10.0 are required for benchmarks.",
      "player_id": 114,
      "metric": "field_goal_percentage"
    },
    {
      "code": "minimum_games_not_met",
      "message": "Player has 7 games; 15 are required for benchmarks.",
      "player_id": 114,
      "metric": "three_point_percentage"
    },
    {
      "code": "minimum_minutes_not_met",
      "message": "Player averages 3.3 minutes; 10.0 are required for benchmarks.",
      "player_id": 114,
      "metric": "three_point_percentage"
    },
    {
      "code": "minimum_games_not_met",
      "message": "Player has 7 games; 15 are required for benchmarks.",
      "player_id": 114,
      "metric": "effective_field_goal_percentage"
    },
    {
      "code": "minimum_minutes_not_met",
      "message": "Player averages 3.3 minutes; 10.0 are required for benchmarks.",
      "player_id": 114,
      "metric": "effective_field_goal_percentage"
    },
    {
      "code": "minimum_games_not_met",
      "message": "Player has 7 games; 15 are required for benchmarks.",
      "player_id": 114,
      "metric": "steals_per_game"
    },
    {
      "code": "minimum_minutes_not_met",
      "message": "Player averages 3.3 minutes; 10.0 are required for benchmarks.",
      "player_id": 114,
      "metric": "steals_per_game"
    },
    {
      "code": "minimum_games_not_met",
      "message": "Player has 7 games; 15 are required for benchmarks.",
      "player_id": 114,
      "metric": "blocks_per_game"
    },
    {
      "code": "minimum_minutes_not_met",
      "message": "Player averages 3.3 minutes; 10.0 are required for benchmarks.",
      "player_id": 114,
      "metric": "blocks_per_game"
    },
    {
      "code": "minimum_games_not_met",
      "message": "Player has 7 games; 15 are required for benchmarks.",
      "player_id": 114,
      "metric": "turnovers_per_game"
    },
    {
      "code": "minimum_minutes_not_met",
      "message": "Player averages 3.3 minutes; 10.0 are required for benchmarks.",
      "player_id": 114,
      "metric": "turnovers_per_game"
    },
    {
      "code": "minimum_games_not_met",
      "message": "Player has 7 games; 15 are required for benchmarks.",
      "player_id": 114,
      "metric": "points_per_36"
    },
    {
      "code": "minimum_minutes_not_met",
      "message": "Player averages 3.3 minutes; 10.0 are required for benchmarks.",
      "player_id": 114,
      "metric": "points_per_36"
    },
    {
      "code": "minimum_games_not_met",
      "message": "Player has 7 games; 15 are required for benchmarks.",
      "player_id": 114,
      "metric": "rebounds_per_36"
    },
    {
      "code": "minimum_minutes_not_met",
      "message": "Player averages 3.3 minutes; 10.0 are required for benchmarks.",
      "player_id": 114,
      "metric": "rebounds_per_36"
    },
    {
      "code": "minimum_games_not_met",
      "message": "Player has 7 games; 15 are required for benchmarks.",
      "player_id": 114,
      "metric": "assists_per_36"
    },
    {
      "code": "minimum_minutes_not_met",
      "message": "Player averages 3.3 minutes; 10.0 are required for benchmarks.",
      "player_id": 114,
      "metric": "assists_per_36"
    },
    {
      "code": "minimum_games_not_met",
      "message": "Player has 7 games; 15 are required for benchmarks.",
      "player_id": 114,
      "metric": "turnovers_per_36"
    },
    {
      "code": "minimum_minutes_not_met",
      "message": "Player averages 3.3 minutes; 10.0 are required for benchmarks.",
      "player_id": 114,
      "metric": "turnovers_per_36"
    },
    {
      "code": "trend_small_sample",
      "message": "At least 10 games are required to compare recent five games to previous five.",
      "player_id": 114,
      "metric": null
    },
    {
      "code": "incomplete_game_logs",
      "message": "Player has 7 logs across 82 stored team games.",
      "player_id": 114,
      "metric": null
    },
    {
      "code": "incomplete_game_logs",
      "message": "Player has 20 logs across 82 stored team games.",
      "player_id": 116,
      "metric": null
    },
    {
      "code": "incomplete_game_logs",
      "message": "Player has 16 logs across 82 stored team games.",
      "player_id": 117,
      "metric": null
    },
    {
      "code": "incomplete_game_logs",
      "message": "Player has 75 logs across 82 stored team games.",
      "player_id": 118,
      "metric": null
    },
    {
      "code": "traded_mid_season",
      "message": "Player represented multiple teams.",
      "player_id": 120,
      "metric": null
    },
    {
      "code": "incomplete_game_logs",
      "message": "Player has 74 logs across 82 stored team games.",
      "player_id": 120,
      "metric": null
    },
    {
      "code": "incomplete_game_logs",
      "message": "Player has 50 logs across 82 stored team games.",
      "player_id": 121,
      "metric": null
    },
    {
      "code": "traded_mid_season",
      "message": "Player represented multiple teams.",
      "player_id": 122,
      "metric": null
    },
    {
      "code": "incomplete_game_logs",
      "message": "Player has 62 logs across 82 stored team games.",
      "player_id": 122,
      "metric": null
    },
    {
      "code": "traded_mid_season",
      "message": "Player represented multiple teams.",
      "player_id": 123,
      "metric": null
    },
    {
      "code": "incomplete_game_logs",
      "message": "Player has 64 logs across 82 stored team games.",
      "player_id": 123,
      "metric": null
    },
    {
      "code": "minimum_games_not_met",
      "message": "Player has 6 games; 15 are required for benchmarks.",
      "player_id": 124,
      "metric": "points_per_game"
    },
    {
      "code": "minimum_games_not_met",
      "message": "Player has 6 games; 15 are required for benchmarks.",
      "player_id": 124,
      "metric": "rebounds_per_game"
    },
    {
      "code": "minimum_games_not_met",
      "message": "Player has 6 games; 15 are required for benchmarks.",
      "player_id": 124,
      "metric": "assists_per_game"
    },
    {
      "code": "minimum_games_not_met",
      "message": "Player has 6 games; 15 are required for benchmarks.",
      "player_id": 124,
      "metric": "minutes_per_game"
    },
    {
      "code": "minimum_games_not_met",
      "message": "Player has 6 games; 15 are required for benchmarks.",
      "player_id": 124,
      "metric": "plus_minus_per_game"
    },
    {
      "code": "minimum_games_not_met",
      "message": "Player has 6 games; 15 are required for benchmarks.",
      "player_id": 124,
      "metric": "true_shooting_percentage"
    },
    {
      "code": "minimum_games_not_met",
      "message": "Player has 6 games; 15 are required for benchmarks.",
      "player_id": 124,
      "metric": "field_goal_percentage"
    },
    {
      "code": "minimum_games_not_met",
      "message": "Player has 6 games; 15 are required for benchmarks.",
      "player_id": 124,
      "metric": "three_point_percentage"
    },
    {
      "code": "minimum_games_not_met",
      "message": "Player has 6 games; 15 are required for benchmarks.",
      "player_id": 124,
      "metric": "effective_field_goal_percentage"
    },
    {
      "code": "minimum_games_not_met",
      "message": "Player has 6 games; 15 are required for benchmarks.",
      "player_id": 124,
      "metric": "steals_per_game"
    },
    {
      "code": "minimum_games_not_met",
      "message": "Player has 6 games; 15 are required for benchmarks.",
      "player_id": 124,
      "metric": "blocks_per_game"
    },
    {
      "code": "minimum_games_not_met",
      "message": "Player has 6 games; 15 are required for benchmarks.",
      "player_id": 124,
      "metric": "turnovers_per_game"
    },
    {
      "code": "minimum_games_not_met",
      "message": "Player has 6 games; 15 are required for benchmarks.",
      "player_id": 124,
      "metric": "points_per_36"
    },
    {
      "code": "minimum_games_not_met",
      "message": "Player has 6 games; 15 are required for benchmarks.",
      "player_id": 124,
      "metric": "rebounds_per_36"
    },
    {
      "code": "minimum_games_not_met",
      "message": "Player has 6 games; 15 are required for benchmarks.",
      "player_id": 124,
      "metric": "assists_per_36"
    },
    {
      "code": "minimum_games_not_met",
      "message": "Player has 6 games; 15 are required for benchmarks.",
      "player_id": 124,
      "metric": "turnovers_per_36"
    },
    {
      "code": "trend_small_sample",
      "message": "At least 10 games are required to compare recent five games to previous five.",
      "player_id": 124,
      "metric": null
    },
    {
      "code": "incomplete_game_logs",
      "message": "Player has 6 logs across 82 stored team games.",
      "player_id": 124,
      "metric": null
    },
    {
      "code": "incomplete_game_logs",
      "message": "Player has 56 logs across 82 stored team games.",
      "player_id": 125,
      "metric": null
    },
    {
      "code": "incomplete_game_logs",
      "message": "Player has 77 logs across 82 stored team games.",
      "player_id": 126,
      "metric": null
    },
    {
      "code": "incomplete_game_logs",
      "message": "Player has 59 logs across 82 stored team games.",
      "player_id": 127,
      "metric": null
    },
    {
      "code": "incomplete_game_logs",
      "message": "Player has 40 logs across 82 stored team games.",
      "player_id": 128,
      "metric": null
    },
    {
      "code": "incomplete_game_logs",
      "message": "Player has 31 logs across 82 stored team games.",
      "player_id": 129,
      "metric": null
    },
    {
      "code": "incomplete_game_logs",
      "message": "Player has 72 logs across 82 stored team games.",
      "player_id": 130,
      "metric": null
    },
    {
      "code": "traded_mid_season",
      "message": "Player represented multiple teams.",
      "player_id": 131,
      "metric": null
    },
    {
      "code": "incomplete_game_logs",
      "message": "Player has 75 logs across 82 stored team games.",
      "player_id": 131,
      "metric": null
    },
    {
      "code": "incomplete_game_logs",
      "message": "Player has 36 logs across 82 stored team games.",
      "player_id": 132,
      "metric": null
    },
    {
      "code": "incomplete_game_logs",
      "message": "Player has 77 logs across 82 stored team games.",
      "player_id": 134,
      "metric": null
    },
    {
      "code": "incomplete_game_logs",
      "message": "Player has 76 logs across 82 stored team games.",
      "player_id": 135,
      "metric": null
    },
    {
      "code": "incomplete_game_logs",
      "message": "Player has 69 logs across 82 stored team games.",
      "player_id": 136,
      "metric": null
    },
    {
      "code": "incomplete_game_logs",
      "message": "Player has 75 logs across 82 stored team games.",
      "player_id": 137,
      "metric": null
    },
    {
      "code": "incomplete_game_logs",
      "message": "Player has 36 logs across 82 stored team games.",
      "player_id": 138,
      "metric": null
    },
    {
      "code": "incomplete_game_logs",
      "message": "Player has 64 logs across 82 stored team games.",
      "player_id": 139,
      "metric": null
    },
    {
      "code": "incomplete_game_logs",
      "message": "Player has 75 logs across 82 stored team games.",
      "player_id": 140,
      "metric": null
    },
    {
      "code": "incomplete_game_logs",
      "message": "Player has 70 logs across 82 stored team games.",
      "player_id": 141,
      "metric": null
    },
    {
      "code": "incomplete_game_logs",
      "message": "Player has 35 logs across 82 stored team games.",
      "player_id": 142,
      "metric": null
    },
    {
      "code": "incomplete_game_logs",
      "message": "Player has 67 logs across 82 stored team games.",
      "player_id": 143,
      "metric": null
    },
    {
      "code": "incomplete_game_logs",
      "message": "Player has 71 logs across 82 stored team games.",
      "player_id": 144,
      "metric": null
    },
    {
      "code": "incomplete_game_logs",
      "message": "Player has 62 logs across 82 stored team games.",
      "player_id": 145,
      "metric": null
    },
    {
      "code": "traded_mid_season",
      "message": "Player represented multiple teams.",
      "player_id": 146,
      "metric": null
    },
    {
      "code": "incomplete_game_logs",
      "message": "Player has 63 logs across 82 stored team games.",
      "player_id": 146,
      "metric": null
    },
    {
      "code": "minimum_minutes_not_met",
      "message": "Player averages 8.2 minutes; 10.0 are required for benchmarks.",
      "player_id": 147,
      "metric": "points_per_game"
    },
    {
      "code": "minimum_minutes_not_met",
      "message": "Player averages 8.2 minutes; 10.0 are required for benchmarks.",
      "player_id": 147,
      "metric": "rebounds_per_game"
    },
    {
      "code": "minimum_minutes_not_met",
      "message": "Player averages 8.2 minutes; 10.0 are required for benchmarks.",
      "player_id": 147,
      "metric": "assists_per_game"
    },
    {
      "code": "minimum_minutes_not_met",
      "message": "Player averages 8.2 minutes; 10.0 are required for benchmarks.",
      "player_id": 147,
      "metric": "minutes_per_game"
    },
    {
      "code": "minimum_minutes_not_met",
      "message": "Player averages 8.2 minutes; 10.0 are required for benchmarks.",
      "player_id": 147,
      "metric": "plus_minus_per_game"
    },
    {
      "code": "minimum_minutes_not_met",
      "message": "Player averages 8.2 minutes; 10.0 are required for benchmarks.",
      "player_id": 147,
      "metric": "true_shooting_percentage"
    },
    {
      "code": "minimum_minutes_not_met",
      "message": "Player averages 8.2 minutes; 10.0 are required for benchmarks.",
      "player_id": 147,
      "metric": "field_goal_percentage"
    },
    {
      "code": "minimum_minutes_not_met",
      "message": "Player averages 8.2 minutes; 10.0 are required for benchmarks.",
      "player_id": 147,
      "metric": "three_point_percentage"
    },
    {
      "code": "minimum_minutes_not_met",
      "message": "Player averages 8.2 minutes; 10.0 are required for benchmarks.",
      "player_id": 147,
      "metric": "effective_field_goal_percentage"
    },
    {
      "code": "minimum_minutes_not_met",
      "message": "Player averages 8.2 minutes; 10.0 are required for benchmarks.",
      "player_id": 147,
      "metric": "steals_per_game"
    },
    {
      "code": "minimum_minutes_not_met",
      "message": "Player averages 8.2 minutes; 10.0 are required for benchmarks.",
      "player_id": 147,
      "metric": "blocks_per_game"
    },
    {
      "code": "minimum_minutes_not_met",
      "message": "Player averages 8.2 minutes; 10.0 are required for benchmarks.",
      "player_id": 147,
      "metric": "turnovers_per_game"
    },
    {
      "code": "minimum_minutes_not_met",
      "message": "Player averages 8.2 minutes; 10.0 are required for benchmarks.",
      "player_id": 147,
      "metric": "points_per_36"
    },
    {
      "code": "minimum_minutes_not_met",
      "message": "Player averages 8.2 minutes; 10.0 are required for benchmarks.",
      "player_id": 147,
      "metric": "rebounds_per_36"
    },
    {
      "code": "minimum_minutes_not_met",
      "message": "Player averages 8.2 minutes; 10.0 are required for benchmarks.",
      "player_id": 147,
      "metric": "assists_per_36"
    },
    {
      "code": "minimum_minutes_not_met",
      "message": "Player averages 8.2 minutes; 10.0 are required for benchmarks.",
      "player_id": 147,
      "metric": "turnovers_per_36"
    },
    {
      "code": "incomplete_game_logs",
      "message": "Player has 42 logs across 82 stored team games.",
      "player_id": 147,
      "metric": null
    },
    {
      "code": "incomplete_game_logs",
      "message": "Player has 68 logs across 82 stored team games.",
      "player_id": 149,
      "metric": null
    },
    {
      "code": "traded_mid_season",
      "message": "Player represented multiple teams.",
      "player_id": 150,
      "metric": null
    },
    {
      "code": "incomplete_game_logs",
      "message": "Player has 61 logs across 82 stored team games.",
      "player_id": 150,
      "metric": null
    },
    {
      "code": "minimum_minutes_not_met",
      "message": "Player averages 7.4 minutes; 10.0 are required for benchmarks.",
      "player_id": 151,
      "metric": "points_per_game"
    },
    {
      "code": "minimum_minutes_not_met",
      "message": "Player averages 7.4 minutes; 10.0 are required for benchmarks.",
      "player_id": 151,
      "metric": "rebounds_per_game"
    },
    {
      "code": "minimum_minutes_not_met",
      "message": "Player averages 7.4 minutes; 10.0 are required for benchmarks.",
      "player_id": 151,
      "metric": "assists_per_game"
    },
    {
      "code": "minimum_minutes_not_met",
      "message": "Player averages 7.4 minutes; 10.0 are required for benchmarks.",
      "player_id": 151,
      "metric": "minutes_per_game"
    },
    {
      "code": "minimum_minutes_not_met",
      "message": "Player averages 7.4 minutes; 10.0 are required for benchmarks.",
      "player_id": 151,
      "metric": "plus_minus_per_game"
    },
    {
      "code": "minimum_minutes_not_met",
      "message": "Player averages 7.4 minutes; 10.0 are required for benchmarks.",
      "player_id": 151,
      "metric": "true_shooting_percentage"
    },
    {
      "code": "minimum_minutes_not_met",
      "message": "Player averages 7.4 minutes; 10.0 are required for benchmarks.",
      "player_id": 151,
      "metric": "field_goal_percentage"
    },
    {
      "code": "minimum_minutes_not_met",
      "message": "Player averages 7.4 minutes; 10.0 are required for benchmarks.",
      "player_id": 151,
      "metric": "three_point_percentage"
    },
    {
      "code": "minimum_minutes_not_met",
      "message": "Player averages 7.4 minutes; 10.0 are required for benchmarks.",
      "player_id": 151,
      "metric": "effective_field_goal_percentage"
    },
    {
      "code": "minimum_minutes_not_met",
      "message": "Player averages 7.4 minutes; 10.0 are required for benchmarks.",
      "player_id": 151,
      "metric": "steals_per_game"
    },
    {
      "code": "minimum_minutes_not_met",
      "message": "Player averages 7.4 minutes; 10.0 are required for benchmarks.",
      "player_id": 151,
      "metric": "blocks_per_game"
    },
    {
      "code": "minimum_minutes_not_met",
      "message": "Player averages 7.4 minutes; 10.0 are required for benchmarks.",
      "player_id": 151,
      "metric": "turnovers_per_game"
    },
    {
      "code": "minimum_minutes_not_met",
      "message": "Player averages 7.4 minutes; 10.0 are required for benchmarks.",
      "player_id": 151,
      "metric": "points_per_36"
    },
    {
      "code": "minimum_minutes_not_met",
      "message": "Player averages 7.4 minutes; 10.0 are required for benchmarks.",
      "player_id": 151,
      "metric": "rebounds_per_36"
    },
    {
      "code": "minimum_minutes_not_met",
      "message": "Player averages 7.4 minutes; 10.0 are required for benchmarks.",
      "player_id": 151,
      "metric": "assists_per_36"
    },
    {
      "code": "minimum_minutes_not_met",
      "message": "Player averages 7.4 minutes; 10.0 are required for benchmarks.",
      "player_id": 151,
      "metric": "turnovers_per_36"
    },
    {
      "code": "incomplete_game_logs",
      "message": "Player has 25 logs across 82 stored team games.",
      "player_id": 151,
      "metric": null
    },
    {
      "code": "minimum_games_not_met",
      "message": "Player has 14 games; 15 are required for benchmarks.",
      "player_id": 152,
      "metric": "points_per_game"
    },
    {
      "code": "minimum_games_not_met",
      "message": "Player has 14 games; 15 are required for benchmarks.",
      "player_id": 152,
      "metric": "rebounds_per_game"
    },
    {
      "code": "minimum_games_not_met",
      "message": "Player has 14 games; 15 are required for benchmarks.",
      "player_id": 152,
      "metric": "assists_per_game"
    },
    {
      "code": "minimum_games_not_met",
      "message": "Player has 14 games; 15 are required for benchmarks.",
      "player_id": 152,
      "metric": "minutes_per_game"
    },
    {
      "code": "minimum_games_not_met",
      "message": "Player has 14 games; 15 are required for benchmarks.",
      "player_id": 152,
      "metric": "plus_minus_per_game"
    },
    {
      "code": "minimum_games_not_met",
      "message": "Player has 14 games; 15 are required for benchmarks.",
      "player_id": 152,
      "metric": "true_shooting_percentage"
    },
    {
      "code": "minimum_games_not_met",
      "message": "Player has 14 games; 15 are required for benchmarks.",
      "player_id": 152,
      "metric": "field_goal_percentage"
    },
    {
      "code": "minimum_games_not_met",
      "message": "Player has 14 games; 15 are required for benchmarks.",
      "player_id": 152,
      "metric": "three_point_percentage"
    },
    {
      "code": "minimum_games_not_met",
      "message": "Player has 14 games; 15 are required for benchmarks.",
      "player_id": 152,
      "metric": "effective_field_goal_percentage"
    },
    {
      "code": "minimum_games_not_met",
      "message": "Player has 14 games; 15 are required for benchmarks.",
      "player_id": 152,
      "metric": "steals_per_game"
    },
    {
      "code": "minimum_games_not_met",
      "message": "Player has 14 games; 15 are required for benchmarks.",
      "player_id": 152,
      "metric": "blocks_per_game"
    },
    {
      "code": "minimum_games_not_met",
      "message": "Player has 14 games; 15 are required for benchmarks.",
      "player_id": 152,
      "metric": "turnovers_per_game"
    },
    {
      "code": "minimum_games_not_met",
      "message": "Player has 14 games; 15 are required for benchmarks.",
      "player_id": 152,
      "metric": "points_per_36"
    },
    {
      "code": "minimum_games_not_met",
      "message": "Player has 14 games; 15 are required for benchmarks.",
      "player_id": 152,
      "metric": "rebounds_per_36"
    },
    {
      "code": "minimum_games_not_met",
      "message": "Player has 14 games; 15 are required for benchmarks.",
      "player_id": 152,
      "metric": "assists_per_36"
    },
    {
      "code": "minimum_games_not_met",
      "message": "Player has 14 games; 15 are required for benchmarks.",
      "player_id": 152,
      "metric": "turnovers_per_36"
    },
    {
      "code": "incomplete_game_logs",
      "message": "Player has 14 logs across 82 stored team games.",
      "player_id": 152,
      "metric": null
    },
    {
      "code": "incomplete_game_logs",
      "message": "Player has 74 logs across 82 stored team games.",
      "player_id": 153,
      "metric": null
    },
    {
      "code": "incomplete_game_logs",
      "message": "Player has 46 logs across 82 stored team games.",
      "player_id": 154,
      "metric": null
    },
    {
      "code": "incomplete_game_logs",
      "message": "Player has 55 logs across 82 stored team games.",
      "player_id": 155,
      "metric": null
    },
    {
      "code": "incomplete_game_logs",
      "message": "Player has 76 logs across 82 stored team games.",
      "player_id": 158,
      "metric": null
    },
    {
      "code": "minimum_games_not_met",
      "message": "Player has 12 games; 15 are required for benchmarks.",
      "player_id": 159,
      "metric": "points_per_game"
    },
    {
      "code": "minimum_minutes_not_met",
      "message": "Player averages 4.4 minutes; 10.0 are required for benchmarks.",
      "player_id": 159,
      "metric": "points_per_game"
    },
    {
      "code": "minimum_games_not_met",
      "message": "Player has 12 games; 15 are required for benchmarks.",
      "player_id": 159,
      "metric": "rebounds_per_game"
    },
    {
      "code": "minimum_minutes_not_met",
      "message": "Player averages 4.4 minutes; 10.0 are required for benchmarks.",
      "player_id": 159,
      "metric": "rebounds_per_game"
    },
    {
      "code": "minimum_games_not_met",
      "message": "Player has 12 games; 15 are required for benchmarks.",
      "player_id": 159,
      "metric": "assists_per_game"
    },
    {
      "code": "minimum_minutes_not_met",
      "message": "Player averages 4.4 minutes; 10.0 are required for benchmarks.",
      "player_id": 159,
      "metric": "assists_per_game"
    },
    {
      "code": "minimum_games_not_met",
      "message": "Player has 12 games; 15 are required for benchmarks.",
      "player_id": 159,
      "metric": "minutes_per_game"
    },
    {
      "code": "minimum_minutes_not_met",
      "message": "Player averages 4.4 minutes; 10.0 are required for benchmarks.",
      "player_id": 159,
      "metric": "minutes_per_game"
    },
    {
      "code": "minimum_games_not_met",
      "message": "Player has 12 games; 15 are required for benchmarks.",
      "player_id": 159,
      "metric": "plus_minus_per_game"
    },
    {
      "code": "minimum_minutes_not_met",
      "message": "Player averages 4.4 minutes; 10.0 are required for benchmarks.",
      "player_id": 159,
      "metric": "plus_minus_per_game"
    },
    {
      "code": "minimum_games_not_met",
      "message": "Player has 12 games; 15 are required for benchmarks.",
      "player_id": 159,
      "metric": "true_shooting_percentage"
    },
    {
      "code": "minimum_minutes_not_met",
      "message": "Player averages 4.4 minutes; 10.0 are required for benchmarks.",
      "player_id": 159,
      "metric": "true_shooting_percentage"
    },
    {
      "code": "minimum_games_not_met",
      "message": "Player has 12 games; 15 are required for benchmarks.",
      "player_id": 159,
      "metric": "field_goal_percentage"
    },
    {
      "code": "minimum_minutes_not_met",
      "message": "Player averages 4.4 minutes; 10.0 are required for benchmarks.",
      "player_id": 159,
      "metric": "field_goal_percentage"
    },
    {
      "code": "minimum_games_not_met",
      "message": "Player has 12 games; 15 are required for benchmarks.",
      "player_id": 159,
      "metric": "three_point_percentage"
    },
    {
      "code": "minimum_minutes_not_met",
      "message": "Player averages 4.4 minutes; 10.0 are required for benchmarks.",
      "player_id": 159,
      "metric": "three_point_percentage"
    },
    {
      "code": "minimum_games_not_met",
      "message": "Player has 12 games; 15 are required for benchmarks.",
      "player_id": 159,
      "metric": "effective_field_goal_percentage"
    },
    {
      "code": "minimum_minutes_not_met",
      "message": "Player averages 4.4 minutes; 10.0 are required for benchmarks.",
      "player_id": 159,
      "metric": "effective_field_goal_percentage"
    },
    {
      "code": "minimum_games_not_met",
      "message": "Player has 12 games; 15 are required for benchmarks.",
      "player_id": 159,
      "metric": "steals_per_game"
    },
    {
      "code": "minimum_minutes_not_met",
      "message": "Player averages 4.4 minutes; 10.0 are required for benchmarks.",
      "player_id": 159,
      "metric": "steals_per_game"
    },
    {
      "code": "minimum_games_not_met",
      "message": "Player has 12 games; 15 are required for benchmarks.",
      "player_id": 159,
      "metric": "blocks_per_game"
    },
    {
      "code": "minimum_minutes_not_met",
      "message": "Player averages 4.4 minutes; 10.0 are required for benchmarks.",
      "player_id": 159,
      "metric": "blocks_per_game"
    },
    {
      "code": "minimum_games_not_met",
      "message": "Player has 12 games; 15 are required for benchmarks.",
      "player_id": 159,
      "metric": "turnovers_per_game"
    },
    {
      "code": "minimum_minutes_not_met",
      "message": "Player averages 4.4 minutes; 10.0 are required for benchmarks.",
      "player_id": 159,
      "metric": "turnovers_per_game"
    },
    {
      "code": "minimum_games_not_met",
      "message": "Player has 12 games; 15 are required for benchmarks.",
      "player_id": 159,
      "metric": "points_per_36"
    },
    {
      "code": "minimum_minutes_not_met",
      "message": "Player averages 4.4 minutes; 10.0 are required for benchmarks.",
      "player_id": 159,
      "metric": "points_per_36"
    },
    {
      "code": "minimum_games_not_met",
      "message": "Player has 12 games; 15 are required for benchmarks.",
      "player_id": 159,
      "metric": "rebounds_per_36"
    },
    {
      "code": "minimum_minutes_not_met",
      "message": "Player averages 4.4 minutes; 10.0 are required for benchmarks.",
      "player_id": 159,
      "metric": "rebounds_per_36"
    },
    {
      "code": "minimum_games_not_met",
      "message": "Player has 12 games; 15 are required for benchmarks.",
      "player_id": 159,
      "metric": "assists_per_36"
    },
    {
      "code": "minimum_minutes_not_met",
      "message": "Player averages 4.4 minutes; 10.0 are required for benchmarks.",
      "player_id": 159,
      "metric": "assists_per_36"
    },
    {
      "code": "minimum_games_not_met",
      "message": "Player has 12 games; 15 are required for benchmarks.",
      "player_id": 159,
      "metric": "turnovers_per_36"
    },
    {
      "code": "minimum_minutes_not_met",
      "message": "Player averages 4.4 minutes; 10.0 are required for benchmarks.",
      "player_id": 159,
      "metric": "turnovers_per_36"
    },
    {
      "code": "incomplete_game_logs",
      "message": "Player has 12 logs across 82 stored team games.",
      "player_id": 159,
      "metric": null
    },
    {
      "code": "minimum_games_not_met",
      "message": "Player has 10 games; 15 are required for benchmarks.",
      "player_id": 162,
      "metric": "points_per_game"
    },
    {
      "code": "minimum_games_not_met",
      "message": "Player has 10 games; 15 are required for benchmarks.",
      "player_id": 162,
      "metric": "rebounds_per_game"
    },
    {
      "code": "minimum_games_not_met",
      "message": "Player has 10 games; 15 are required for benchmarks.",
      "player_id": 162,
      "metric": "assists_per_game"
    },
    {
      "code": "minimum_games_not_met",
      "message": "Player has 10 games; 15 are required for benchmarks.",
      "player_id": 162,
      "metric": "minutes_per_game"
    },
    {
      "code": "minimum_games_not_met",
      "message": "Player has 10 games; 15 are required for benchmarks.",
      "player_id": 162,
      "metric": "plus_minus_per_game"
    },
    {
      "code": "minimum_games_not_met",
      "message": "Player has 10 games; 15 are required for benchmarks.",
      "player_id": 162,
      "metric": "true_shooting_percentage"
    },
    {
      "code": "minimum_games_not_met",
      "message": "Player has 10 games; 15 are required for benchmarks.",
      "player_id": 162,
      "metric": "field_goal_percentage"
    },
    {
      "code": "minimum_games_not_met",
      "message": "Player has 10 games; 15 are required for benchmarks.",
      "player_id": 162,
      "metric": "three_point_percentage"
    },
    {
      "code": "minimum_games_not_met",
      "message": "Player has 10 games; 15 are required for benchmarks.",
      "player_id": 162,
      "metric": "effective_field_goal_percentage"
    },
    {
      "code": "minimum_games_not_met",
      "message": "Player has 10 games; 15 are required for benchmarks.",
      "player_id": 162,
      "metric": "steals_per_game"
    },
    {
      "code": "minimum_games_not_met",
      "message": "Player has 10 games; 15 are required for benchmarks.",
      "player_id": 162,
      "metric": "blocks_per_game"
    },
    {
      "code": "minimum_games_not_met",
      "message": "Player has 10 games; 15 are required for benchmarks.",
      "player_id": 162,
      "metric": "turnovers_per_game"
    },
    {
      "code": "minimum_games_not_met",
      "message": "Player has 10 games; 15 are required for benchmarks.",
      "player_id": 162,
      "metric": "points_per_36"
    },
    {
      "code": "minimum_games_not_met",
      "message": "Player has 10 games; 15 are required for benchmarks.",
      "player_id": 162,
      "metric": "rebounds_per_36"
    },
    {
      "code": "minimum_games_not_met",
      "message": "Player has 10 games; 15 are required for benchmarks.",
      "player_id": 162,
      "metric": "assists_per_36"
    },
    {
      "code": "minimum_games_not_met",
      "message": "Player has 10 games; 15 are required for benchmarks.",
      "player_id": 162,
      "metric": "turnovers_per_36"
    },
    {
      "code": "incomplete_game_logs",
      "message": "Player has 10 logs across 82 stored team games.",
      "player_id": 162,
      "metric": null
    },
    {
      "code": "minimum_games_not_met",
      "message": "Player has 6 games; 15 are required for benchmarks.",
      "player_id": 163,
      "metric": "points_per_game"
    },
    {
      "code": "minimum_minutes_not_met",
      "message": "Player averages 4.0 minutes; 10.0 are required for benchmarks.",
      "player_id": 163,
      "metric": "points_per_game"
    },
    {
      "code": "minimum_games_not_met",
      "message": "Player has 6 games; 15 are required for benchmarks.",
      "player_id": 163,
      "metric": "rebounds_per_game"
    },
    {
      "code": "minimum_minutes_not_met",
      "message": "Player averages 4.0 minutes; 10.0 are required for benchmarks.",
      "player_id": 163,
      "metric": "rebounds_per_game"
    },
    {
      "code": "minimum_games_not_met",
      "message": "Player has 6 games; 15 are required for benchmarks.",
      "player_id": 163,
      "metric": "assists_per_game"
    },
    {
      "code": "minimum_minutes_not_met",
      "message": "Player averages 4.0 minutes; 10.0 are required for benchmarks.",
      "player_id": 163,
      "metric": "assists_per_game"
    },
    {
      "code": "minimum_games_not_met",
      "message": "Player has 6 games; 15 are required for benchmarks.",
      "player_id": 163,
      "metric": "minutes_per_game"
    },
    {
      "code": "minimum_minutes_not_met",
      "message": "Player averages 4.0 minutes; 10.0 are required for benchmarks.",
      "player_id": 163,
      "metric": "minutes_per_game"
    },
    {
      "code": "minimum_games_not_met",
      "message": "Player has 6 games; 15 are required for benchmarks.",
      "player_id": 163,
      "metric": "plus_minus_per_game"
    },
    {
      "code": "minimum_minutes_not_met",
      "message": "Player averages 4.0 minutes; 10.0 are required for benchmarks.",
      "player_id": 163,
      "metric": "plus_minus_per_game"
    },
    {
      "code": "minimum_games_not_met",
      "message": "Player has 6 games; 15 are required for benchmarks.",
      "player_id": 163,
      "metric": "true_shooting_percentage"
    },
    {
      "code": "minimum_minutes_not_met",
      "message": "Player averages 4.0 minutes; 10.0 are required for benchmarks.",
      "player_id": 163,
      "metric": "true_shooting_percentage"
    },
    {
      "code": "minimum_games_not_met",
      "message": "Player has 6 games; 15 are required for benchmarks.",
      "player_id": 163,
      "metric": "field_goal_percentage"
    },
    {
      "code": "minimum_minutes_not_met",
      "message": "Player averages 4.0 minutes; 10.0 are required for benchmarks.",
      "player_id": 163,
      "metric": "field_goal_percentage"
    },
    {
      "code": "minimum_games_not_met",
      "message": "Player has 6 games; 15 are required for benchmarks.",
      "player_id": 163,
      "metric": "three_point_percentage"
    },
    {
      "code": "minimum_minutes_not_met",
      "message": "Player averages 4.0 minutes; 10.0 are required for benchmarks.",
      "player_id": 163,
      "metric": "three_point_percentage"
    },
    {
      "code": "minimum_games_not_met",
      "message": "Player has 6 games; 15 are required for benchmarks.",
      "player_id": 163,
      "metric": "effective_field_goal_percentage"
    },
    {
      "code": "minimum_minutes_not_met",
      "message": "Player averages 4.0 minutes; 10.0 are required for benchmarks.",
      "player_id": 163,
      "metric": "effective_field_goal_percentage"
    },
    {
      "code": "minimum_games_not_met",
      "message": "Player has 6 games; 15 are required for benchmarks.",
      "player_id": 163,
      "metric": "steals_per_game"
    },
    {
      "code": "minimum_minutes_not_met",
      "message": "Player averages 4.0 minutes; 10.0 are required for benchmarks.",
      "player_id": 163,
      "metric": "steals_per_game"
    },
    {
      "code": "minimum_games_not_met",
      "message": "Player has 6 games; 15 are required for benchmarks.",
      "player_id": 163,
      "metric": "blocks_per_game"
    },
    {
      "code": "minimum_minutes_not_met",
      "message": "Player averages 4.0 minutes; 10.0 are required for benchmarks.",
      "player_id": 163,
      "metric": "blocks_per_game"
    },
    {
      "code": "minimum_games_not_met",
      "message": "Player has 6 games; 15 are required for benchmarks.",
      "player_id": 163,
      "metric": "turnovers_per_game"
    },
    {
      "code": "minimum_minutes_not_met",
      "message": "Player averages 4.0 minutes; 10.0 are required for benchmarks.",
      "player_id": 163,
      "metric": "turnovers_per_game"
    },
    {
      "code": "minimum_games_not_met",
      "message": "Player has 6 games; 15 are required for benchmarks.",
      "player_id": 163,
      "metric": "points_per_36"
    },
    {
      "code": "minimum_minutes_not_met",
      "message": "Player averages 4.0 minutes; 10.0 are required for benchmarks.",
      "player_id": 163,
      "metric": "points_per_36"
    },
    {
      "code": "minimum_games_not_met",
      "message": "Player has 6 games; 15 are required for benchmarks.",
      "player_id": 163,
      "metric": "rebounds_per_36"
    },
    {
      "code": "minimum_minutes_not_met",
      "message": "Player averages 4.0 minutes; 10.0 are required for benchmarks.",
      "player_id": 163,
      "metric": "rebounds_per_36"
    },
    {
      "code": "minimum_games_not_met",
      "message": "Player has 6 games; 15 are required for benchmarks.",
      "player_id": 163,
      "metric": "assists_per_36"
    },
    {
      "code": "minimum_minutes_not_met",
      "message": "Player averages 4.0 minutes; 10.0 are required for benchmarks.",
      "player_id": 163,
      "metric": "assists_per_36"
    },
    {
      "code": "minimum_games_not_met",
      "message": "Player has 6 games; 15 are required for benchmarks.",
      "player_id": 163,
      "metric": "turnovers_per_36"
    },
    {
      "code": "minimum_minutes_not_met",
      "message": "Player averages 4.0 minutes; 10.0 are required for benchmarks.",
      "player_id": 163,
      "metric": "turnovers_per_36"
    },
    {
      "code": "trend_small_sample",
      "message": "At least 10 games are required to compare recent five games to previous five.",
      "player_id": 163,
      "metric": null
    },
    {
      "code": "incomplete_game_logs",
      "message": "Player has 6 logs across 82 stored team games.",
      "player_id": 163,
      "metric": null
    },
    {
      "code": "minimum_minutes_not_met",
      "message": "Player averages 8.2 minutes; 10.0 are required for benchmarks.",
      "player_id": 164,
      "metric": "points_per_game"
    },
    {
      "code": "minimum_minutes_not_met",
      "message": "Player averages 8.2 minutes; 10.0 are required for benchmarks.",
      "player_id": 164,
      "metric": "rebounds_per_game"
    },
    {
      "code": "minimum_minutes_not_met",
      "message": "Player averages 8.2 minutes; 10.0 are required for benchmarks.",
      "player_id": 164,
      "metric": "assists_per_game"
    },
    {
      "code": "minimum_minutes_not_met",
      "message": "Player averages 8.2 minutes; 10.0 are required for benchmarks.",
      "player_id": 164,
      "metric": "minutes_per_game"
    },
    {
      "code": "minimum_minutes_not_met",
      "message": "Player averages 8.2 minutes; 10.0 are required for benchmarks.",
      "player_id": 164,
      "metric": "plus_minus_per_game"
    },
    {
      "code": "minimum_minutes_not_met",
      "message": "Player averages 8.2 minutes; 10.0 are required for benchmarks.",
      "player_id": 164,
      "metric": "true_shooting_percentage"
    },
    {
      "code": "minimum_minutes_not_met",
      "message": "Player averages 8.2 minutes; 10.0 are required for benchmarks.",
      "player_id": 164,
      "metric": "field_goal_percentage"
    },
    {
      "code": "minimum_minutes_not_met",
      "message": "Player averages 8.2 minutes; 10.0 are required for benchmarks.",
      "player_id": 164,
      "metric": "three_point_percentage"
    },
    {
      "code": "minimum_minutes_not_met",
      "message": "Player averages 8.2 minutes; 10.0 are required for benchmarks.",
      "player_id": 164,
      "metric": "effective_field_goal_percentage"
    },
    {
      "code": "minimum_minutes_not_met",
      "message": "Player averages 8.2 minutes; 10.0 are required for benchmarks.",
      "player_id": 164,
      "metric": "steals_per_game"
    },
    {
      "code": "minimum_minutes_not_met",
      "message": "Player averages 8.2 minutes; 10.0 are required for benchmarks.",
      "player_id": 164,
      "metric": "blocks_per_game"
    },
    {
      "code": "minimum_minutes_not_met",
      "message": "Player averages 8.2 minutes; 10.0 are required for benchmarks.",
      "player_id": 164,
      "metric": "turnovers_per_game"
    },
    {
      "code": "minimum_minutes_not_met",
      "message": "Player averages 8.2 minutes; 10.0 are required for benchmarks.",
      "player_id": 164,
      "metric": "points_per_36"
    },
    {
      "code": "minimum_minutes_not_met",
      "message": "Player averages 8.2 minutes; 10.0 are required for benchmarks.",
      "player_id": 164,
      "metric": "rebounds_per_36"
    },
    {
      "code": "minimum_minutes_not_met",
      "message": "Player averages 8.2 minutes; 10.0 are required for benchmarks.",
      "player_id": 164,
      "metric": "assists_per_36"
    },
    {
      "code": "minimum_minutes_not_met",
      "message": "Player averages 8.2 minutes; 10.0 are required for benchmarks.",
      "player_id": 164,
      "metric": "turnovers_per_36"
    },
    {
      "code": "incomplete_game_logs",
      "message": "Player has 22 logs across 82 stored team games.",
      "player_id": 164,
      "metric": null
    },
    {
      "code": "incomplete_game_logs",
      "message": "Player has 39 logs across 82 stored team games.",
      "player_id": 165,
      "metric": null
    },
    {
      "code": "incomplete_game_logs",
      "message": "Player has 71 logs across 82 stored team games.",
      "player_id": 166,
      "metric": null
    },
    {
      "code": "incomplete_game_logs",
      "message": "Player has 60 logs across 82 stored team games.",
      "player_id": 167,
      "metric": null
    },
    {
      "code": "incomplete_game_logs",
      "message": "Player has 60 logs across 82 stored team games.",
      "player_id": 168,
      "metric": null
    },
    {
      "code": "incomplete_game_logs",
      "message": "Player has 29 logs across 82 stored team games.",
      "player_id": 169,
      "metric": null
    },
    {
      "code": "incomplete_game_logs",
      "message": "Player has 72 logs across 82 stored team games.",
      "player_id": 170,
      "metric": null
    },
    {
      "code": "minimum_minutes_not_met",
      "message": "Player averages 8.1 minutes; 10.0 are required for benchmarks.",
      "player_id": 171,
      "metric": "points_per_game"
    },
    {
      "code": "minimum_minutes_not_met",
      "message": "Player averages 8.1 minutes; 10.0 are required for benchmarks.",
      "player_id": 171,
      "metric": "rebounds_per_game"
    },
    {
      "code": "minimum_minutes_not_met",
      "message": "Player averages 8.1 minutes; 10.0 are required for benchmarks.",
      "player_id": 171,
      "metric": "assists_per_game"
    },
    {
      "code": "minimum_minutes_not_met",
      "message": "Player averages 8.1 minutes; 10.0 are required for benchmarks.",
      "player_id": 171,
      "metric": "minutes_per_game"
    },
    {
      "code": "minimum_minutes_not_met",
      "message": "Player averages 8.1 minutes; 10.0 are required for benchmarks.",
      "player_id": 171,
      "metric": "plus_minus_per_game"
    },
    {
      "code": "minimum_minutes_not_met",
      "message": "Player averages 8.1 minutes; 10.0 are required for benchmarks.",
      "player_id": 171,
      "metric": "true_shooting_percentage"
    },
    {
      "code": "minimum_minutes_not_met",
      "message": "Player averages 8.1 minutes; 10.0 are required for benchmarks.",
      "player_id": 171,
      "metric": "field_goal_percentage"
    },
    {
      "code": "minimum_minutes_not_met",
      "message": "Player averages 8.1 minutes; 10.0 are required for benchmarks.",
      "player_id": 171,
      "metric": "three_point_percentage"
    },
    {
      "code": "minimum_minutes_not_met",
      "message": "Player averages 8.1 minutes; 10.0 are required for benchmarks.",
      "player_id": 171,
      "metric": "effective_field_goal_percentage"
    },
    {
      "code": "minimum_minutes_not_met",
      "message": "Player averages 8.1 minutes; 10.0 are required for benchmarks.",
      "player_id": 171,
      "metric": "steals_per_game"
    },
    {
      "code": "minimum_minutes_not_met",
      "message": "Player averages 8.1 minutes; 10.0 are required for benchmarks.",
      "player_id": 171,
      "metric": "blocks_per_game"
    },
    {
      "code": "minimum_minutes_not_met",
      "message": "Player averages 8.1 minutes; 10.0 are required for benchmarks.",
      "player_id": 171,
      "metric": "turnovers_per_game"
    },
    {
      "code": "minimum_minutes_not_met",
      "message": "Player averages 8.1 minutes; 10.0 are required for benchmarks.",
      "player_id": 171,
      "metric": "points_per_36"
    },
    {
      "code": "minimum_minutes_not_met",
      "message": "Player averages 8.1 minutes; 10.0 are required for benchmarks.",
      "player_id": 171,
      "metric": "rebounds_per_36"
    },
    {
      "code": "minimum_minutes_not_met",
      "message": "Player averages 8.1 minutes; 10.0 are required for benchmarks.",
      "player_id": 171,
      "metric": "assists_per_36"
    },
    {
      "code": "minimum_minutes_not_met",
      "message": "Player averages 8.1 minutes; 10.0 are required for benchmarks.",
      "player_id": 171,
      "metric": "turnovers_per_36"
    },
    {
      "code": "incomplete_game_logs",
      "message": "Player has 28 logs across 82 stored team games.",
      "player_id": 171,
      "metric": null
    },
    {
      "code": "incomplete_game_logs",
      "message": "Player has 48 logs across 82 stored team games.",
      "player_id": 172,
      "metric": null
    },
    {
      "code": "incomplete_game_logs",
      "message": "Player has 62 logs across 82 stored team games.",
      "player_id": 173,
      "metric": null
    },
    {
      "code": "incomplete_game_logs",
      "message": "Player has 74 logs across 82 stored team games.",
      "player_id": 174,
      "metric": null
    },
    {
      "code": "traded_mid_season",
      "message": "Player represented multiple teams.",
      "player_id": 175,
      "metric": null
    },
    {
      "code": "incomplete_game_logs",
      "message": "Player has 79 logs across 82 stored team games.",
      "player_id": 175,
      "metric": null
    },
    {
      "code": "incomplete_game_logs",
      "message": "Player has 67 logs across 82 stored team games.",
      "player_id": 176,
      "metric": null
    },
    {
      "code": "incomplete_game_logs",
      "message": "Player has 70 logs across 82 stored team games.",
      "player_id": 177,
      "metric": null
    },
    {
      "code": "incomplete_game_logs",
      "message": "Player has 54 logs across 82 stored team games.",
      "player_id": 178,
      "metric": null
    },
    {
      "code": "incomplete_game_logs",
      "message": "Player has 16 logs across 82 stored team games.",
      "player_id": 179,
      "metric": null
    },
    {
      "code": "incomplete_game_logs",
      "message": "Player has 64 logs across 82 stored team games.",
      "player_id": 180,
      "metric": null
    },
    {
      "code": "incomplete_game_logs",
      "message": "Player has 70 logs across 82 stored team games.",
      "player_id": 181,
      "metric": null
    },
    {
      "code": "incomplete_game_logs",
      "message": "Player has 56 logs across 82 stored team games.",
      "player_id": 182,
      "metric": null
    },
    {
      "code": "minimum_games_not_met",
      "message": "Player has 5 games; 15 are required for benchmarks.",
      "player_id": 184,
      "metric": "points_per_game"
    },
    {
      "code": "minimum_minutes_not_met",
      "message": "Player averages 7.0 minutes; 10.0 are required for benchmarks.",
      "player_id": 184,
      "metric": "points_per_game"
    },
    {
      "code": "minimum_games_not_met",
      "message": "Player has 5 games; 15 are required for benchmarks.",
      "player_id": 184,
      "metric": "rebounds_per_game"
    },
    {
      "code": "minimum_minutes_not_met",
      "message": "Player averages 7.0 minutes; 10.0 are required for benchmarks.",
      "player_id": 184,
      "metric": "rebounds_per_game"
    },
    {
      "code": "minimum_games_not_met",
      "message": "Player has 5 games; 15 are required for benchmarks.",
      "player_id": 184,
      "metric": "assists_per_game"
    },
    {
      "code": "minimum_minutes_not_met",
      "message": "Player averages 7.0 minutes; 10.0 are required for benchmarks.",
      "player_id": 184,
      "metric": "assists_per_game"
    },
    {
      "code": "minimum_games_not_met",
      "message": "Player has 5 games; 15 are required for benchmarks.",
      "player_id": 184,
      "metric": "minutes_per_game"
    },
    {
      "code": "minimum_minutes_not_met",
      "message": "Player averages 7.0 minutes; 10.0 are required for benchmarks.",
      "player_id": 184,
      "metric": "minutes_per_game"
    },
    {
      "code": "minimum_games_not_met",
      "message": "Player has 5 games; 15 are required for benchmarks.",
      "player_id": 184,
      "metric": "plus_minus_per_game"
    },
    {
      "code": "minimum_minutes_not_met",
      "message": "Player averages 7.0 minutes; 10.0 are required for benchmarks.",
      "player_id": 184,
      "metric": "plus_minus_per_game"
    },
    {
      "code": "minimum_games_not_met",
      "message": "Player has 5 games; 15 are required for benchmarks.",
      "player_id": 184,
      "metric": "true_shooting_percentage"
    },
    {
      "code": "minimum_minutes_not_met",
      "message": "Player averages 7.0 minutes; 10.0 are required for benchmarks.",
      "player_id": 184,
      "metric": "true_shooting_percentage"
    },
    {
      "code": "minimum_games_not_met",
      "message": "Player has 5 games; 15 are required for benchmarks.",
      "player_id": 184,
      "metric": "field_goal_percentage"
    },
    {
      "code": "minimum_minutes_not_met",
      "message": "Player averages 7.0 minutes; 10.0 are required for benchmarks.",
      "player_id": 184,
      "metric": "field_goal_percentage"
    },
    {
      "code": "minimum_games_not_met",
      "message": "Player has 5 games; 15 are required for benchmarks.",
      "player_id": 184,
      "metric": "three_point_percentage"
    },
    {
      "code": "minimum_minutes_not_met",
      "message": "Player averages 7.0 minutes; 10.0 are required for benchmarks.",
      "player_id": 184,
      "metric": "three_point_percentage"
    },
    {
      "code": "minimum_games_not_met",
      "message": "Player has 5 games; 15 are required for benchmarks.",
      "player_id": 184,
      "metric": "effective_field_goal_percentage"
    },
    {
      "code": "minimum_minutes_not_met",
      "message": "Player averages 7.0 minutes; 10.0 are required for benchmarks.",
      "player_id": 184,
      "metric": "effective_field_goal_percentage"
    },
    {
      "code": "minimum_games_not_met",
      "message": "Player has 5 games; 15 are required for benchmarks.",
      "player_id": 184,
      "metric": "steals_per_game"
    },
    {
      "code": "minimum_minutes_not_met",
      "message": "Player averages 7.0 minutes; 10.0 are required for benchmarks.",
      "player_id": 184,
      "metric": "steals_per_game"
    },
    {
      "code": "minimum_games_not_met",
      "message": "Player has 5 games; 15 are required for benchmarks.",
      "player_id": 184,
      "metric": "blocks_per_game"
    },
    {
      "code": "minimum_minutes_not_met",
      "message": "Player averages 7.0 minutes; 10.0 are required for benchmarks.",
      "player_id": 184,
      "metric": "blocks_per_game"
    },
    {
      "code": "minimum_games_not_met",
      "message": "Player has 5 games; 15 are required for benchmarks.",
      "player_id": 184,
      "metric": "turnovers_per_game"
    },
    {
      "code": "minimum_minutes_not_met",
      "message": "Player averages 7.0 minutes; 10.0 are required for benchmarks.",
      "player_id": 184,
      "metric": "turnovers_per_game"
    },
    {
      "code": "minimum_games_not_met",
      "message": "Player has 5 games; 15 are required for benchmarks.",
      "player_id": 184,
      "metric": "points_per_36"
    },
    {
      "code": "minimum_minutes_not_met",
      "message": "Player averages 7.0 minutes; 10.0 are required for benchmarks.",
      "player_id": 184,
      "metric": "points_per_36"
    },
    {
      "code": "minimum_games_not_met",
      "message": "Player has 5 games; 15 are required for benchmarks.",
      "player_id": 184,
      "metric": "rebounds_per_36"
    },
    {
      "code": "minimum_minutes_not_met",
      "message": "Player averages 7.0 minutes; 10.0 are required for benchmarks.",
      "player_id": 184,
      "metric": "rebounds_per_36"
    },
    {
      "code": "minimum_games_not_met",
      "message": "Player has 5 games; 15 are required for benchmarks.",
      "player_id": 184,
      "metric": "assists_per_36"
    },
    {
      "code": "minimum_minutes_not_met",
      "message": "Player averages 7.0 minutes; 10.0 are required for benchmarks.",
      "player_id": 184,
      "metric": "assists_per_36"
    },
    {
      "code": "minimum_games_not_met",
      "message": "Player has 5 games; 15 are required for benchmarks.",
      "player_id": 184,
      "metric": "turnovers_per_36"
    },
    {
      "code": "minimum_minutes_not_met",
      "message": "Player averages 7.0 minutes; 10.0 are required for benchmarks.",
      "player_id": 184,
      "metric": "turnovers_per_36"
    },
    {
      "code": "trend_small_sample",
      "message": "At least 10 games are required to compare recent five games to previous five.",
      "player_id": 184,
      "metric": null
    },
    {
      "code": "incomplete_game_logs",
      "message": "Player has 5 logs across 82 stored team games.",
      "player_id": 184,
      "metric": null
    },
    {
      "code": "incomplete_game_logs",
      "message": "Player has 74 logs across 82 stored team games.",
      "player_id": 185,
      "metric": null
    },
    {
      "code": "incomplete_game_logs",
      "message": "Player has 20 logs across 82 stored team games.",
      "player_id": 186,
      "metric": null
    },
    {
      "code": "minimum_minutes_not_met",
      "message": "Player averages 7.8 minutes; 10.0 are required for benchmarks.",
      "player_id": 190,
      "metric": "points_per_game"
    },
    {
      "code": "minimum_minutes_not_met",
      "message": "Player averages 7.8 minutes; 10.0 are required for benchmarks.",
      "player_id": 190,
      "metric": "rebounds_per_game"
    },
    {
      "code": "minimum_minutes_not_met",
      "message": "Player averages 7.8 minutes; 10.0 are required for benchmarks.",
      "player_id": 190,
      "metric": "assists_per_game"
    },
    {
      "code": "minimum_minutes_not_met",
      "message": "Player averages 7.8 minutes; 10.0 are required for benchmarks.",
      "player_id": 190,
      "metric": "minutes_per_game"
    },
    {
      "code": "minimum_minutes_not_met",
      "message": "Player averages 7.8 minutes; 10.0 are required for benchmarks.",
      "player_id": 190,
      "metric": "plus_minus_per_game"
    },
    {
      "code": "minimum_minutes_not_met",
      "message": "Player averages 7.8 minutes; 10.0 are required for benchmarks.",
      "player_id": 190,
      "metric": "true_shooting_percentage"
    },
    {
      "code": "minimum_minutes_not_met",
      "message": "Player averages 7.8 minutes; 10.0 are required for benchmarks.",
      "player_id": 190,
      "metric": "field_goal_percentage"
    },
    {
      "code": "minimum_minutes_not_met",
      "message": "Player averages 7.8 minutes; 10.0 are required for benchmarks.",
      "player_id": 190,
      "metric": "three_point_percentage"
    },
    {
      "code": "minimum_minutes_not_met",
      "message": "Player averages 7.8 minutes; 10.0 are required for benchmarks.",
      "player_id": 190,
      "metric": "effective_field_goal_percentage"
    },
    {
      "code": "minimum_minutes_not_met",
      "message": "Player averages 7.8 minutes; 10.0 are required for benchmarks.",
      "player_id": 190,
      "metric": "steals_per_game"
    },
    {
      "code": "minimum_minutes_not_met",
      "message": "Player averages 7.8 minutes; 10.0 are required for benchmarks.",
      "player_id": 190,
      "metric": "blocks_per_game"
    },
    {
      "code": "minimum_minutes_not_met",
      "message": "Player averages 7.8 minutes; 10.0 are required for benchmarks.",
      "player_id": 190,
      "metric": "turnovers_per_game"
    },
    {
      "code": "minimum_minutes_not_met",
      "message": "Player averages 7.8 minutes; 10.0 are required for benchmarks.",
      "player_id": 190,
      "metric": "points_per_36"
    },
    {
      "code": "minimum_minutes_not_met",
      "message": "Player averages 7.8 minutes; 10.0 are required for benchmarks.",
      "player_id": 190,
      "metric": "rebounds_per_36"
    },
    {
      "code": "minimum_minutes_not_met",
      "message": "Player averages 7.8 minutes; 10.0 are required for benchmarks.",
      "player_id": 190,
      "metric": "assists_per_36"
    },
    {
      "code": "minimum_minutes_not_met",
      "message": "Player averages 7.8 minutes; 10.0 are required for benchmarks.",
      "player_id": 190,
      "metric": "turnovers_per_36"
    },
    {
      "code": "incomplete_game_logs",
      "message": "Player has 51 logs across 82 stored team games.",
      "player_id": 190,
      "metric": null
    },
    {
      "code": "incomplete_game_logs",
      "message": "Player has 33 logs across 82 stored team games.",
      "player_id": 191,
      "metric": null
    },
    {
      "code": "minimum_minutes_not_met",
      "message": "Player averages 7.6 minutes; 10.0 are required for benchmarks.",
      "player_id": 192,
      "metric": "points_per_game"
    },
    {
      "code": "minimum_minutes_not_met",
      "message": "Player averages 7.6 minutes; 10.0 are required for benchmarks.",
      "player_id": 192,
      "metric": "rebounds_per_game"
    },
    {
      "code": "minimum_minutes_not_met",
      "message": "Player averages 7.6 minutes; 10.0 are required for benchmarks.",
      "player_id": 192,
      "metric": "assists_per_game"
    },
    {
      "code": "minimum_minutes_not_met",
      "message": "Player averages 7.6 minutes; 10.0 are required for benchmarks.",
      "player_id": 192,
      "metric": "minutes_per_game"
    },
    {
      "code": "minimum_minutes_not_met",
      "message": "Player averages 7.6 minutes; 10.0 are required for benchmarks.",
      "player_id": 192,
      "metric": "plus_minus_per_game"
    },
    {
      "code": "minimum_minutes_not_met",
      "message": "Player averages 7.6 minutes; 10.0 are required for benchmarks.",
      "player_id": 192,
      "metric": "true_shooting_percentage"
    },
    {
      "code": "minimum_minutes_not_met",
      "message": "Player averages 7.6 minutes; 10.0 are required for benchmarks.",
      "player_id": 192,
      "metric": "field_goal_percentage"
    },
    {
      "code": "minimum_minutes_not_met",
      "message": "Player averages 7.6 minutes; 10.0 are required for benchmarks.",
      "player_id": 192,
      "metric": "three_point_percentage"
    },
    {
      "code": "minimum_minutes_not_met",
      "message": "Player averages 7.6 minutes; 10.0 are required for benchmarks.",
      "player_id": 192,
      "metric": "effective_field_goal_percentage"
    },
    {
      "code": "minimum_minutes_not_met",
      "message": "Player averages 7.6 minutes; 10.0 are required for benchmarks.",
      "player_id": 192,
      "metric": "steals_per_game"
    },
    {
      "code": "minimum_minutes_not_met",
      "message": "Player averages 7.6 minutes; 10.0 are required for benchmarks.",
      "player_id": 192,
      "metric": "blocks_per_game"
    },
    {
      "code": "minimum_minutes_not_met",
      "message": "Player averages 7.6 minutes; 10.0 are required for benchmarks.",
      "player_id": 192,
      "metric": "turnovers_per_game"
    },
    {
      "code": "minimum_minutes_not_met",
      "message": "Player averages 7.6 minutes; 10.0 are required for benchmarks.",
      "player_id": 192,
      "metric": "points_per_36"
    },
    {
      "code": "minimum_minutes_not_met",
      "message": "Player averages 7.6 minutes; 10.0 are required for benchmarks.",
      "player_id": 192,
      "metric": "rebounds_per_36"
    },
    {
      "code": "minimum_minutes_not_met",
      "message": "Player averages 7.6 minutes; 10.0 are required for benchmarks.",
      "player_id": 192,
      "metric": "assists_per_36"
    },
    {
      "code": "minimum_minutes_not_met",
      "message": "Player averages 7.6 minutes; 10.0 are required for benchmarks.",
      "player_id": 192,
      "metric": "turnovers_per_36"
    },
    {
      "code": "incomplete_game_logs",
      "message": "Player has 40 logs across 82 stored team games.",
      "player_id": 192,
      "metric": null
    },
    {
      "code": "incomplete_game_logs",
      "message": "Player has 55 logs across 82 stored team games.",
      "player_id": 193,
      "metric": null
    },
    {
      "code": "incomplete_game_logs",
      "message": "Player has 71 logs across 82 stored team games.",
      "player_id": 194,
      "metric": null
    },
    {
      "code": "minimum_minutes_not_met",
      "message": "Player averages 3.1 minutes; 10.0 are required for benchmarks.",
      "player_id": 195,
      "metric": "points_per_game"
    },
    {
      "code": "minimum_minutes_not_met",
      "message": "Player averages 3.1 minutes; 10.0 are required for benchmarks.",
      "player_id": 195,
      "metric": "rebounds_per_game"
    },
    {
      "code": "minimum_minutes_not_met",
      "message": "Player averages 3.1 minutes; 10.0 are required for benchmarks.",
      "player_id": 195,
      "metric": "assists_per_game"
    },
    {
      "code": "minimum_minutes_not_met",
      "message": "Player averages 3.1 minutes; 10.0 are required for benchmarks.",
      "player_id": 195,
      "metric": "minutes_per_game"
    },
    {
      "code": "minimum_minutes_not_met",
      "message": "Player averages 3.1 minutes; 10.0 are required for benchmarks.",
      "player_id": 195,
      "metric": "plus_minus_per_game"
    },
    {
      "code": "minimum_minutes_not_met",
      "message": "Player averages 3.1 minutes; 10.0 are required for benchmarks.",
      "player_id": 195,
      "metric": "true_shooting_percentage"
    },
    {
      "code": "minimum_minutes_not_met",
      "message": "Player averages 3.1 minutes; 10.0 are required for benchmarks.",
      "player_id": 195,
      "metric": "field_goal_percentage"
    },
    {
      "code": "minimum_minutes_not_met",
      "message": "Player averages 3.1 minutes; 10.0 are required for benchmarks.",
      "player_id": 195,
      "metric": "three_point_percentage"
    },
    {
      "code": "minimum_minutes_not_met",
      "message": "Player averages 3.1 minutes; 10.0 are required for benchmarks.",
      "player_id": 195,
      "metric": "effective_field_goal_percentage"
    },
    {
      "code": "minimum_minutes_not_met",
      "message": "Player averages 3.1 minutes; 10.0 are required for benchmarks.",
      "player_id": 195,
      "metric": "steals_per_game"
    },
    {
      "code": "minimum_minutes_not_met",
      "message": "Player averages 3.1 minutes; 10.0 are required for benchmarks.",
      "player_id": 195,
      "metric": "blocks_per_game"
    },
    {
      "code": "minimum_minutes_not_met",
      "message": "Player averages 3.1 minutes; 10.0 are required for benchmarks.",
      "player_id": 195,
      "metric": "turnovers_per_game"
    },
    {
      "code": "minimum_minutes_not_met",
      "message": "Player averages 3.1 minutes; 10.0 are required for benchmarks.",
      "player_id": 195,
      "metric": "points_per_36"
    },
    {
      "code": "minimum_minutes_not_met",
      "message": "Player averages 3.1 minutes; 10.0 are required for benchmarks.",
      "player_id": 195,
      "metric": "rebounds_per_36"
    },
    {
      "code": "minimum_minutes_not_met",
      "message": "Player averages 3.1 minutes; 10.0 are required for benchmarks.",
      "player_id": 195,
      "metric": "assists_per_36"
    },
    {
      "code": "minimum_minutes_not_met",
      "message": "Player averages 3.1 minutes; 10.0 are required for benchmarks.",
      "player_id": 195,
      "metric": "turnovers_per_36"
    },
    {
      "code": "incomplete_game_logs",
      "message": "Player has 15 logs across 82 stored team games.",
      "player_id": 195,
      "metric": null
    },
    {
      "code": "incomplete_game_logs",
      "message": "Player has 57 logs across 82 stored team games.",
      "player_id": 196,
      "metric": null
    },
    {
      "code": "minimum_games_not_met",
      "message": "Player has 5 games; 15 are required for benchmarks.",
      "player_id": 197,
      "metric": "points_per_game"
    },
    {
      "code": "minimum_games_not_met",
      "message": "Player has 5 games; 15 are required for benchmarks.",
      "player_id": 197,
      "metric": "rebounds_per_game"
    },
    {
      "code": "minimum_games_not_met",
      "message": "Player has 5 games; 15 are required for benchmarks.",
      "player_id": 197,
      "metric": "assists_per_game"
    },
    {
      "code": "minimum_games_not_met",
      "message": "Player has 5 games; 15 are required for benchmarks.",
      "player_id": 197,
      "metric": "minutes_per_game"
    },
    {
      "code": "minimum_games_not_met",
      "message": "Player has 5 games; 15 are required for benchmarks.",
      "player_id": 197,
      "metric": "plus_minus_per_game"
    },
    {
      "code": "minimum_games_not_met",
      "message": "Player has 5 games; 15 are required for benchmarks.",
      "player_id": 197,
      "metric": "true_shooting_percentage"
    },
    {
      "code": "minimum_games_not_met",
      "message": "Player has 5 games; 15 are required for benchmarks.",
      "player_id": 197,
      "metric": "field_goal_percentage"
    },
    {
      "code": "minimum_games_not_met",
      "message": "Player has 5 games; 15 are required for benchmarks.",
      "player_id": 197,
      "metric": "three_point_percentage"
    },
    {
      "code": "minimum_games_not_met",
      "message": "Player has 5 games; 15 are required for benchmarks.",
      "player_id": 197,
      "metric": "effective_field_goal_percentage"
    },
    {
      "code": "minimum_games_not_met",
      "message": "Player has 5 games; 15 are required for benchmarks.",
      "player_id": 197,
      "metric": "steals_per_game"
    },
    {
      "code": "minimum_games_not_met",
      "message": "Player has 5 games; 15 are required for benchmarks.",
      "player_id": 197,
      "metric": "blocks_per_game"
    },
    {
      "code": "minimum_games_not_met",
      "message": "Player has 5 games; 15 are required for benchmarks.",
      "player_id": 197,
      "metric": "turnovers_per_game"
    },
    {
      "code": "minimum_games_not_met",
      "message": "Player has 5 games; 15 are required for benchmarks.",
      "player_id": 197,
      "metric": "points_per_36"
    },
    {
      "code": "minimum_games_not_met",
      "message": "Player has 5 games; 15 are required for benchmarks.",
      "player_id": 197,
      "metric": "rebounds_per_36"
    },
    {
      "code": "minimum_games_not_met",
      "message": "Player has 5 games; 15 are required for benchmarks.",
      "player_id": 197,
      "metric": "assists_per_36"
    },
    {
      "code": "minimum_games_not_met",
      "message": "Player has 5 games; 15 are required for benchmarks.",
      "player_id": 197,
      "metric": "turnovers_per_36"
    },
    {
      "code": "trend_small_sample",
      "message": "At least 10 games are required to compare recent five games to previous five.",
      "player_id": 197,
      "metric": null
    },
    {
      "code": "incomplete_game_logs",
      "message": "Player has 5 logs across 82 stored team games.",
      "player_id": 197,
      "metric": null
    },
    {
      "code": "incomplete_game_logs",
      "message": "Player has 74 logs across 82 stored team games.",
      "player_id": 198,
      "metric": null
    },
    {
      "code": "minimum_games_not_met",
      "message": "Player has 3 games; 15 are required for benchmarks.",
      "player_id": 200,
      "metric": "points_per_game"
    },
    {
      "code": "minimum_minutes_not_met",
      "message": "Player averages 2.0 minutes; 10.0 are required for benchmarks.",
      "player_id": 200,
      "metric": "points_per_game"
    },
    {
      "code": "minimum_games_not_met",
      "message": "Player has 3 games; 15 are required for benchmarks.",
      "player_id": 200,
      "metric": "rebounds_per_game"
    },
    {
      "code": "minimum_minutes_not_met",
      "message": "Player averages 2.0 minutes; 10.0 are required for benchmarks.",
      "player_id": 200,
      "metric": "rebounds_per_game"
    },
    {
      "code": "minimum_games_not_met",
      "message": "Player has 3 games; 15 are required for benchmarks.",
      "player_id": 200,
      "metric": "assists_per_game"
    },
    {
      "code": "minimum_minutes_not_met",
      "message": "Player averages 2.0 minutes; 10.0 are required for benchmarks.",
      "player_id": 200,
      "metric": "assists_per_game"
    },
    {
      "code": "minimum_games_not_met",
      "message": "Player has 3 games; 15 are required for benchmarks.",
      "player_id": 200,
      "metric": "minutes_per_game"
    },
    {
      "code": "minimum_minutes_not_met",
      "message": "Player averages 2.0 minutes; 10.0 are required for benchmarks.",
      "player_id": 200,
      "metric": "minutes_per_game"
    },
    {
      "code": "minimum_games_not_met",
      "message": "Player has 3 games; 15 are required for benchmarks.",
      "player_id": 200,
      "metric": "plus_minus_per_game"
    },
    {
      "code": "minimum_minutes_not_met",
      "message": "Player averages 2.0 minutes; 10.0 are required for benchmarks.",
      "player_id": 200,
      "metric": "plus_minus_per_game"
    },
    {
      "code": "minimum_games_not_met",
      "message": "Player has 3 games; 15 are required for benchmarks.",
      "player_id": 200,
      "metric": "true_shooting_percentage"
    },
    {
      "code": "minimum_minutes_not_met",
      "message": "Player averages 2.0 minutes; 10.0 are required for benchmarks.",
      "player_id": 200,
      "metric": "true_shooting_percentage"
    },
    {
      "code": "minimum_games_not_met",
      "message": "Player has 3 games; 15 are required for benchmarks.",
      "player_id": 200,
      "metric": "field_goal_percentage"
    },
    {
      "code": "minimum_minutes_not_met",
      "message": "Player averages 2.0 minutes; 10.0 are required for benchmarks.",
      "player_id": 200,
      "metric": "field_goal_percentage"
    },
    {
      "code": "minimum_games_not_met",
      "message": "Player has 3 games; 15 are required for benchmarks.",
      "player_id": 200,
      "metric": "three_point_percentage"
    },
    {
      "code": "minimum_minutes_not_met",
      "message": "Player averages 2.0 minutes; 10.0 are required for benchmarks.",
      "player_id": 200,
      "metric": "three_point_percentage"
    },
    {
      "code": "minimum_games_not_met",
      "message": "Player has 3 games; 15 are required for benchmarks.",
      "player_id": 200,
      "metric": "effective_field_goal_percentage"
    },
    {
      "code": "minimum_minutes_not_met",
      "message": "Player averages 2.0 minutes; 10.0 are required for benchmarks.",
      "player_id": 200,
      "metric": "effective_field_goal_percentage"
    },
    {
      "code": "minimum_games_not_met",
      "message": "Player has 3 games; 15 are required for benchmarks.",
      "player_id": 200,
      "metric": "steals_per_game"
    },
    {
      "code": "minimum_minutes_not_met",
      "message": "Player averages 2.0 minutes; 10.0 are required for benchmarks.",
      "player_id": 200,
      "metric": "steals_per_game"
    },
    {
      "code": "minimum_games_not_met",
      "message": "Player has 3 games; 15 are required for benchmarks.",
      "player_id": 200,
      "metric": "blocks_per_game"
    },
    {
      "code": "minimum_minutes_not_met",
      "message": "Player averages 2.0 minutes; 10.0 are required for benchmarks.",
      "player_id": 200,
      "metric": "blocks_per_game"
    },
    {
      "code": "minimum_games_not_met",
      "message": "Player has 3 games; 15 are required for benchmarks.",
      "player_id": 200,
      "metric": "turnovers_per_game"
    },
    {
      "code": "minimum_minutes_not_met",
      "message": "Player averages 2.0 minutes; 10.0 are required for benchmarks.",
      "player_id": 200,
      "metric": "turnovers_per_game"
    },
    {
      "code": "minimum_games_not_met",
      "message": "Player has 3 games; 15 are required for benchmarks.",
      "player_id": 200,
      "metric": "points_per_36"
    },
    {
      "code": "minimum_minutes_not_met",
      "message": "Player averages 2.0 minutes; 10.0 are required for benchmarks.",
      "player_id": 200,
      "metric": "points_per_36"
    },
    {
      "code": "minimum_games_not_met",
      "message": "Player has 3 games; 15 are required for benchmarks.",
      "player_id": 200,
      "metric": "rebounds_per_36"
    },
    {
      "code": "minimum_minutes_not_met",
      "message": "Player averages 2.0 minutes; 10.0 are required for benchmarks.",
      "player_id": 200,
      "metric": "rebounds_per_36"
    },
    {
      "code": "minimum_games_not_met",
      "message": "Player has 3 games; 15 are required for benchmarks.",
      "player_id": 200,
      "metric": "assists_per_36"
    },
    {
      "code": "minimum_minutes_not_met",
      "message": "Player averages 2.0 minutes; 10.0 are required for benchmarks.",
      "player_id": 200,
      "metric": "assists_per_36"
    },
    {
      "code": "minimum_games_not_met",
      "message": "Player has 3 games; 15 are required for benchmarks.",
      "player_id": 200,
      "metric": "turnovers_per_36"
    },
    {
      "code": "minimum_minutes_not_met",
      "message": "Player averages 2.0 minutes; 10.0 are required for benchmarks.",
      "player_id": 200,
      "metric": "turnovers_per_36"
    },
    {
      "code": "trend_small_sample",
      "message": "At least 10 games are required to compare recent five games to previous five.",
      "player_id": 200,
      "metric": null
    },
    {
      "code": "incomplete_game_logs",
      "message": "Player has 3 logs across 82 stored team games.",
      "player_id": 200,
      "metric": null
    },
    {
      "code": "incomplete_game_logs",
      "message": "Player has 72 logs across 82 stored team games.",
      "player_id": 201,
      "metric": null
    },
    {
      "code": "incomplete_game_logs",
      "message": "Player has 80 logs across 82 stored team games.",
      "player_id": 202,
      "metric": null
    },
    {
      "code": "minimum_minutes_not_met",
      "message": "Player averages 5.9 minutes; 10.0 are required for benchmarks.",
      "player_id": 203,
      "metric": "points_per_game"
    },
    {
      "code": "minimum_minutes_not_met",
      "message": "Player averages 5.9 minutes; 10.0 are required for benchmarks.",
      "player_id": 203,
      "metric": "rebounds_per_game"
    },
    {
      "code": "minimum_minutes_not_met",
      "message": "Player averages 5.9 minutes; 10.0 are required for benchmarks.",
      "player_id": 203,
      "metric": "assists_per_game"
    },
    {
      "code": "minimum_minutes_not_met",
      "message": "Player averages 5.9 minutes; 10.0 are required for benchmarks.",
      "player_id": 203,
      "metric": "minutes_per_game"
    },
    {
      "code": "minimum_minutes_not_met",
      "message": "Player averages 5.9 minutes; 10.0 are required for benchmarks.",
      "player_id": 203,
      "metric": "plus_minus_per_game"
    },
    {
      "code": "minimum_minutes_not_met",
      "message": "Player averages 5.9 minutes; 10.0 are required for benchmarks.",
      "player_id": 203,
      "metric": "true_shooting_percentage"
    },
    {
      "code": "minimum_minutes_not_met",
      "message": "Player averages 5.9 minutes; 10.0 are required for benchmarks.",
      "player_id": 203,
      "metric": "field_goal_percentage"
    },
    {
      "code": "minimum_minutes_not_met",
      "message": "Player averages 5.9 minutes; 10.0 are required for benchmarks.",
      "player_id": 203,
      "metric": "three_point_percentage"
    },
    {
      "code": "minimum_minutes_not_met",
      "message": "Player averages 5.9 minutes; 10.0 are required for benchmarks.",
      "player_id": 203,
      "metric": "effective_field_goal_percentage"
    },
    {
      "code": "minimum_minutes_not_met",
      "message": "Player averages 5.9 minutes; 10.0 are required for benchmarks.",
      "player_id": 203,
      "metric": "steals_per_game"
    },
    {
      "code": "minimum_minutes_not_met",
      "message": "Player averages 5.9 minutes; 10.0 are required for benchmarks.",
      "player_id": 203,
      "metric": "blocks_per_game"
    },
    {
      "code": "minimum_minutes_not_met",
      "message": "Player averages 5.9 minutes; 10.0 are required for benchmarks.",
      "player_id": 203,
      "metric": "turnovers_per_game"
    },
    {
      "code": "minimum_minutes_not_met",
      "message": "Player averages 5.9 minutes; 10.0 are required for benchmarks.",
      "player_id": 203,
      "metric": "points_per_36"
    },
    {
      "code": "minimum_minutes_not_met",
      "message": "Player averages 5.9 minutes; 10.0 are required for benchmarks.",
      "player_id": 203,
      "metric": "rebounds_per_36"
    },
    {
      "code": "minimum_minutes_not_met",
      "message": "Player averages 5.9 minutes; 10.0 are required for benchmarks.",
      "player_id": 203,
      "metric": "assists_per_36"
    },
    {
      "code": "minimum_minutes_not_met",
      "message": "Player averages 5.9 minutes; 10.0 are required for benchmarks.",
      "player_id": 203,
      "metric": "turnovers_per_36"
    },
    {
      "code": "incomplete_game_logs",
      "message": "Player has 16 logs across 82 stored team games.",
      "player_id": 203,
      "metric": null
    },
    {
      "code": "incomplete_game_logs",
      "message": "Player has 50 logs across 82 stored team games.",
      "player_id": 204,
      "metric": null
    },
    {
      "code": "incomplete_game_logs",
      "message": "Player has 52 logs across 82 stored team games.",
      "player_id": 205,
      "metric": null
    },
    {
      "code": "incomplete_game_logs",
      "message": "Player has 57 logs across 82 stored team games.",
      "player_id": 206,
      "metric": null
    },
    {
      "code": "incomplete_game_logs",
      "message": "Player has 60 logs across 82 stored team games.",
      "player_id": 207,
      "metric": null
    },
    {
      "code": "minimum_games_not_met",
      "message": "Player has 6 games; 15 are required for benchmarks.",
      "player_id": 208,
      "metric": "points_per_game"
    },
    {
      "code": "minimum_minutes_not_met",
      "message": "Player averages 8.5 minutes; 10.0 are required for benchmarks.",
      "player_id": 208,
      "metric": "points_per_game"
    },
    {
      "code": "minimum_games_not_met",
      "message": "Player has 6 games; 15 are required for benchmarks.",
      "player_id": 208,
      "metric": "rebounds_per_game"
    },
    {
      "code": "minimum_minutes_not_met",
      "message": "Player averages 8.5 minutes; 10.0 are required for benchmarks.",
      "player_id": 208,
      "metric": "rebounds_per_game"
    },
    {
      "code": "minimum_games_not_met",
      "message": "Player has 6 games; 15 are required for benchmarks.",
      "player_id": 208,
      "metric": "assists_per_game"
    },
    {
      "code": "minimum_minutes_not_met",
      "message": "Player averages 8.5 minutes; 10.0 are required for benchmarks.",
      "player_id": 208,
      "metric": "assists_per_game"
    },
    {
      "code": "minimum_games_not_met",
      "message": "Player has 6 games; 15 are required for benchmarks.",
      "player_id": 208,
      "metric": "minutes_per_game"
    },
    {
      "code": "minimum_minutes_not_met",
      "message": "Player averages 8.5 minutes; 10.0 are required for benchmarks.",
      "player_id": 208,
      "metric": "minutes_per_game"
    },
    {
      "code": "minimum_games_not_met",
      "message": "Player has 6 games; 15 are required for benchmarks.",
      "player_id": 208,
      "metric": "plus_minus_per_game"
    },
    {
      "code": "minimum_minutes_not_met",
      "message": "Player averages 8.5 minutes; 10.0 are required for benchmarks.",
      "player_id": 208,
      "metric": "plus_minus_per_game"
    },
    {
      "code": "minimum_games_not_met",
      "message": "Player has 6 games; 15 are required for benchmarks.",
      "player_id": 208,
      "metric": "true_shooting_percentage"
    },
    {
      "code": "minimum_minutes_not_met",
      "message": "Player averages 8.5 minutes; 10.0 are required for benchmarks.",
      "player_id": 208,
      "metric": "true_shooting_percentage"
    },
    {
      "code": "minimum_games_not_met",
      "message": "Player has 6 games; 15 are required for benchmarks.",
      "player_id": 208,
      "metric": "field_goal_percentage"
    },
    {
      "code": "minimum_minutes_not_met",
      "message": "Player averages 8.5 minutes; 10.0 are required for benchmarks.",
      "player_id": 208,
      "metric": "field_goal_percentage"
    },
    {
      "code": "minimum_games_not_met",
      "message": "Player has 6 games; 15 are required for benchmarks.",
      "player_id": 208,
      "metric": "three_point_percentage"
    },
    {
      "code": "minimum_minutes_not_met",
      "message": "Player averages 8.5 minutes; 10.0 are required for benchmarks.",
      "player_id": 208,
      "metric": "three_point_percentage"
    },
    {
      "code": "minimum_games_not_met",
      "message": "Player has 6 games; 15 are required for benchmarks.",
      "player_id": 208,
      "metric": "effective_field_goal_percentage"
    },
    {
      "code": "minimum_minutes_not_met",
      "message": "Player averages 8.5 minutes; 10.0 are required for benchmarks.",
      "player_id": 208,
      "metric": "effective_field_goal_percentage"
    },
    {
      "code": "minimum_games_not_met",
      "message": "Player has 6 games; 15 are required for benchmarks.",
      "player_id": 208,
      "metric": "steals_per_game"
    },
    {
      "code": "minimum_minutes_not_met",
      "message": "Player averages 8.5 minutes; 10.0 are required for benchmarks.",
      "player_id": 208,
      "metric": "steals_per_game"
    },
    {
      "code": "minimum_games_not_met",
      "message": "Player has 6 games; 15 are required for benchmarks.",
      "player_id": 208,
      "metric": "blocks_per_game"
    },
    {
      "code": "minimum_minutes_not_met",
      "message": "Player averages 8.5 minutes; 10.0 are required for benchmarks.",
      "player_id": 208,
      "metric": "blocks_per_game"
    },
    {
      "code": "minimum_games_not_met",
      "message": "Player has 6 games; 15 are required for benchmarks.",
      "player_id": 208,
      "metric": "turnovers_per_game"
    },
    {
      "code": "minimum_minutes_not_met",
      "message": "Player averages 8.5 minutes; 10.0 are required for benchmarks.",
      "player_id": 208,
      "metric": "turnovers_per_game"
    },
    {
      "code": "minimum_games_not_met",
      "message": "Player has 6 games; 15 are required for benchmarks.",
      "player_id": 208,
      "metric": "points_per_36"
    },
    {
      "code": "minimum_minutes_not_met",
      "message": "Player averages 8.5 minutes; 10.0 are required for benchmarks.",
      "player_id": 208,
      "metric": "points_per_36"
    },
    {
      "code": "minimum_games_not_met",
      "message": "Player has 6 games; 15 are required for benchmarks.",
      "player_id": 208,
      "metric": "rebounds_per_36"
    },
    {
      "code": "minimum_minutes_not_met",
      "message": "Player averages 8.5 minutes; 10.0 are required for benchmarks.",
      "player_id": 208,
      "metric": "rebounds_per_36"
    },
    {
      "code": "minimum_games_not_met",
      "message": "Player has 6 games; 15 are required for benchmarks.",
      "player_id": 208,
      "metric": "assists_per_36"
    },
    {
      "code": "minimum_minutes_not_met",
      "message": "Player averages 8.5 minutes; 10.0 are required for benchmarks.",
      "player_id": 208,
      "metric": "assists_per_36"
    },
    {
      "code": "minimum_games_not_met",
      "message": "Player has 6 games; 15 are required for benchmarks.",
      "player_id": 208,
      "metric": "turnovers_per_36"
    },
    {
      "code": "minimum_minutes_not_met",
      "message": "Player averages 8.5 minutes; 10.0 are required for benchmarks.",
      "player_id": 208,
      "metric": "turnovers_per_36"
    },
    {
      "code": "trend_small_sample",
      "message": "At least 10 games are required to compare recent five games to previous five.",
      "player_id": 208,
      "metric": null
    },
    {
      "code": "incomplete_game_logs",
      "message": "Player has 6 logs across 82 stored team games.",
      "player_id": 208,
      "metric": null
    },
    {
      "code": "minimum_minutes_not_met",
      "message": "Player averages 4.5 minutes; 10.0 are required for benchmarks.",
      "player_id": 209,
      "metric": "points_per_game"
    },
    {
      "code": "minimum_minutes_not_met",
      "message": "Player averages 4.5 minutes; 10.0 are required for benchmarks.",
      "player_id": 209,
      "metric": "rebounds_per_game"
    },
    {
      "code": "minimum_minutes_not_met",
      "message": "Player averages 4.5 minutes; 10.0 are required for benchmarks.",
      "player_id": 209,
      "metric": "assists_per_game"
    },
    {
      "code": "minimum_minutes_not_met",
      "message": "Player averages 4.5 minutes; 10.0 are required for benchmarks.",
      "player_id": 209,
      "metric": "minutes_per_game"
    },
    {
      "code": "minimum_minutes_not_met",
      "message": "Player averages 4.5 minutes; 10.0 are required for benchmarks.",
      "player_id": 209,
      "metric": "plus_minus_per_game"
    },
    {
      "code": "minimum_minutes_not_met",
      "message": "Player averages 4.5 minutes; 10.0 are required for benchmarks.",
      "player_id": 209,
      "metric": "true_shooting_percentage"
    },
    {
      "code": "minimum_minutes_not_met",
      "message": "Player averages 4.5 minutes; 10.0 are required for benchmarks.",
      "player_id": 209,
      "metric": "field_goal_percentage"
    },
    {
      "code": "minimum_minutes_not_met",
      "message": "Player averages 4.5 minutes; 10.0 are required for benchmarks.",
      "player_id": 209,
      "metric": "three_point_percentage"
    },
    {
      "code": "minimum_minutes_not_met",
      "message": "Player averages 4.5 minutes; 10.0 are required for benchmarks.",
      "player_id": 209,
      "metric": "effective_field_goal_percentage"
    },
    {
      "code": "minimum_minutes_not_met",
      "message": "Player averages 4.5 minutes; 10.0 are required for benchmarks.",
      "player_id": 209,
      "metric": "steals_per_game"
    },
    {
      "code": "minimum_minutes_not_met",
      "message": "Player averages 4.5 minutes; 10.0 are required for benchmarks.",
      "player_id": 209,
      "metric": "blocks_per_game"
    },
    {
      "code": "minimum_minutes_not_met",
      "message": "Player averages 4.5 minutes; 10.0 are required for benchmarks.",
      "player_id": 209,
      "metric": "turnovers_per_game"
    },
    {
      "code": "minimum_minutes_not_met",
      "message": "Player averages 4.5 minutes; 10.0 are required for benchmarks.",
      "player_id": 209,
      "metric": "points_per_36"
    },
    {
      "code": "minimum_minutes_not_met",
      "message": "Player averages 4.5 minutes; 10.0 are required for benchmarks.",
      "player_id": 209,
      "metric": "rebounds_per_36"
    },
    {
      "code": "minimum_minutes_not_met",
      "message": "Player averages 4.5 minutes; 10.0 are required for benchmarks.",
      "player_id": 209,
      "metric": "assists_per_36"
    },
    {
      "code": "minimum_minutes_not_met",
      "message": "Player averages 4.5 minutes; 10.0 are required for benchmarks.",
      "player_id": 209,
      "metric": "turnovers_per_36"
    },
    {
      "code": "traded_mid_season",
      "message": "Player represented multiple teams.",
      "player_id": 209,
      "metric": null
    },
    {
      "code": "incomplete_game_logs",
      "message": "Player has 17 logs across 82 stored team games.",
      "player_id": 209,
      "metric": null
    },
    {
      "code": "incomplete_game_logs",
      "message": "Player has 57 logs across 82 stored team games.",
      "player_id": 210,
      "metric": null
    },
    {
      "code": "incomplete_game_logs",
      "message": "Player has 30 logs across 82 stored team games.",
      "player_id": 211,
      "metric": null
    },
    {
      "code": "incomplete_game_logs",
      "message": "Player has 52 logs across 82 stored team games.",
      "player_id": 213,
      "metric": null
    },
    {
      "code": "minimum_games_not_met",
      "message": "Player has 6 games; 15 are required for benchmarks.",
      "player_id": 214,
      "metric": "points_per_game"
    },
    {
      "code": "minimum_minutes_not_met",
      "message": "Player averages 4.8 minutes; 10.0 are required for benchmarks.",
      "player_id": 214,
      "metric": "points_per_game"
    },
    {
      "code": "minimum_games_not_met",
      "message": "Player has 6 games; 15 are required for benchmarks.",
      "player_id": 214,
      "metric": "rebounds_per_game"
    },
    {
      "code": "minimum_minutes_not_met",
      "message": "Player averages 4.8 minutes; 10.0 are required for benchmarks.",
      "player_id": 214,
      "metric": "rebounds_per_game"
    },
    {
      "code": "minimum_games_not_met",
      "message": "Player has 6 games; 15 are required for benchmarks.",
      "player_id": 214,
      "metric": "assists_per_game"
    },
    {
      "code": "minimum_minutes_not_met",
      "message": "Player averages 4.8 minutes; 10.0 are required for benchmarks.",
      "player_id": 214,
      "metric": "assists_per_game"
    },
    {
      "code": "minimum_games_not_met",
      "message": "Player has 6 games; 15 are required for benchmarks.",
      "player_id": 214,
      "metric": "minutes_per_game"
    },
    {
      "code": "minimum_minutes_not_met",
      "message": "Player averages 4.8 minutes; 10.0 are required for benchmarks.",
      "player_id": 214,
      "metric": "minutes_per_game"
    },
    {
      "code": "minimum_games_not_met",
      "message": "Player has 6 games; 15 are required for benchmarks.",
      "player_id": 214,
      "metric": "plus_minus_per_game"
    },
    {
      "code": "minimum_minutes_not_met",
      "message": "Player averages 4.8 minutes; 10.0 are required for benchmarks.",
      "player_id": 214,
      "metric": "plus_minus_per_game"
    },
    {
      "code": "minimum_games_not_met",
      "message": "Player has 6 games; 15 are required for benchmarks.",
      "player_id": 214,
      "metric": "true_shooting_percentage"
    },
    {
      "code": "minimum_minutes_not_met",
      "message": "Player averages 4.8 minutes; 10.0 are required for benchmarks.",
      "player_id": 214,
      "metric": "true_shooting_percentage"
    },
    {
      "code": "minimum_games_not_met",
      "message": "Player has 6 games; 15 are required for benchmarks.",
      "player_id": 214,
      "metric": "field_goal_percentage"
    },
    {
      "code": "minimum_minutes_not_met",
      "message": "Player averages 4.8 minutes; 10.0 are required for benchmarks.",
      "player_id": 214,
      "metric": "field_goal_percentage"
    },
    {
      "code": "minimum_games_not_met",
      "message": "Player has 6 games; 15 are required for benchmarks.",
      "player_id": 214,
      "metric": "three_point_percentage"
    },
    {
      "code": "minimum_minutes_not_met",
      "message": "Player averages 4.8 minutes; 10.0 are required for benchmarks.",
      "player_id": 214,
      "metric": "three_point_percentage"
    },
    {
      "code": "minimum_games_not_met",
      "message": "Player has 6 games; 15 are required for benchmarks.",
      "player_id": 214,
      "metric": "effective_field_goal_percentage"
    },
    {
      "code": "minimum_minutes_not_met",
      "message": "Player averages 4.8 minutes; 10.0 are required for benchmarks.",
      "player_id": 214,
      "metric": "effective_field_goal_percentage"
    },
    {
      "code": "minimum_games_not_met",
      "message": "Player has 6 games; 15 are required for benchmarks.",
      "player_id": 214,
      "metric": "steals_per_game"
    },
    {
      "code": "minimum_minutes_not_met",
      "message": "Player averages 4.8 minutes; 10.0 are required for benchmarks.",
      "player_id": 214,
      "metric": "steals_per_game"
    },
    {
      "code": "minimum_games_not_met",
      "message": "Player has 6 games; 15 are required for benchmarks.",
      "player_id": 214,
      "metric": "blocks_per_game"
    },
    {
      "code": "minimum_minutes_not_met",
      "message": "Player averages 4.8 minutes; 10.0 are required for benchmarks.",
      "player_id": 214,
      "metric": "blocks_per_game"
    },
    {
      "code": "minimum_games_not_met",
      "message": "Player has 6 games; 15 are required for benchmarks.",
      "player_id": 214,
      "metric": "turnovers_per_game"
    },
    {
      "code": "minimum_minutes_not_met",
      "message": "Player averages 4.8 minutes; 10.0 are required for benchmarks.",
      "player_id": 214,
      "metric": "turnovers_per_game"
    },
    {
      "code": "minimum_games_not_met",
      "message": "Player has 6 games; 15 are required for benchmarks.",
      "player_id": 214,
      "metric": "points_per_36"
    },
    {
      "code": "minimum_minutes_not_met",
      "message": "Player averages 4.8 minutes; 10.0 are required for benchmarks.",
      "player_id": 214,
      "metric": "points_per_36"
    },
    {
      "code": "minimum_games_not_met",
      "message": "Player has 6 games; 15 are required for benchmarks.",
      "player_id": 214,
      "metric": "rebounds_per_36"
    },
    {
      "code": "minimum_minutes_not_met",
      "message": "Player averages 4.8 minutes; 10.0 are required for benchmarks.",
      "player_id": 214,
      "metric": "rebounds_per_36"
    },
    {
      "code": "minimum_games_not_met",
      "message": "Player has 6 games; 15 are required for benchmarks.",
      "player_id": 214,
      "metric": "assists_per_36"
    },
    {
      "code": "minimum_minutes_not_met",
      "message": "Player averages 4.8 minutes; 10.0 are required for benchmarks.",
      "player_id": 214,
      "metric": "assists_per_36"
    },
    {
      "code": "minimum_games_not_met",
      "message": "Player has 6 games; 15 are required for benchmarks.",
      "player_id": 214,
      "metric": "turnovers_per_36"
    },
    {
      "code": "minimum_minutes_not_met",
      "message": "Player averages 4.8 minutes; 10.0 are required for benchmarks.",
      "player_id": 214,
      "metric": "turnovers_per_36"
    },
    {
      "code": "trend_small_sample",
      "message": "At least 10 games are required to compare recent five games to previous five.",
      "player_id": 214,
      "metric": null
    },
    {
      "code": "incomplete_game_logs",
      "message": "Player has 6 logs across 82 stored team games.",
      "player_id": 214,
      "metric": null
    },
    {
      "code": "incomplete_game_logs",
      "message": "Player has 66 logs across 82 stored team games.",
      "player_id": 216,
      "metric": null
    },
    {
      "code": "traded_mid_season",
      "message": "Player represented multiple teams.",
      "player_id": 217,
      "metric": null
    },
    {
      "code": "incomplete_game_logs",
      "message": "Player has 66 logs across 82 stored team games.",
      "player_id": 217,
      "metric": null
    },
    {
      "code": "incomplete_game_logs",
      "message": "Player has 57 logs across 82 stored team games.",
      "player_id": 218,
      "metric": null
    },
    {
      "code": "incomplete_game_logs",
      "message": "Player has 65 logs across 82 stored team games.",
      "player_id": 219,
      "metric": null
    },
    {
      "code": "incomplete_game_logs",
      "message": "Player has 78 logs across 82 stored team games.",
      "player_id": 220,
      "metric": null
    },
    {
      "code": "incomplete_game_logs",
      "message": "Player has 36 logs across 82 stored team games.",
      "player_id": 222,
      "metric": null
    },
    {
      "code": "incomplete_game_logs",
      "message": "Player has 49 logs across 82 stored team games.",
      "player_id": 223,
      "metric": null
    },
    {
      "code": "incomplete_game_logs",
      "message": "Player has 64 logs across 82 stored team games.",
      "player_id": 224,
      "metric": null
    },
    {
      "code": "incomplete_game_logs",
      "message": "Player has 35 logs across 82 stored team games.",
      "player_id": 225,
      "metric": null
    },
    {
      "code": "incomplete_game_logs",
      "message": "Player has 69 logs across 82 stored team games.",
      "player_id": 226,
      "metric": null
    },
    {
      "code": "incomplete_game_logs",
      "message": "Player has 79 logs across 82 stored team games.",
      "player_id": 227,
      "metric": null
    },
    {
      "code": "incomplete_game_logs",
      "message": "Player has 37 logs across 82 stored team games.",
      "player_id": 228,
      "metric": null
    },
    {
      "code": "incomplete_game_logs",
      "message": "Player has 67 logs across 82 stored team games.",
      "player_id": 229,
      "metric": null
    },
    {
      "code": "incomplete_game_logs",
      "message": "Player has 75 logs across 82 stored team games.",
      "player_id": 230,
      "metric": null
    },
    {
      "code": "incomplete_game_logs",
      "message": "Player has 79 logs across 82 stored team games.",
      "player_id": 231,
      "metric": null
    },
    {
      "code": "minimum_games_not_met",
      "message": "Player has 1 games; 15 are required for benchmarks.",
      "player_id": 232,
      "metric": "points_per_game"
    },
    {
      "code": "minimum_minutes_not_met",
      "message": "Player averages 5.0 minutes; 10.0 are required for benchmarks.",
      "player_id": 232,
      "metric": "points_per_game"
    },
    {
      "code": "minimum_games_not_met",
      "message": "Player has 1 games; 15 are required for benchmarks.",
      "player_id": 232,
      "metric": "rebounds_per_game"
    },
    {
      "code": "minimum_minutes_not_met",
      "message": "Player averages 5.0 minutes; 10.0 are required for benchmarks.",
      "player_id": 232,
      "metric": "rebounds_per_game"
    },
    {
      "code": "minimum_games_not_met",
      "message": "Player has 1 games; 15 are required for benchmarks.",
      "player_id": 232,
      "metric": "assists_per_game"
    },
    {
      "code": "minimum_minutes_not_met",
      "message": "Player averages 5.0 minutes; 10.0 are required for benchmarks.",
      "player_id": 232,
      "metric": "assists_per_game"
    },
    {
      "code": "minimum_games_not_met",
      "message": "Player has 1 games; 15 are required for benchmarks.",
      "player_id": 232,
      "metric": "minutes_per_game"
    },
    {
      "code": "minimum_minutes_not_met",
      "message": "Player averages 5.0 minutes; 10.0 are required for benchmarks.",
      "player_id": 232,
      "metric": "minutes_per_game"
    },
    {
      "code": "minimum_games_not_met",
      "message": "Player has 1 games; 15 are required for benchmarks.",
      "player_id": 232,
      "metric": "plus_minus_per_game"
    },
    {
      "code": "minimum_minutes_not_met",
      "message": "Player averages 5.0 minutes; 10.0 are required for benchmarks.",
      "player_id": 232,
      "metric": "plus_minus_per_game"
    },
    {
      "code": "minimum_games_not_met",
      "message": "Player has 1 games; 15 are required for benchmarks.",
      "player_id": 232,
      "metric": "true_shooting_percentage"
    },
    {
      "code": "minimum_minutes_not_met",
      "message": "Player averages 5.0 minutes; 10.0 are required for benchmarks.",
      "player_id": 232,
      "metric": "true_shooting_percentage"
    },
    {
      "code": "minimum_games_not_met",
      "message": "Player has 1 games; 15 are required for benchmarks.",
      "player_id": 232,
      "metric": "field_goal_percentage"
    },
    {
      "code": "minimum_minutes_not_met",
      "message": "Player averages 5.0 minutes; 10.0 are required for benchmarks.",
      "player_id": 232,
      "metric": "field_goal_percentage"
    },
    {
      "code": "minimum_games_not_met",
      "message": "Player has 1 games; 15 are required for benchmarks.",
      "player_id": 232,
      "metric": "three_point_percentage"
    },
    {
      "code": "minimum_minutes_not_met",
      "message": "Player averages 5.0 minutes; 10.0 are required for benchmarks.",
      "player_id": 232,
      "metric": "three_point_percentage"
    },
    {
      "code": "minimum_games_not_met",
      "message": "Player has 1 games; 15 are required for benchmarks.",
      "player_id": 232,
      "metric": "effective_field_goal_percentage"
    },
    {
      "code": "minimum_minutes_not_met",
      "message": "Player averages 5.0 minutes; 10.0 are required for benchmarks.",
      "player_id": 232,
      "metric": "effective_field_goal_percentage"
    },
    {
      "code": "minimum_games_not_met",
      "message": "Player has 1 games; 15 are required for benchmarks.",
      "player_id": 232,
      "metric": "steals_per_game"
    },
    {
      "code": "minimum_minutes_not_met",
      "message": "Player averages 5.0 minutes; 10.0 are required for benchmarks.",
      "player_id": 232,
      "metric": "steals_per_game"
    },
    {
      "code": "minimum_games_not_met",
      "message": "Player has 1 games; 15 are required for benchmarks.",
      "player_id": 232,
      "metric": "blocks_per_game"
    },
    {
      "code": "minimum_minutes_not_met",
      "message": "Player averages 5.0 minutes; 10.0 are required for benchmarks.",
      "player_id": 232,
      "metric": "blocks_per_game"
    },
    {
      "code": "minimum_games_not_met",
      "message": "Player has 1 games; 15 are required for benchmarks.",
      "player_id": 232,
      "metric": "turnovers_per_game"
    },
    {
      "code": "minimum_minutes_not_met",
      "message": "Player averages 5.0 minutes; 10.0 are required for benchmarks.",
      "player_id": 232,
      "metric": "turnovers_per_game"
    },
    {
      "code": "minimum_games_not_met",
      "message": "Player has 1 games; 15 are required for benchmarks.",
      "player_id": 232,
      "metric": "points_per_36"
    },
    {
      "code": "minimum_minutes_not_met",
      "message": "Player averages 5.0 minutes; 10.0 are required for benchmarks.",
      "player_id": 232,
      "metric": "points_per_36"
    },
    {
      "code": "minimum_games_not_met",
      "message": "Player has 1 games; 15 are required for benchmarks.",
      "player_id": 232,
      "metric": "rebounds_per_36"
    },
    {
      "code": "minimum_minutes_not_met",
      "message": "Player averages 5.0 minutes; 10.0 are required for benchmarks.",
      "player_id": 232,
      "metric": "rebounds_per_36"
    },
    {
      "code": "minimum_games_not_met",
      "message": "Player has 1 games; 15 are required for benchmarks.",
      "player_id": 232,
      "metric": "assists_per_36"
    },
    {
      "code": "minimum_minutes_not_met",
      "message": "Player averages 5.0 minutes; 10.0 are required for benchmarks.",
      "player_id": 232,
      "metric": "assists_per_36"
    },
    {
      "code": "minimum_games_not_met",
      "message": "Player has 1 games; 15 are required for benchmarks.",
      "player_id": 232,
      "metric": "turnovers_per_36"
    },
    {
      "code": "minimum_minutes_not_met",
      "message": "Player averages 5.0 minutes; 10.0 are required for benchmarks.",
      "player_id": 232,
      "metric": "turnovers_per_36"
    },
    {
      "code": "trend_small_sample",
      "message": "At least 10 games are required to compare recent five games to previous five.",
      "player_id": 232,
      "metric": null
    },
    {
      "code": "incomplete_game_logs",
      "message": "Player has 1 logs across 82 stored team games.",
      "player_id": 232,
      "metric": null
    },
    {
      "code": "incomplete_game_logs",
      "message": "Player has 59 logs across 82 stored team games.",
      "player_id": 234,
      "metric": null
    },
    {
      "code": "incomplete_game_logs",
      "message": "Player has 75 logs across 82 stored team games.",
      "player_id": 235,
      "metric": null
    },
    {
      "code": "incomplete_game_logs",
      "message": "Player has 23 logs across 82 stored team games.",
      "player_id": 236,
      "metric": null
    },
    {
      "code": "incomplete_game_logs",
      "message": "Player has 74 logs across 82 stored team games.",
      "player_id": 237,
      "metric": null
    },
    {
      "code": "incomplete_game_logs",
      "message": "Player has 36 logs across 82 stored team games.",
      "player_id": 238,
      "metric": null
    },
    {
      "code": "traded_mid_season",
      "message": "Player represented multiple teams.",
      "player_id": 243,
      "metric": null
    },
    {
      "code": "incomplete_game_logs",
      "message": "Player has 68 logs across 82 stored team games.",
      "player_id": 243,
      "metric": null
    },
    {
      "code": "incomplete_game_logs",
      "message": "Player has 56 logs across 82 stored team games.",
      "player_id": 244,
      "metric": null
    },
    {
      "code": "incomplete_game_logs",
      "message": "Player has 64 logs across 82 stored team games.",
      "player_id": 245,
      "metric": null
    },
    {
      "code": "incomplete_game_logs",
      "message": "Player has 63 logs across 82 stored team games.",
      "player_id": 246,
      "metric": null
    },
    {
      "code": "incomplete_game_logs",
      "message": "Player has 40 logs across 82 stored team games.",
      "player_id": 247,
      "metric": null
    },
    {
      "code": "incomplete_game_logs",
      "message": "Player has 79 logs across 82 stored team games.",
      "player_id": 248,
      "metric": null
    },
    {
      "code": "incomplete_game_logs",
      "message": "Player has 47 logs across 82 stored team games.",
      "player_id": 249,
      "metric": null
    },
    {
      "code": "minimum_minutes_not_met",
      "message": "Player averages 9.6 minutes; 10.0 are required for benchmarks.",
      "player_id": 250,
      "metric": "points_per_game"
    },
    {
      "code": "minimum_minutes_not_met",
      "message": "Player averages 9.6 minutes; 10.0 are required for benchmarks.",
      "player_id": 250,
      "metric": "rebounds_per_game"
    },
    {
      "code": "minimum_minutes_not_met",
      "message": "Player averages 9.6 minutes; 10.0 are required for benchmarks.",
      "player_id": 250,
      "metric": "assists_per_game"
    },
    {
      "code": "minimum_minutes_not_met",
      "message": "Player averages 9.6 minutes; 10.0 are required for benchmarks.",
      "player_id": 250,
      "metric": "minutes_per_game"
    },
    {
      "code": "minimum_minutes_not_met",
      "message": "Player averages 9.6 minutes; 10.0 are required for benchmarks.",
      "player_id": 250,
      "metric": "plus_minus_per_game"
    },
    {
      "code": "minimum_minutes_not_met",
      "message": "Player averages 9.6 minutes; 10.0 are required for benchmarks.",
      "player_id": 250,
      "metric": "true_shooting_percentage"
    },
    {
      "code": "minimum_minutes_not_met",
      "message": "Player averages 9.6 minutes; 10.0 are required for benchmarks.",
      "player_id": 250,
      "metric": "field_goal_percentage"
    },
    {
      "code": "minimum_minutes_not_met",
      "message": "Player averages 9.6 minutes; 10.0 are required for benchmarks.",
      "player_id": 250,
      "metric": "three_point_percentage"
    },
    {
      "code": "minimum_minutes_not_met",
      "message": "Player averages 9.6 minutes; 10.0 are required for benchmarks.",
      "player_id": 250,
      "metric": "effective_field_goal_percentage"
    },
    {
      "code": "minimum_minutes_not_met",
      "message": "Player averages 9.6 minutes; 10.0 are required for benchmarks.",
      "player_id": 250,
      "metric": "steals_per_game"
    },
    {
      "code": "minimum_minutes_not_met",
      "message": "Player averages 9.6 minutes; 10.0 are required for benchmarks.",
      "player_id": 250,
      "metric": "blocks_per_game"
    },
    {
      "code": "minimum_minutes_not_met",
      "message": "Player averages 9.6 minutes; 10.0 are required for benchmarks.",
      "player_id": 250,
      "metric": "turnovers_per_game"
    },
    {
      "code": "minimum_minutes_not_met",
      "message": "Player averages 9.6 minutes; 10.0 are required for benchmarks.",
      "player_id": 250,
      "metric": "points_per_36"
    },
    {
      "code": "minimum_minutes_not_met",
      "message": "Player averages 9.6 minutes; 10.0 are required for benchmarks.",
      "player_id": 250,
      "metric": "rebounds_per_36"
    },
    {
      "code": "minimum_minutes_not_met",
      "message": "Player averages 9.6 minutes; 10.0 are required for benchmarks.",
      "player_id": 250,
      "metric": "assists_per_36"
    },
    {
      "code": "minimum_minutes_not_met",
      "message": "Player averages 9.6 minutes; 10.0 are required for benchmarks.",
      "player_id": 250,
      "metric": "turnovers_per_36"
    },
    {
      "code": "incomplete_game_logs",
      "message": "Player has 47 logs across 82 stored team games.",
      "player_id": 250,
      "metric": null
    },
    {
      "code": "incomplete_game_logs",
      "message": "Player has 72 logs across 82 stored team games.",
      "player_id": 251,
      "metric": null
    },
    {
      "code": "incomplete_game_logs",
      "message": "Player has 32 logs across 82 stored team games.",
      "player_id": 252,
      "metric": null
    },
    {
      "code": "incomplete_game_logs",
      "message": "Player has 47 logs across 82 stored team games.",
      "player_id": 253,
      "metric": null
    },
    {
      "code": "incomplete_game_logs",
      "message": "Player has 66 logs across 82 stored team games.",
      "player_id": 255,
      "metric": null
    },
    {
      "code": "incomplete_game_logs",
      "message": "Player has 54 logs across 82 stored team games.",
      "player_id": 256,
      "metric": null
    },
    {
      "code": "traded_mid_season",
      "message": "Player represented multiple teams.",
      "player_id": 257,
      "metric": null
    },
    {
      "code": "incomplete_game_logs",
      "message": "Player has 53 logs across 82 stored team games.",
      "player_id": 257,
      "metric": null
    },
    {
      "code": "incomplete_game_logs",
      "message": "Player has 60 logs across 82 stored team games.",
      "player_id": 258,
      "metric": null
    },
    {
      "code": "minimum_minutes_not_met",
      "message": "Player averages 8.9 minutes; 10.0 are required for benchmarks.",
      "player_id": 259,
      "metric": "points_per_game"
    },
    {
      "code": "minimum_minutes_not_met",
      "message": "Player averages 8.9 minutes; 10.0 are required for benchmarks.",
      "player_id": 259,
      "metric": "rebounds_per_game"
    },
    {
      "code": "minimum_minutes_not_met",
      "message": "Player averages 8.9 minutes; 10.0 are required for benchmarks.",
      "player_id": 259,
      "metric": "assists_per_game"
    },
    {
      "code": "minimum_minutes_not_met",
      "message": "Player averages 8.9 minutes; 10.0 are required for benchmarks.",
      "player_id": 259,
      "metric": "minutes_per_game"
    },
    {
      "code": "minimum_minutes_not_met",
      "message": "Player averages 8.9 minutes; 10.0 are required for benchmarks.",
      "player_id": 259,
      "metric": "plus_minus_per_game"
    },
    {
      "code": "minimum_minutes_not_met",
      "message": "Player averages 8.9 minutes; 10.0 are required for benchmarks.",
      "player_id": 259,
      "metric": "true_shooting_percentage"
    },
    {
      "code": "minimum_minutes_not_met",
      "message": "Player averages 8.9 minutes; 10.0 are required for benchmarks.",
      "player_id": 259,
      "metric": "field_goal_percentage"
    },
    {
      "code": "minimum_minutes_not_met",
      "message": "Player averages 8.9 minutes; 10.0 are required for benchmarks.",
      "player_id": 259,
      "metric": "three_point_percentage"
    },
    {
      "code": "minimum_minutes_not_met",
      "message": "Player averages 8.9 minutes; 10.0 are required for benchmarks.",
      "player_id": 259,
      "metric": "effective_field_goal_percentage"
    },
    {
      "code": "minimum_minutes_not_met",
      "message": "Player averages 8.9 minutes; 10.0 are required for benchmarks.",
      "player_id": 259,
      "metric": "steals_per_game"
    },
    {
      "code": "minimum_minutes_not_met",
      "message": "Player averages 8.9 minutes; 10.0 are required for benchmarks.",
      "player_id": 259,
      "metric": "blocks_per_game"
    },
    {
      "code": "minimum_minutes_not_met",
      "message": "Player averages 8.9 minutes; 10.0 are required for benchmarks.",
      "player_id": 259,
      "metric": "turnovers_per_game"
    },
    {
      "code": "minimum_minutes_not_met",
      "message": "Player averages 8.9 minutes; 10.0 are required for benchmarks.",
      "player_id": 259,
      "metric": "points_per_36"
    },
    {
      "code": "minimum_minutes_not_met",
      "message": "Player averages 8.9 minutes; 10.0 are required for benchmarks.",
      "player_id": 259,
      "metric": "rebounds_per_36"
    },
    {
      "code": "minimum_minutes_not_met",
      "message": "Player averages 8.9 minutes; 10.0 are required for benchmarks.",
      "player_id": 259,
      "metric": "assists_per_36"
    },
    {
      "code": "minimum_minutes_not_met",
      "message": "Player averages 8.9 minutes; 10.0 are required for benchmarks.",
      "player_id": 259,
      "metric": "turnovers_per_36"
    },
    {
      "code": "incomplete_game_logs",
      "message": "Player has 36 logs across 82 stored team games.",
      "player_id": 259,
      "metric": null
    },
    {
      "code": "traded_mid_season",
      "message": "Player represented multiple teams.",
      "player_id": 260,
      "metric": null
    },
    {
      "code": "incomplete_game_logs",
      "message": "Player has 55 logs across 82 stored team games.",
      "player_id": 260,
      "metric": null
    },
    {
      "code": "incomplete_game_logs",
      "message": "Player has 42 logs across 82 stored team games.",
      "player_id": 262,
      "metric": null
    },
    {
      "code": "minimum_minutes_not_met",
      "message": "Player averages 6.0 minutes; 10.0 are required for benchmarks.",
      "player_id": 263,
      "metric": "points_per_game"
    },
    {
      "code": "minimum_minutes_not_met",
      "message": "Player averages 6.0 minutes; 10.0 are required for benchmarks.",
      "player_id": 263,
      "metric": "rebounds_per_game"
    },
    {
      "code": "minimum_minutes_not_met",
      "message": "Player averages 6.0 minutes; 10.0 are required for benchmarks.",
      "player_id": 263,
      "metric": "assists_per_game"
    },
    {
      "code": "minimum_minutes_not_met",
      "message": "Player averages 6.0 minutes; 10.0 are required for benchmarks.",
      "player_id": 263,
      "metric": "minutes_per_game"
    },
    {
      "code": "minimum_minutes_not_met",
      "message": "Player averages 6.0 minutes; 10.0 are required for benchmarks.",
      "player_id": 263,
      "metric": "plus_minus_per_game"
    },
    {
      "code": "minimum_minutes_not_met",
      "message": "Player averages 6.0 minutes; 10.0 are required for benchmarks.",
      "player_id": 263,
      "metric": "true_shooting_percentage"
    },
    {
      "code": "minimum_minutes_not_met",
      "message": "Player averages 6.0 minutes; 10.0 are required for benchmarks.",
      "player_id": 263,
      "metric": "field_goal_percentage"
    },
    {
      "code": "minimum_minutes_not_met",
      "message": "Player averages 6.0 minutes; 10.0 are required for benchmarks.",
      "player_id": 263,
      "metric": "three_point_percentage"
    },
    {
      "code": "minimum_minutes_not_met",
      "message": "Player averages 6.0 minutes; 10.0 are required for benchmarks.",
      "player_id": 263,
      "metric": "effective_field_goal_percentage"
    },
    {
      "code": "minimum_minutes_not_met",
      "message": "Player averages 6.0 minutes; 10.0 are required for benchmarks.",
      "player_id": 263,
      "metric": "steals_per_game"
    },
    {
      "code": "minimum_minutes_not_met",
      "message": "Player averages 6.0 minutes; 10.0 are required for benchmarks.",
      "player_id": 263,
      "metric": "blocks_per_game"
    },
    {
      "code": "minimum_minutes_not_met",
      "message": "Player averages 6.0 minutes; 10.0 are required for benchmarks.",
      "player_id": 263,
      "metric": "turnovers_per_game"
    },
    {
      "code": "minimum_minutes_not_met",
      "message": "Player averages 6.0 minutes; 10.0 are required for benchmarks.",
      "player_id": 263,
      "metric": "points_per_36"
    },
    {
      "code": "minimum_minutes_not_met",
      "message": "Player averages 6.0 minutes; 10.0 are required for benchmarks.",
      "player_id": 263,
      "metric": "rebounds_per_36"
    },
    {
      "code": "minimum_minutes_not_met",
      "message": "Player averages 6.0 minutes; 10.0 are required for benchmarks.",
      "player_id": 263,
      "metric": "assists_per_36"
    },
    {
      "code": "minimum_minutes_not_met",
      "message": "Player averages 6.0 minutes; 10.0 are required for benchmarks.",
      "player_id": 263,
      "metric": "turnovers_per_36"
    },
    {
      "code": "incomplete_game_logs",
      "message": "Player has 19 logs across 82 stored team games.",
      "player_id": 263,
      "metric": null
    },
    {
      "code": "incomplete_game_logs",
      "message": "Player has 19 logs across 82 stored team games.",
      "player_id": 264,
      "metric": null
    },
    {
      "code": "incomplete_game_logs",
      "message": "Player has 40 logs across 82 stored team games.",
      "player_id": 265,
      "metric": null
    },
    {
      "code": "incomplete_game_logs",
      "message": "Player has 46 logs across 82 stored team games.",
      "player_id": 266,
      "metric": null
    },
    {
      "code": "minimum_minutes_not_met",
      "message": "Player averages 7.7 minutes; 10.0 are required for benchmarks.",
      "player_id": 269,
      "metric": "points_per_game"
    },
    {
      "code": "minimum_minutes_not_met",
      "message": "Player averages 7.7 minutes; 10.0 are required for benchmarks.",
      "player_id": 269,
      "metric": "rebounds_per_game"
    },
    {
      "code": "minimum_minutes_not_met",
      "message": "Player averages 7.7 minutes; 10.0 are required for benchmarks.",
      "player_id": 269,
      "metric": "assists_per_game"
    },
    {
      "code": "minimum_minutes_not_met",
      "message": "Player averages 7.7 minutes; 10.0 are required for benchmarks.",
      "player_id": 269,
      "metric": "minutes_per_game"
    },
    {
      "code": "minimum_minutes_not_met",
      "message": "Player averages 7.7 minutes; 10.0 are required for benchmarks.",
      "player_id": 269,
      "metric": "plus_minus_per_game"
    },
    {
      "code": "minimum_minutes_not_met",
      "message": "Player averages 7.7 minutes; 10.0 are required for benchmarks.",
      "player_id": 269,
      "metric": "true_shooting_percentage"
    },
    {
      "code": "minimum_minutes_not_met",
      "message": "Player averages 7.7 minutes; 10.0 are required for benchmarks.",
      "player_id": 269,
      "metric": "field_goal_percentage"
    },
    {
      "code": "minimum_minutes_not_met",
      "message": "Player averages 7.7 minutes; 10.0 are required for benchmarks.",
      "player_id": 269,
      "metric": "three_point_percentage"
    },
    {
      "code": "minimum_minutes_not_met",
      "message": "Player averages 7.7 minutes; 10.0 are required for benchmarks.",
      "player_id": 269,
      "metric": "effective_field_goal_percentage"
    },
    {
      "code": "minimum_minutes_not_met",
      "message": "Player averages 7.7 minutes; 10.0 are required for benchmarks.",
      "player_id": 269,
      "metric": "steals_per_game"
    },
    {
      "code": "minimum_minutes_not_met",
      "message": "Player averages 7.7 minutes; 10.0 are required for benchmarks.",
      "player_id": 269,
      "metric": "blocks_per_game"
    },
    {
      "code": "minimum_minutes_not_met",
      "message": "Player averages 7.7 minutes; 10.0 are required for benchmarks.",
      "player_id": 269,
      "metric": "turnovers_per_game"
    },
    {
      "code": "minimum_minutes_not_met",
      "message": "Player averages 7.7 minutes; 10.0 are required for benchmarks.",
      "player_id": 269,
      "metric": "points_per_36"
    },
    {
      "code": "minimum_minutes_not_met",
      "message": "Player averages 7.7 minutes; 10.0 are required for benchmarks.",
      "player_id": 269,
      "metric": "rebounds_per_36"
    },
    {
      "code": "minimum_minutes_not_met",
      "message": "Player averages 7.7 minutes; 10.0 are required for benchmarks.",
      "player_id": 269,
      "metric": "assists_per_36"
    },
    {
      "code": "minimum_minutes_not_met",
      "message": "Player averages 7.7 minutes; 10.0 are required for benchmarks.",
      "player_id": 269,
      "metric": "turnovers_per_36"
    },
    {
      "code": "incomplete_game_logs",
      "message": "Player has 50 logs across 82 stored team games.",
      "player_id": 269,
      "metric": null
    },
    {
      "code": "incomplete_game_logs",
      "message": "Player has 64 logs across 82 stored team games.",
      "player_id": 270,
      "metric": null
    },
    {
      "code": "traded_mid_season",
      "message": "Player represented multiple teams.",
      "player_id": 271,
      "metric": null
    },
    {
      "code": "incomplete_game_logs",
      "message": "Player has 81 logs across 82 stored team games.",
      "player_id": 271,
      "metric": null
    },
    {
      "code": "incomplete_game_logs",
      "message": "Player has 71 logs across 82 stored team games.",
      "player_id": 272,
      "metric": null
    },
    {
      "code": "incomplete_game_logs",
      "message": "Player has 47 logs across 82 stored team games.",
      "player_id": 273,
      "metric": null
    },
    {
      "code": "incomplete_game_logs",
      "message": "Player has 63 logs across 82 stored team games.",
      "player_id": 274,
      "metric": null
    },
    {
      "code": "incomplete_game_logs",
      "message": "Player has 37 logs across 82 stored team games.",
      "player_id": 275,
      "metric": null
    },
    {
      "code": "incomplete_game_logs",
      "message": "Player has 29 logs across 82 stored team games.",
      "player_id": 276,
      "metric": null
    },
    {
      "code": "incomplete_game_logs",
      "message": "Player has 56 logs across 82 stored team games.",
      "player_id": 277,
      "metric": null
    },
    {
      "code": "minimum_minutes_not_met",
      "message": "Player averages 6.8 minutes; 10.0 are required for benchmarks.",
      "player_id": 278,
      "metric": "points_per_game"
    },
    {
      "code": "minimum_minutes_not_met",
      "message": "Player averages 6.8 minutes; 10.0 are required for benchmarks.",
      "player_id": 278,
      "metric": "rebounds_per_game"
    },
    {
      "code": "minimum_minutes_not_met",
      "message": "Player averages 6.8 minutes; 10.0 are required for benchmarks.",
      "player_id": 278,
      "metric": "assists_per_game"
    },
    {
      "code": "minimum_minutes_not_met",
      "message": "Player averages 6.8 minutes; 10.0 are required for benchmarks.",
      "player_id": 278,
      "metric": "minutes_per_game"
    },
    {
      "code": "minimum_minutes_not_met",
      "message": "Player averages 6.8 minutes; 10.0 are required for benchmarks.",
      "player_id": 278,
      "metric": "plus_minus_per_game"
    },
    {
      "code": "minimum_minutes_not_met",
      "message": "Player averages 6.8 minutes; 10.0 are required for benchmarks.",
      "player_id": 278,
      "metric": "true_shooting_percentage"
    },
    {
      "code": "minimum_minutes_not_met",
      "message": "Player averages 6.8 minutes; 10.0 are required for benchmarks.",
      "player_id": 278,
      "metric": "field_goal_percentage"
    },
    {
      "code": "minimum_minutes_not_met",
      "message": "Player averages 6.8 minutes; 10.0 are required for benchmarks.",
      "player_id": 278,
      "metric": "three_point_percentage"
    },
    {
      "code": "minimum_minutes_not_met",
      "message": "Player averages 6.8 minutes; 10.0 are required for benchmarks.",
      "player_id": 278,
      "metric": "effective_field_goal_percentage"
    },
    {
      "code": "minimum_minutes_not_met",
      "message": "Player averages 6.8 minutes; 10.0 are required for benchmarks.",
      "player_id": 278,
      "metric": "steals_per_game"
    },
    {
      "code": "minimum_minutes_not_met",
      "message": "Player averages 6.8 minutes; 10.0 are required for benchmarks.",
      "player_id": 278,
      "metric": "blocks_per_game"
    },
    {
      "code": "minimum_minutes_not_met",
      "message": "Player averages 6.8 minutes; 10.0 are required for benchmarks.",
      "player_id": 278,
      "metric": "turnovers_per_game"
    },
    {
      "code": "minimum_minutes_not_met",
      "message": "Player averages 6.8 minutes; 10.0 are required for benchmarks.",
      "player_id": 278,
      "metric": "points_per_36"
    },
    {
      "code": "minimum_minutes_not_met",
      "message": "Player averages 6.8 minutes; 10.0 are required for benchmarks.",
      "player_id": 278,
      "metric": "rebounds_per_36"
    },
    {
      "code": "minimum_minutes_not_met",
      "message": "Player averages 6.8 minutes; 10.0 are required for benchmarks.",
      "player_id": 278,
      "metric": "assists_per_36"
    },
    {
      "code": "minimum_minutes_not_met",
      "message": "Player averages 6.8 minutes; 10.0 are required for benchmarks.",
      "player_id": 278,
      "metric": "turnovers_per_36"
    },
    {
      "code": "traded_mid_season",
      "message": "Player represented multiple teams.",
      "player_id": 278,
      "metric": null
    },
    {
      "code": "incomplete_game_logs",
      "message": "Player has 46 logs across 82 stored team games.",
      "player_id": 278,
      "metric": null
    },
    {
      "code": "incomplete_game_logs",
      "message": "Player has 37 logs across 82 stored team games.",
      "player_id": 279,
      "metric": null
    },
    {
      "code": "incomplete_game_logs",
      "message": "Player has 68 logs across 82 stored team games.",
      "player_id": 280,
      "metric": null
    },
    {
      "code": "minimum_minutes_not_met",
      "message": "Player averages 7.7 minutes; 10.0 are required for benchmarks.",
      "player_id": 281,
      "metric": "points_per_game"
    },
    {
      "code": "minimum_minutes_not_met",
      "message": "Player averages 7.7 minutes; 10.0 are required for benchmarks.",
      "player_id": 281,
      "metric": "rebounds_per_game"
    },
    {
      "code": "minimum_minutes_not_met",
      "message": "Player averages 7.7 minutes; 10.0 are required for benchmarks.",
      "player_id": 281,
      "metric": "assists_per_game"
    },
    {
      "code": "minimum_minutes_not_met",
      "message": "Player averages 7.7 minutes; 10.0 are required for benchmarks.",
      "player_id": 281,
      "metric": "minutes_per_game"
    },
    {
      "code": "minimum_minutes_not_met",
      "message": "Player averages 7.7 minutes; 10.0 are required for benchmarks.",
      "player_id": 281,
      "metric": "plus_minus_per_game"
    },
    {
      "code": "minimum_minutes_not_met",
      "message": "Player averages 7.7 minutes; 10.0 are required for benchmarks.",
      "player_id": 281,
      "metric": "true_shooting_percentage"
    },
    {
      "code": "minimum_minutes_not_met",
      "message": "Player averages 7.7 minutes; 10.0 are required for benchmarks.",
      "player_id": 281,
      "metric": "field_goal_percentage"
    },
    {
      "code": "minimum_minutes_not_met",
      "message": "Player averages 7.7 minutes; 10.0 are required for benchmarks.",
      "player_id": 281,
      "metric": "three_point_percentage"
    },
    {
      "code": "minimum_minutes_not_met",
      "message": "Player averages 7.7 minutes; 10.0 are required for benchmarks.",
      "player_id": 281,
      "metric": "effective_field_goal_percentage"
    },
    {
      "code": "minimum_minutes_not_met",
      "message": "Player averages 7.7 minutes; 10.0 are required for benchmarks.",
      "player_id": 281,
      "metric": "steals_per_game"
    },
    {
      "code": "minimum_minutes_not_met",
      "message": "Player averages 7.7 minutes; 10.0 are required for benchmarks.",
      "player_id": 281,
      "metric": "blocks_per_game"
    },
    {
      "code": "minimum_minutes_not_met",
      "message": "Player averages 7.7 minutes; 10.0 are required for benchmarks.",
      "player_id": 281,
      "metric": "turnovers_per_game"
    },
    {
      "code": "minimum_minutes_not_met",
      "message": "Player averages 7.7 minutes; 10.0 are required for benchmarks.",
      "player_id": 281,
      "metric": "points_per_36"
    },
    {
      "code": "minimum_minutes_not_met",
      "message": "Player averages 7.7 minutes; 10.0 are required for benchmarks.",
      "player_id": 281,
      "metric": "rebounds_per_36"
    },
    {
      "code": "minimum_minutes_not_met",
      "message": "Player averages 7.7 minutes; 10.0 are required for benchmarks.",
      "player_id": 281,
      "metric": "assists_per_36"
    },
    {
      "code": "minimum_minutes_not_met",
      "message": "Player averages 7.7 minutes; 10.0 are required for benchmarks.",
      "player_id": 281,
      "metric": "turnovers_per_36"
    },
    {
      "code": "incomplete_game_logs",
      "message": "Player has 52 logs across 82 stored team games.",
      "player_id": 281,
      "metric": null
    },
    {
      "code": "incomplete_game_logs",
      "message": "Player has 56 logs across 82 stored team games.",
      "player_id": 282,
      "metric": null
    },
    {
      "code": "incomplete_game_logs",
      "message": "Player has 70 logs across 82 stored team games.",
      "player_id": 283,
      "metric": null
    },
    {
      "code": "incomplete_game_logs",
      "message": "Player has 68 logs across 82 stored team games.",
      "player_id": 284,
      "metric": null
    },
    {
      "code": "incomplete_game_logs",
      "message": "Player has 77 logs across 82 stored team games.",
      "player_id": 285,
      "metric": null
    },
    {
      "code": "minimum_minutes_not_met",
      "message": "Player averages 6.0 minutes; 10.0 are required for benchmarks.",
      "player_id": 286,
      "metric": "points_per_game"
    },
    {
      "code": "minimum_minutes_not_met",
      "message": "Player averages 6.0 minutes; 10.0 are required for benchmarks.",
      "player_id": 286,
      "metric": "rebounds_per_game"
    },
    {
      "code": "minimum_minutes_not_met",
      "message": "Player averages 6.0 minutes; 10.0 are required for benchmarks.",
      "player_id": 286,
      "metric": "assists_per_game"
    },
    {
      "code": "minimum_minutes_not_met",
      "message": "Player averages 6.0 minutes; 10.0 are required for benchmarks.",
      "player_id": 286,
      "metric": "minutes_per_game"
    },
    {
      "code": "minimum_minutes_not_met",
      "message": "Player averages 6.0 minutes; 10.0 are required for benchmarks.",
      "player_id": 286,
      "metric": "plus_minus_per_game"
    },
    {
      "code": "minimum_minutes_not_met",
      "message": "Player averages 6.0 minutes; 10.0 are required for benchmarks.",
      "player_id": 286,
      "metric": "true_shooting_percentage"
    },
    {
      "code": "minimum_minutes_not_met",
      "message": "Player averages 6.0 minutes; 10.0 are required for benchmarks.",
      "player_id": 286,
      "metric": "field_goal_percentage"
    },
    {
      "code": "minimum_minutes_not_met",
      "message": "Player averages 6.0 minutes; 10.0 are required for benchmarks.",
      "player_id": 286,
      "metric": "three_point_percentage"
    },
    {
      "code": "minimum_minutes_not_met",
      "message": "Player averages 6.0 minutes; 10.0 are required for benchmarks.",
      "player_id": 286,
      "metric": "effective_field_goal_percentage"
    },
    {
      "code": "minimum_minutes_not_met",
      "message": "Player averages 6.0 minutes; 10.0 are required for benchmarks.",
      "player_id": 286,
      "metric": "steals_per_game"
    },
    {
      "code": "minimum_minutes_not_met",
      "message": "Player averages 6.0 minutes; 10.0 are required for benchmarks.",
      "player_id": 286,
      "metric": "blocks_per_game"
    },
    {
      "code": "minimum_minutes_not_met",
      "message": "Player averages 6.0 minutes; 10.0 are required for benchmarks.",
      "player_id": 286,
      "metric": "turnovers_per_game"
    },
    {
      "code": "minimum_minutes_not_met",
      "message": "Player averages 6.0 minutes; 10.0 are required for benchmarks.",
      "player_id": 286,
      "metric": "points_per_36"
    },
    {
      "code": "minimum_minutes_not_met",
      "message": "Player averages 6.0 minutes; 10.0 are required for benchmarks.",
      "player_id": 286,
      "metric": "rebounds_per_36"
    },
    {
      "code": "minimum_minutes_not_met",
      "message": "Player averages 6.0 minutes; 10.0 are required for benchmarks.",
      "player_id": 286,
      "metric": "assists_per_36"
    },
    {
      "code": "minimum_minutes_not_met",
      "message": "Player averages 6.0 minutes; 10.0 are required for benchmarks.",
      "player_id": 286,
      "metric": "turnovers_per_36"
    },
    {
      "code": "incomplete_game_logs",
      "message": "Player has 46 logs across 82 stored team games.",
      "player_id": 286,
      "metric": null
    },
    {
      "code": "traded_mid_season",
      "message": "Player represented multiple teams.",
      "player_id": 287,
      "metric": null
    },
    {
      "code": "incomplete_game_logs",
      "message": "Player has 40 logs across 82 stored team games.",
      "player_id": 287,
      "metric": null
    },
    {
      "code": "incomplete_game_logs",
      "message": "Player has 62 logs across 82 stored team games.",
      "player_id": 288,
      "metric": null
    },
    {
      "code": "incomplete_game_logs",
      "message": "Player has 79 logs across 82 stored team games.",
      "player_id": 290,
      "metric": null
    },
    {
      "code": "incomplete_game_logs",
      "message": "Player has 65 logs across 82 stored team games.",
      "player_id": 291,
      "metric": null
    },
    {
      "code": "incomplete_game_logs",
      "message": "Player has 69 logs across 82 stored team games.",
      "player_id": 292,
      "metric": null
    },
    {
      "code": "incomplete_game_logs",
      "message": "Player has 62 logs across 82 stored team games.",
      "player_id": 293,
      "metric": null
    },
    {
      "code": "incomplete_game_logs",
      "message": "Player has 44 logs across 82 stored team games.",
      "player_id": 294,
      "metric": null
    },
    {
      "code": "traded_mid_season",
      "message": "Player represented multiple teams.",
      "player_id": 295,
      "metric": null
    },
    {
      "code": "incomplete_game_logs",
      "message": "Player has 51 logs across 82 stored team games.",
      "player_id": 295,
      "metric": null
    },
    {
      "code": "incomplete_game_logs",
      "message": "Player has 36 logs across 82 stored team games.",
      "player_id": 296,
      "metric": null
    },
    {
      "code": "incomplete_game_logs",
      "message": "Player has 72 logs across 82 stored team games.",
      "player_id": 298,
      "metric": null
    },
    {
      "code": "incomplete_game_logs",
      "message": "Player has 42 logs across 82 stored team games.",
      "player_id": 299,
      "metric": null
    },
    {
      "code": "incomplete_game_logs",
      "message": "Player has 37 logs across 82 stored team games.",
      "player_id": 301,
      "metric": null
    },
    {
      "code": "incomplete_game_logs",
      "message": "Player has 31 logs across 82 stored team games.",
      "player_id": 302,
      "metric": null
    },
    {
      "code": "incomplete_game_logs",
      "message": "Player has 76 logs across 82 stored team games.",
      "player_id": 303,
      "metric": null
    },
    {
      "code": "incomplete_game_logs",
      "message": "Player has 64 logs across 82 stored team games.",
      "player_id": 304,
      "metric": null
    },
    {
      "code": "incomplete_game_logs",
      "message": "Player has 77 logs across 82 stored team games.",
      "player_id": 305,
      "metric": null
    },
    {
      "code": "traded_mid_season",
      "message": "Player represented multiple teams.",
      "player_id": 306,
      "metric": null
    },
    {
      "code": "incomplete_game_logs",
      "message": "Player has 44 logs across 82 stored team games.",
      "player_id": 306,
      "metric": null
    },
    {
      "code": "incomplete_game_logs",
      "message": "Player has 60 logs across 82 stored team games.",
      "player_id": 307,
      "metric": null
    },
    {
      "code": "incomplete_game_logs",
      "message": "Player has 69 logs across 82 stored team games.",
      "player_id": 308,
      "metric": null
    },
    {
      "code": "incomplete_game_logs",
      "message": "Player has 77 logs across 82 stored team games.",
      "player_id": 309,
      "metric": null
    },
    {
      "code": "incomplete_game_logs",
      "message": "Player has 80 logs across 82 stored team games.",
      "player_id": 310,
      "metric": null
    },
    {
      "code": "minimum_minutes_not_met",
      "message": "Player averages 6.2 minutes; 10.0 are required for benchmarks.",
      "player_id": 311,
      "metric": "points_per_game"
    },
    {
      "code": "minimum_minutes_not_met",
      "message": "Player averages 6.2 minutes; 10.0 are required for benchmarks.",
      "player_id": 311,
      "metric": "rebounds_per_game"
    },
    {
      "code": "minimum_minutes_not_met",
      "message": "Player averages 6.2 minutes; 10.0 are required for benchmarks.",
      "player_id": 311,
      "metric": "assists_per_game"
    },
    {
      "code": "minimum_minutes_not_met",
      "message": "Player averages 6.2 minutes; 10.0 are required for benchmarks.",
      "player_id": 311,
      "metric": "minutes_per_game"
    },
    {
      "code": "minimum_minutes_not_met",
      "message": "Player averages 6.2 minutes; 10.0 are required for benchmarks.",
      "player_id": 311,
      "metric": "plus_minus_per_game"
    },
    {
      "code": "minimum_minutes_not_met",
      "message": "Player averages 6.2 minutes; 10.0 are required for benchmarks.",
      "player_id": 311,
      "metric": "true_shooting_percentage"
    },
    {
      "code": "minimum_minutes_not_met",
      "message": "Player averages 6.2 minutes; 10.0 are required for benchmarks.",
      "player_id": 311,
      "metric": "field_goal_percentage"
    },
    {
      "code": "minimum_minutes_not_met",
      "message": "Player averages 6.2 minutes; 10.0 are required for benchmarks.",
      "player_id": 311,
      "metric": "three_point_percentage"
    },
    {
      "code": "minimum_minutes_not_met",
      "message": "Player averages 6.2 minutes; 10.0 are required for benchmarks.",
      "player_id": 311,
      "metric": "effective_field_goal_percentage"
    },
    {
      "code": "minimum_minutes_not_met",
      "message": "Player averages 6.2 minutes; 10.0 are required for benchmarks.",
      "player_id": 311,
      "metric": "steals_per_game"
    },
    {
      "code": "minimum_minutes_not_met",
      "message": "Player averages 6.2 minutes; 10.0 are required for benchmarks.",
      "player_id": 311,
      "metric": "blocks_per_game"
    },
    {
      "code": "minimum_minutes_not_met",
      "message": "Player averages 6.2 minutes; 10.0 are required for benchmarks.",
      "player_id": 311,
      "metric": "turnovers_per_game"
    },
    {
      "code": "minimum_minutes_not_met",
      "message": "Player averages 6.2 minutes; 10.0 are required for benchmarks.",
      "player_id": 311,
      "metric": "points_per_36"
    },
    {
      "code": "minimum_minutes_not_met",
      "message": "Player averages 6.2 minutes; 10.0 are required for benchmarks.",
      "player_id": 311,
      "metric": "rebounds_per_36"
    },
    {
      "code": "minimum_minutes_not_met",
      "message": "Player averages 6.2 minutes; 10.0 are required for benchmarks.",
      "player_id": 311,
      "metric": "assists_per_36"
    },
    {
      "code": "minimum_minutes_not_met",
      "message": "Player averages 6.2 minutes; 10.0 are required for benchmarks.",
      "player_id": 311,
      "metric": "turnovers_per_36"
    },
    {
      "code": "incomplete_game_logs",
      "message": "Player has 16 logs across 82 stored team games.",
      "player_id": 311,
      "metric": null
    },
    {
      "code": "incomplete_game_logs",
      "message": "Player has 62 logs across 82 stored team games.",
      "player_id": 312,
      "metric": null
    },
    {
      "code": "traded_mid_season",
      "message": "Player represented multiple teams.",
      "player_id": 313,
      "metric": null
    },
    {
      "code": "incomplete_game_logs",
      "message": "Player has 69 logs across 82 stored team games.",
      "player_id": 313,
      "metric": null
    },
    {
      "code": "incomplete_game_logs",
      "message": "Player has 23 logs across 82 stored team games.",
      "player_id": 314,
      "metric": null
    },
    {
      "code": "minimum_games_not_met",
      "message": "Player has 4 games; 15 are required for benchmarks.",
      "player_id": 315,
      "metric": "points_per_game"
    },
    {
      "code": "minimum_minutes_not_met",
      "message": "Player averages 7.5 minutes; 10.0 are required for benchmarks.",
      "player_id": 315,
      "metric": "points_per_game"
    },
    {
      "code": "minimum_games_not_met",
      "message": "Player has 4 games; 15 are required for benchmarks.",
      "player_id": 315,
      "metric": "rebounds_per_game"
    },
    {
      "code": "minimum_minutes_not_met",
      "message": "Player averages 7.5 minutes; 10.0 are required for benchmarks.",
      "player_id": 315,
      "metric": "rebounds_per_game"
    },
    {
      "code": "minimum_games_not_met",
      "message": "Player has 4 games; 15 are required for benchmarks.",
      "player_id": 315,
      "metric": "assists_per_game"
    },
    {
      "code": "minimum_minutes_not_met",
      "message": "Player averages 7.5 minutes; 10.0 are required for benchmarks.",
      "player_id": 315,
      "metric": "assists_per_game"
    },
    {
      "code": "minimum_games_not_met",
      "message": "Player has 4 games; 15 are required for benchmarks.",
      "player_id": 315,
      "metric": "minutes_per_game"
    },
    {
      "code": "minimum_minutes_not_met",
      "message": "Player averages 7.5 minutes; 10.0 are required for benchmarks.",
      "player_id": 315,
      "metric": "minutes_per_game"
    },
    {
      "code": "minimum_games_not_met",
      "message": "Player has 4 games; 15 are required for benchmarks.",
      "player_id": 315,
      "metric": "plus_minus_per_game"
    },
    {
      "code": "minimum_minutes_not_met",
      "message": "Player averages 7.5 minutes; 10.0 are required for benchmarks.",
      "player_id": 315,
      "metric": "plus_minus_per_game"
    },
    {
      "code": "minimum_games_not_met",
      "message": "Player has 4 games; 15 are required for benchmarks.",
      "player_id": 315,
      "metric": "true_shooting_percentage"
    },
    {
      "code": "minimum_minutes_not_met",
      "message": "Player averages 7.5 minutes; 10.0 are required for benchmarks.",
      "player_id": 315,
      "metric": "true_shooting_percentage"
    },
    {
      "code": "minimum_games_not_met",
      "message": "Player has 4 games; 15 are required for benchmarks.",
      "player_id": 315,
      "metric": "field_goal_percentage"
    },
    {
      "code": "minimum_minutes_not_met",
      "message": "Player averages 7.5 minutes; 10.0 are required for benchmarks.",
      "player_id": 315,
      "metric": "field_goal_percentage"
    },
    {
      "code": "minimum_games_not_met",
      "message": "Player has 4 games; 15 are required for benchmarks.",
      "player_id": 315,
      "metric": "three_point_percentage"
    },
    {
      "code": "minimum_minutes_not_met",
      "message": "Player averages 7.5 minutes; 10.0 are required for benchmarks.",
      "player_id": 315,
      "metric": "three_point_percentage"
    },
    {
      "code": "minimum_games_not_met",
      "message": "Player has 4 games; 15 are required for benchmarks.",
      "player_id": 315,
      "metric": "effective_field_goal_percentage"
    },
    {
      "code": "minimum_minutes_not_met",
      "message": "Player averages 7.5 minutes; 10.0 are required for benchmarks.",
      "player_id": 315,
      "metric": "effective_field_goal_percentage"
    },
    {
      "code": "minimum_games_not_met",
      "message": "Player has 4 games; 15 are required for benchmarks.",
      "player_id": 315,
      "metric": "steals_per_game"
    },
    {
      "code": "minimum_minutes_not_met",
      "message": "Player averages 7.5 minutes; 10.0 are required for benchmarks.",
      "player_id": 315,
      "metric": "steals_per_game"
    },
    {
      "code": "minimum_games_not_met",
      "message": "Player has 4 games; 15 are required for benchmarks.",
      "player_id": 315,
      "metric": "blocks_per_game"
    },
    {
      "code": "minimum_minutes_not_met",
      "message": "Player averages 7.5 minutes; 10.0 are required for benchmarks.",
      "player_id": 315,
      "metric": "blocks_per_game"
    },
    {
      "code": "minimum_games_not_met",
      "message": "Player has 4 games; 15 are required for benchmarks.",
      "player_id": 315,
      "metric": "turnovers_per_game"
    },
    {
      "code": "minimum_minutes_not_met",
      "message": "Player averages 7.5 minutes; 10.0 are required for benchmarks.",
      "player_id": 315,
      "metric": "turnovers_per_game"
    },
    {
      "code": "minimum_games_not_met",
      "message": "Player has 4 games; 15 are required for benchmarks.",
      "player_id": 315,
      "metric": "points_per_36"
    },
    {
      "code": "minimum_minutes_not_met",
      "message": "Player averages 7.5 minutes; 10.0 are required for benchmarks.",
      "player_id": 315,
      "metric": "points_per_36"
    },
    {
      "code": "minimum_games_not_met",
      "message": "Player has 4 games; 15 are required for benchmarks.",
      "player_id": 315,
      "metric": "rebounds_per_36"
    },
    {
      "code": "minimum_minutes_not_met",
      "message": "Player averages 7.5 minutes; 10.0 are required for benchmarks.",
      "player_id": 315,
      "metric": "rebounds_per_36"
    },
    {
      "code": "minimum_games_not_met",
      "message": "Player has 4 games; 15 are required for benchmarks.",
      "player_id": 315,
      "metric": "assists_per_36"
    },
    {
      "code": "minimum_minutes_not_met",
      "message": "Player averages 7.5 minutes; 10.0 are required for benchmarks.",
      "player_id": 315,
      "metric": "assists_per_36"
    },
    {
      "code": "minimum_games_not_met",
      "message": "Player has 4 games; 15 are required for benchmarks.",
      "player_id": 315,
      "metric": "turnovers_per_36"
    },
    {
      "code": "minimum_minutes_not_met",
      "message": "Player averages 7.5 minutes; 10.0 are required for benchmarks.",
      "player_id": 315,
      "metric": "turnovers_per_36"
    },
    {
      "code": "trend_small_sample",
      "message": "At least 10 games are required to compare recent five games to previous five.",
      "player_id": 315,
      "metric": null
    },
    {
      "code": "incomplete_game_logs",
      "message": "Player has 4 logs across 82 stored team games.",
      "player_id": 315,
      "metric": null
    },
    {
      "code": "traded_mid_season",
      "message": "Player represented multiple teams.",
      "player_id": 316,
      "metric": null
    },
    {
      "code": "incomplete_game_logs",
      "message": "Player has 75 logs across 82 stored team games.",
      "player_id": 316,
      "metric": null
    },
    {
      "code": "incomplete_game_logs",
      "message": "Player has 76 logs across 82 stored team games.",
      "player_id": 318,
      "metric": null
    },
    {
      "code": "incomplete_game_logs",
      "message": "Player has 67 logs across 82 stored team games.",
      "player_id": 319,
      "metric": null
    },
    {
      "code": "traded_mid_season",
      "message": "Player represented multiple teams.",
      "player_id": 321,
      "metric": null
    },
    {
      "code": "incomplete_game_logs",
      "message": "Player has 37 logs across 82 stored team games.",
      "player_id": 321,
      "metric": null
    },
    {
      "code": "incomplete_game_logs",
      "message": "Player has 72 logs across 82 stored team games.",
      "player_id": 322,
      "metric": null
    },
    {
      "code": "minimum_minutes_not_met",
      "message": "Player averages 6.8 minutes; 10.0 are required for benchmarks.",
      "player_id": 323,
      "metric": "points_per_game"
    },
    {
      "code": "minimum_minutes_not_met",
      "message": "Player averages 6.8 minutes; 10.0 are required for benchmarks.",
      "player_id": 323,
      "metric": "rebounds_per_game"
    },
    {
      "code": "minimum_minutes_not_met",
      "message": "Player averages 6.8 minutes; 10.0 are required for benchmarks.",
      "player_id": 323,
      "metric": "assists_per_game"
    },
    {
      "code": "minimum_minutes_not_met",
      "message": "Player averages 6.8 minutes; 10.0 are required for benchmarks.",
      "player_id": 323,
      "metric": "minutes_per_game"
    },
    {
      "code": "minimum_minutes_not_met",
      "message": "Player averages 6.8 minutes; 10.0 are required for benchmarks.",
      "player_id": 323,
      "metric": "plus_minus_per_game"
    },
    {
      "code": "minimum_minutes_not_met",
      "message": "Player averages 6.8 minutes; 10.0 are required for benchmarks.",
      "player_id": 323,
      "metric": "true_shooting_percentage"
    },
    {
      "code": "minimum_minutes_not_met",
      "message": "Player averages 6.8 minutes; 10.0 are required for benchmarks.",
      "player_id": 323,
      "metric": "field_goal_percentage"
    },
    {
      "code": "minimum_minutes_not_met",
      "message": "Player averages 6.8 minutes; 10.0 are required for benchmarks.",
      "player_id": 323,
      "metric": "three_point_percentage"
    },
    {
      "code": "minimum_minutes_not_met",
      "message": "Player averages 6.8 minutes; 10.0 are required for benchmarks.",
      "player_id": 323,
      "metric": "effective_field_goal_percentage"
    },
    {
      "code": "minimum_minutes_not_met",
      "message": "Player averages 6.8 minutes; 10.0 are required for benchmarks.",
      "player_id": 323,
      "metric": "steals_per_game"
    },
    {
      "code": "minimum_minutes_not_met",
      "message": "Player averages 6.8 minutes; 10.0 are required for benchmarks.",
      "player_id": 323,
      "metric": "blocks_per_game"
    },
    {
      "code": "minimum_minutes_not_met",
      "message": "Player averages 6.8 minutes; 10.0 are required for benchmarks.",
      "player_id": 323,
      "metric": "turnovers_per_game"
    },
    {
      "code": "minimum_minutes_not_met",
      "message": "Player averages 6.8 minutes; 10.0 are required for benchmarks.",
      "player_id": 323,
      "metric": "points_per_36"
    },
    {
      "code": "minimum_minutes_not_met",
      "message": "Player averages 6.8 minutes; 10.0 are required for benchmarks.",
      "player_id": 323,
      "metric": "rebounds_per_36"
    },
    {
      "code": "minimum_minutes_not_met",
      "message": "Player averages 6.8 minutes; 10.0 are required for benchmarks.",
      "player_id": 323,
      "metric": "assists_per_36"
    },
    {
      "code": "minimum_minutes_not_met",
      "message": "Player averages 6.8 minutes; 10.0 are required for benchmarks.",
      "player_id": 323,
      "metric": "turnovers_per_36"
    },
    {
      "code": "incomplete_game_logs",
      "message": "Player has 40 logs across 82 stored team games.",
      "player_id": 323,
      "metric": null
    },
    {
      "code": "incomplete_game_logs",
      "message": "Player has 74 logs across 82 stored team games.",
      "player_id": 327,
      "metric": null
    },
    {
      "code": "incomplete_game_logs",
      "message": "Player has 69 logs across 82 stored team games.",
      "player_id": 328,
      "metric": null
    },
    {
      "code": "incomplete_game_logs",
      "message": "Player has 42 logs across 82 stored team games.",
      "player_id": 329,
      "metric": null
    },
    {
      "code": "traded_mid_season",
      "message": "Player represented multiple teams.",
      "player_id": 330,
      "metric": null
    },
    {
      "code": "incomplete_game_logs",
      "message": "Player has 61 logs across 82 stored team games.",
      "player_id": 330,
      "metric": null
    },
    {
      "code": "incomplete_game_logs",
      "message": "Player has 72 logs across 82 stored team games.",
      "player_id": 331,
      "metric": null
    },
    {
      "code": "traded_mid_season",
      "message": "Player represented multiple teams.",
      "player_id": 332,
      "metric": null
    },
    {
      "code": "incomplete_game_logs",
      "message": "Player has 65 logs across 82 stored team games.",
      "player_id": 332,
      "metric": null
    },
    {
      "code": "incomplete_game_logs",
      "message": "Player has 35 logs across 82 stored team games.",
      "player_id": 333,
      "metric": null
    },
    {
      "code": "incomplete_game_logs",
      "message": "Player has 50 logs across 82 stored team games.",
      "player_id": 334,
      "metric": null
    },
    {
      "code": "incomplete_game_logs",
      "message": "Player has 68 logs across 82 stored team games.",
      "player_id": 335,
      "metric": null
    },
    {
      "code": "incomplete_game_logs",
      "message": "Player has 47 logs across 82 stored team games.",
      "player_id": 336,
      "metric": null
    },
    {
      "code": "incomplete_game_logs",
      "message": "Player has 50 logs across 82 stored team games.",
      "player_id": 338,
      "metric": null
    },
    {
      "code": "incomplete_game_logs",
      "message": "Player has 24 logs across 82 stored team games.",
      "player_id": 339,
      "metric": null
    },
    {
      "code": "incomplete_game_logs",
      "message": "Player has 47 logs across 82 stored team games.",
      "player_id": 340,
      "metric": null
    },
    {
      "code": "minimum_games_not_met",
      "message": "Player has 13 games; 15 are required for benchmarks.",
      "player_id": 341,
      "metric": "points_per_game"
    },
    {
      "code": "minimum_minutes_not_met",
      "message": "Player averages 2.5 minutes; 10.0 are required for benchmarks.",
      "player_id": 341,
      "metric": "points_per_game"
    },
    {
      "code": "minimum_games_not_met",
      "message": "Player has 13 games; 15 are required for benchmarks.",
      "player_id": 341,
      "metric": "rebounds_per_game"
    },
    {
      "code": "minimum_minutes_not_met",
      "message": "Player averages 2.5 minutes; 10.0 are required for benchmarks.",
      "player_id": 341,
      "metric": "rebounds_per_game"
    },
    {
      "code": "minimum_games_not_met",
      "message": "Player has 13 games; 15 are required for benchmarks.",
      "player_id": 341,
      "metric": "assists_per_game"
    },
    {
      "code": "minimum_minutes_not_met",
      "message": "Player averages 2.5 minutes; 10.0 are required for benchmarks.",
      "player_id": 341,
      "metric": "assists_per_game"
    },
    {
      "code": "minimum_games_not_met",
      "message": "Player has 13 games; 15 are required for benchmarks.",
      "player_id": 341,
      "metric": "minutes_per_game"
    },
    {
      "code": "minimum_minutes_not_met",
      "message": "Player averages 2.5 minutes; 10.0 are required for benchmarks.",
      "player_id": 341,
      "metric": "minutes_per_game"
    },
    {
      "code": "minimum_games_not_met",
      "message": "Player has 13 games; 15 are required for benchmarks.",
      "player_id": 341,
      "metric": "plus_minus_per_game"
    },
    {
      "code": "minimum_minutes_not_met",
      "message": "Player averages 2.5 minutes; 10.0 are required for benchmarks.",
      "player_id": 341,
      "metric": "plus_minus_per_game"
    },
    {
      "code": "minimum_games_not_met",
      "message": "Player has 13 games; 15 are required for benchmarks.",
      "player_id": 341,
      "metric": "true_shooting_percentage"
    },
    {
      "code": "minimum_minutes_not_met",
      "message": "Player averages 2.5 minutes; 10.0 are required for benchmarks.",
      "player_id": 341,
      "metric": "true_shooting_percentage"
    },
    {
      "code": "minimum_games_not_met",
      "message": "Player has 13 games; 15 are required for benchmarks.",
      "player_id": 341,
      "metric": "field_goal_percentage"
    },
    {
      "code": "minimum_minutes_not_met",
      "message": "Player averages 2.5 minutes; 10.0 are required for benchmarks.",
      "player_id": 341,
      "metric": "field_goal_percentage"
    },
    {
      "code": "minimum_games_not_met",
      "message": "Player has 13 games; 15 are required for benchmarks.",
      "player_id": 341,
      "metric": "three_point_percentage"
    },
    {
      "code": "minimum_minutes_not_met",
      "message": "Player averages 2.5 minutes; 10.0 are required for benchmarks.",
      "player_id": 341,
      "metric": "three_point_percentage"
    },
    {
      "code": "minimum_games_not_met",
      "message": "Player has 13 games; 15 are required for benchmarks.",
      "player_id": 341,
      "metric": "effective_field_goal_percentage"
    },
    {
      "code": "minimum_minutes_not_met",
      "message": "Player averages 2.5 minutes; 10.0 are required for benchmarks.",
      "player_id": 341,
      "metric": "effective_field_goal_percentage"
    },
    {
      "code": "minimum_games_not_met",
      "message": "Player has 13 games; 15 are required for benchmarks.",
      "player_id": 341,
      "metric": "steals_per_game"
    },
    {
      "code": "minimum_minutes_not_met",
      "message": "Player averages 2.5 minutes; 10.0 are required for benchmarks.",
      "player_id": 341,
      "metric": "steals_per_game"
    },
    {
      "code": "minimum_games_not_met",
      "message": "Player has 13 games; 15 are required for benchmarks.",
      "player_id": 341,
      "metric": "blocks_per_game"
    },
    {
      "code": "minimum_minutes_not_met",
      "message": "Player averages 2.5 minutes; 10.0 are required for benchmarks.",
      "player_id": 341,
      "metric": "blocks_per_game"
    },
    {
      "code": "minimum_games_not_met",
      "message": "Player has 13 games; 15 are required for benchmarks.",
      "player_id": 341,
      "metric": "turnovers_per_game"
    },
    {
      "code": "minimum_minutes_not_met",
      "message": "Player averages 2.5 minutes; 10.0 are required for benchmarks.",
      "player_id": 341,
      "metric": "turnovers_per_game"
    },
    {
      "code": "minimum_games_not_met",
      "message": "Player has 13 games; 15 are required for benchmarks.",
      "player_id": 341,
      "metric": "points_per_36"
    },
    {
      "code": "minimum_minutes_not_met",
      "message": "Player averages 2.5 minutes; 10.0 are required for benchmarks.",
      "player_id": 341,
      "metric": "points_per_36"
    },
    {
      "code": "minimum_games_not_met",
      "message": "Player has 13 games; 15 are required for benchmarks.",
      "player_id": 341,
      "metric": "rebounds_per_36"
    },
    {
      "code": "minimum_minutes_not_met",
      "message": "Player averages 2.5 minutes; 10.0 are required for benchmarks.",
      "player_id": 341,
      "metric": "rebounds_per_36"
    },
    {
      "code": "minimum_games_not_met",
      "message": "Player has 13 games; 15 are required for benchmarks.",
      "player_id": 341,
      "metric": "assists_per_36"
    },
    {
      "code": "minimum_minutes_not_met",
      "message": "Player averages 2.5 minutes; 10.0 are required for benchmarks.",
      "player_id": 341,
      "metric": "assists_per_36"
    },
    {
      "code": "minimum_games_not_met",
      "message": "Player has 13 games; 15 are required for benchmarks.",
      "player_id": 341,
      "metric": "turnovers_per_36"
    },
    {
      "code": "minimum_minutes_not_met",
      "message": "Player averages 2.5 minutes; 10.0 are required for benchmarks.",
      "player_id": 341,
      "metric": "turnovers_per_36"
    },
    {
      "code": "incomplete_game_logs",
      "message": "Player has 13 logs across 82 stored team games.",
      "player_id": 341,
      "metric": null
    },
    {
      "code": "traded_mid_season",
      "message": "Player represented multiple teams.",
      "player_id": 343,
      "metric": null
    },
    {
      "code": "incomplete_game_logs",
      "message": "Player has 52 logs across 82 stored team games.",
      "player_id": 343,
      "metric": null
    },
    {
      "code": "incomplete_game_logs",
      "message": "Player has 35 logs across 82 stored team games.",
      "player_id": 344,
      "metric": null
    },
    {
      "code": "incomplete_game_logs",
      "message": "Player has 71 logs across 82 stored team games.",
      "player_id": 345,
      "metric": null
    },
    {
      "code": "minimum_minutes_not_met",
      "message": "Player averages 5.7 minutes; 10.0 are required for benchmarks.",
      "player_id": 346,
      "metric": "points_per_game"
    },
    {
      "code": "minimum_minutes_not_met",
      "message": "Player averages 5.7 minutes; 10.0 are required for benchmarks.",
      "player_id": 346,
      "metric": "rebounds_per_game"
    },
    {
      "code": "minimum_minutes_not_met",
      "message": "Player averages 5.7 minutes; 10.0 are required for benchmarks.",
      "player_id": 346,
      "metric": "assists_per_game"
    },
    {
      "code": "minimum_minutes_not_met",
      "message": "Player averages 5.7 minutes; 10.0 are required for benchmarks.",
      "player_id": 346,
      "metric": "minutes_per_game"
    },
    {
      "code": "minimum_minutes_not_met",
      "message": "Player averages 5.7 minutes; 10.0 are required for benchmarks.",
      "player_id": 346,
      "metric": "plus_minus_per_game"
    },
    {
      "code": "minimum_minutes_not_met",
      "message": "Player averages 5.7 minutes; 10.0 are required for benchmarks.",
      "player_id": 346,
      "metric": "true_shooting_percentage"
    },
    {
      "code": "minimum_minutes_not_met",
      "message": "Player averages 5.7 minutes; 10.0 are required for benchmarks.",
      "player_id": 346,
      "metric": "field_goal_percentage"
    },
    {
      "code": "minimum_minutes_not_met",
      "message": "Player averages 5.7 minutes; 10.0 are required for benchmarks.",
      "player_id": 346,
      "metric": "three_point_percentage"
    },
    {
      "code": "minimum_minutes_not_met",
      "message": "Player averages 5.7 minutes; 10.0 are required for benchmarks.",
      "player_id": 346,
      "metric": "effective_field_goal_percentage"
    },
    {
      "code": "minimum_minutes_not_met",
      "message": "Player averages 5.7 minutes; 10.0 are required for benchmarks.",
      "player_id": 346,
      "metric": "steals_per_game"
    },
    {
      "code": "minimum_minutes_not_met",
      "message": "Player averages 5.7 minutes; 10.0 are required for benchmarks.",
      "player_id": 346,
      "metric": "blocks_per_game"
    },
    {
      "code": "minimum_minutes_not_met",
      "message": "Player averages 5.7 minutes; 10.0 are required for benchmarks.",
      "player_id": 346,
      "metric": "turnovers_per_game"
    },
    {
      "code": "minimum_minutes_not_met",
      "message": "Player averages 5.7 minutes; 10.0 are required for benchmarks.",
      "player_id": 346,
      "metric": "points_per_36"
    },
    {
      "code": "minimum_minutes_not_met",
      "message": "Player averages 5.7 minutes; 10.0 are required for benchmarks.",
      "player_id": 346,
      "metric": "rebounds_per_36"
    },
    {
      "code": "minimum_minutes_not_met",
      "message": "Player averages 5.7 minutes; 10.0 are required for benchmarks.",
      "player_id": 346,
      "metric": "assists_per_36"
    },
    {
      "code": "minimum_minutes_not_met",
      "message": "Player averages 5.7 minutes; 10.0 are required for benchmarks.",
      "player_id": 346,
      "metric": "turnovers_per_36"
    },
    {
      "code": "incomplete_game_logs",
      "message": "Player has 39 logs across 82 stored team games.",
      "player_id": 346,
      "metric": null
    },
    {
      "code": "incomplete_game_logs",
      "message": "Player has 65 logs across 82 stored team games.",
      "player_id": 347,
      "metric": null
    },
    {
      "code": "incomplete_game_logs",
      "message": "Player has 73 logs across 82 stored team games.",
      "player_id": 348,
      "metric": null
    },
    {
      "code": "minimum_games_not_met",
      "message": "Player has 12 games; 15 are required for benchmarks.",
      "player_id": 349,
      "metric": "points_per_game"
    },
    {
      "code": "minimum_minutes_not_met",
      "message": "Player averages 7.3 minutes; 10.0 are required for benchmarks.",
      "player_id": 349,
      "metric": "points_per_game"
    },
    {
      "code": "minimum_games_not_met",
      "message": "Player has 12 games; 15 are required for benchmarks.",
      "player_id": 349,
      "metric": "rebounds_per_game"
    },
    {
      "code": "minimum_minutes_not_met",
      "message": "Player averages 7.3 minutes; 10.0 are required for benchmarks.",
      "player_id": 349,
      "metric": "rebounds_per_game"
    },
    {
      "code": "minimum_games_not_met",
      "message": "Player has 12 games; 15 are required for benchmarks.",
      "player_id": 349,
      "metric": "assists_per_game"
    },
    {
      "code": "minimum_minutes_not_met",
      "message": "Player averages 7.3 minutes; 10.0 are required for benchmarks.",
      "player_id": 349,
      "metric": "assists_per_game"
    },
    {
      "code": "minimum_games_not_met",
      "message": "Player has 12 games; 15 are required for benchmarks.",
      "player_id": 349,
      "metric": "minutes_per_game"
    },
    {
      "code": "minimum_minutes_not_met",
      "message": "Player averages 7.3 minutes; 10.0 are required for benchmarks.",
      "player_id": 349,
      "metric": "minutes_per_game"
    },
    {
      "code": "minimum_games_not_met",
      "message": "Player has 12 games; 15 are required for benchmarks.",
      "player_id": 349,
      "metric": "plus_minus_per_game"
    },
    {
      "code": "minimum_minutes_not_met",
      "message": "Player averages 7.3 minutes; 10.0 are required for benchmarks.",
      "player_id": 349,
      "metric": "plus_minus_per_game"
    },
    {
      "code": "minimum_games_not_met",
      "message": "Player has 12 games; 15 are required for benchmarks.",
      "player_id": 349,
      "metric": "true_shooting_percentage"
    },
    {
      "code": "minimum_minutes_not_met",
      "message": "Player averages 7.3 minutes; 10.0 are required for benchmarks.",
      "player_id": 349,
      "metric": "true_shooting_percentage"
    },
    {
      "code": "minimum_games_not_met",
      "message": "Player has 12 games; 15 are required for benchmarks.",
      "player_id": 349,
      "metric": "field_goal_percentage"
    },
    {
      "code": "minimum_minutes_not_met",
      "message": "Player averages 7.3 minutes; 10.0 are required for benchmarks.",
      "player_id": 349,
      "metric": "field_goal_percentage"
    },
    {
      "code": "minimum_games_not_met",
      "message": "Player has 12 games; 15 are required for benchmarks.",
      "player_id": 349,
      "metric": "three_point_percentage"
    },
    {
      "code": "minimum_minutes_not_met",
      "message": "Player averages 7.3 minutes; 10.0 are required for benchmarks.",
      "player_id": 349,
      "metric": "three_point_percentage"
    },
    {
      "code": "minimum_games_not_met",
      "message": "Player has 12 games; 15 are required for benchmarks.",
      "player_id": 349,
      "metric": "effective_field_goal_percentage"
    },
    {
      "code": "minimum_minutes_not_met",
      "message": "Player averages 7.3 minutes; 10.0 are required for benchmarks.",
      "player_id": 349,
      "metric": "effective_field_goal_percentage"
    },
    {
      "code": "minimum_games_not_met",
      "message": "Player has 12 games; 15 are required for benchmarks.",
      "player_id": 349,
      "metric": "steals_per_game"
    },
    {
      "code": "minimum_minutes_not_met",
      "message": "Player averages 7.3 minutes; 10.0 are required for benchmarks.",
      "player_id": 349,
      "metric": "steals_per_game"
    },
    {
      "code": "minimum_games_not_met",
      "message": "Player has 12 games; 15 are required for benchmarks.",
      "player_id": 349,
      "metric": "blocks_per_game"
    },
    {
      "code": "minimum_minutes_not_met",
      "message": "Player averages 7.3 minutes; 10.0 are required for benchmarks.",
      "player_id": 349,
      "metric": "blocks_per_game"
    },
    {
      "code": "minimum_games_not_met",
      "message": "Player has 12 games; 15 are required for benchmarks.",
      "player_id": 349,
      "metric": "turnovers_per_game"
    },
    {
      "code": "minimum_minutes_not_met",
      "message": "Player averages 7.3 minutes; 10.0 are required for benchmarks.",
      "player_id": 349,
      "metric": "turnovers_per_game"
    },
    {
      "code": "minimum_games_not_met",
      "message": "Player has 12 games; 15 are required for benchmarks.",
      "player_id": 349,
      "metric": "points_per_36"
    },
    {
      "code": "minimum_minutes_not_met",
      "message": "Player averages 7.3 minutes; 10.0 are required for benchmarks.",
      "player_id": 349,
      "metric": "points_per_36"
    },
    {
      "code": "minimum_games_not_met",
      "message": "Player has 12 games; 15 are required for benchmarks.",
      "player_id": 349,
      "metric": "rebounds_per_36"
    },
    {
      "code": "minimum_minutes_not_met",
      "message": "Player averages 7.3 minutes; 10.0 are required for benchmarks.",
      "player_id": 349,
      "metric": "rebounds_per_36"
    },
    {
      "code": "minimum_games_not_met",
      "message": "Player has 12 games; 15 are required for benchmarks.",
      "player_id": 349,
      "metric": "assists_per_36"
    },
    {
      "code": "minimum_minutes_not_met",
      "message": "Player averages 7.3 minutes; 10.0 are required for benchmarks.",
      "player_id": 349,
      "metric": "assists_per_36"
    },
    {
      "code": "minimum_games_not_met",
      "message": "Player has 12 games; 15 are required for benchmarks.",
      "player_id": 349,
      "metric": "turnovers_per_36"
    },
    {
      "code": "minimum_minutes_not_met",
      "message": "Player averages 7.3 minutes; 10.0 are required for benchmarks.",
      "player_id": 349,
      "metric": "turnovers_per_36"
    },
    {
      "code": "incomplete_game_logs",
      "message": "Player has 12 logs across 82 stored team games.",
      "player_id": 349,
      "metric": null
    },
    {
      "code": "minimum_games_not_met",
      "message": "Player has 2 games; 15 are required for benchmarks.",
      "player_id": 350,
      "metric": "points_per_game"
    },
    {
      "code": "minimum_minutes_not_met",
      "message": "Player averages 5.0 minutes; 10.0 are required for benchmarks.",
      "player_id": 350,
      "metric": "points_per_game"
    },
    {
      "code": "minimum_games_not_met",
      "message": "Player has 2 games; 15 are required for benchmarks.",
      "player_id": 350,
      "metric": "rebounds_per_game"
    },
    {
      "code": "minimum_minutes_not_met",
      "message": "Player averages 5.0 minutes; 10.0 are required for benchmarks.",
      "player_id": 350,
      "metric": "rebounds_per_game"
    },
    {
      "code": "minimum_games_not_met",
      "message": "Player has 2 games; 15 are required for benchmarks.",
      "player_id": 350,
      "metric": "assists_per_game"
    },
    {
      "code": "minimum_minutes_not_met",
      "message": "Player averages 5.0 minutes; 10.0 are required for benchmarks.",
      "player_id": 350,
      "metric": "assists_per_game"
    },
    {
      "code": "minimum_games_not_met",
      "message": "Player has 2 games; 15 are required for benchmarks.",
      "player_id": 350,
      "metric": "minutes_per_game"
    },
    {
      "code": "minimum_minutes_not_met",
      "message": "Player averages 5.0 minutes; 10.0 are required for benchmarks.",
      "player_id": 350,
      "metric": "minutes_per_game"
    },
    {
      "code": "minimum_games_not_met",
      "message": "Player has 2 games; 15 are required for benchmarks.",
      "player_id": 350,
      "metric": "plus_minus_per_game"
    },
    {
      "code": "minimum_minutes_not_met",
      "message": "Player averages 5.0 minutes; 10.0 are required for benchmarks.",
      "player_id": 350,
      "metric": "plus_minus_per_game"
    },
    {
      "code": "minimum_games_not_met",
      "message": "Player has 2 games; 15 are required for benchmarks.",
      "player_id": 350,
      "metric": "true_shooting_percentage"
    },
    {
      "code": "minimum_minutes_not_met",
      "message": "Player averages 5.0 minutes; 10.0 are required for benchmarks.",
      "player_id": 350,
      "metric": "true_shooting_percentage"
    },
    {
      "code": "minimum_games_not_met",
      "message": "Player has 2 games; 15 are required for benchmarks.",
      "player_id": 350,
      "metric": "field_goal_percentage"
    },
    {
      "code": "minimum_minutes_not_met",
      "message": "Player averages 5.0 minutes; 10.0 are required for benchmarks.",
      "player_id": 350,
      "metric": "field_goal_percentage"
    },
    {
      "code": "minimum_games_not_met",
      "message": "Player has 2 games; 15 are required for benchmarks.",
      "player_id": 350,
      "metric": "three_point_percentage"
    },
    {
      "code": "minimum_minutes_not_met",
      "message": "Player averages 5.0 minutes; 10.0 are required for benchmarks.",
      "player_id": 350,
      "metric": "three_point_percentage"
    },
    {
      "code": "minimum_games_not_met",
      "message": "Player has 2 games; 15 are required for benchmarks.",
      "player_id": 350,
      "metric": "effective_field_goal_percentage"
    },
    {
      "code": "minimum_minutes_not_met",
      "message": "Player averages 5.0 minutes; 10.0 are required for benchmarks.",
      "player_id": 350,
      "metric": "effective_field_goal_percentage"
    },
    {
      "code": "minimum_games_not_met",
      "message": "Player has 2 games; 15 are required for benchmarks.",
      "player_id": 350,
      "metric": "steals_per_game"
    },
    {
      "code": "minimum_minutes_not_met",
      "message": "Player averages 5.0 minutes; 10.0 are required for benchmarks.",
      "player_id": 350,
      "metric": "steals_per_game"
    },
    {
      "code": "minimum_games_not_met",
      "message": "Player has 2 games; 15 are required for benchmarks.",
      "player_id": 350,
      "metric": "blocks_per_game"
    },
    {
      "code": "minimum_minutes_not_met",
      "message": "Player averages 5.0 minutes; 10.0 are required for benchmarks.",
      "player_id": 350,
      "metric": "blocks_per_game"
    },
    {
      "code": "minimum_games_not_met",
      "message": "Player has 2 games; 15 are required for benchmarks.",
      "player_id": 350,
      "metric": "turnovers_per_game"
    },
    {
      "code": "minimum_minutes_not_met",
      "message": "Player averages 5.0 minutes; 10.0 are required for benchmarks.",
      "player_id": 350,
      "metric": "turnovers_per_game"
    },
    {
      "code": "minimum_games_not_met",
      "message": "Player has 2 games; 15 are required for benchmarks.",
      "player_id": 350,
      "metric": "points_per_36"
    },
    {
      "code": "minimum_minutes_not_met",
      "message": "Player averages 5.0 minutes; 10.0 are required for benchmarks.",
      "player_id": 350,
      "metric": "points_per_36"
    },
    {
      "code": "minimum_games_not_met",
      "message": "Player has 2 games; 15 are required for benchmarks.",
      "player_id": 350,
      "metric": "rebounds_per_36"
    },
    {
      "code": "minimum_minutes_not_met",
      "message": "Player averages 5.0 minutes; 10.0 are required for benchmarks.",
      "player_id": 350,
      "metric": "rebounds_per_36"
    },
    {
      "code": "minimum_games_not_met",
      "message": "Player has 2 games; 15 are required for benchmarks.",
      "player_id": 350,
      "metric": "assists_per_36"
    },
    {
      "code": "minimum_minutes_not_met",
      "message": "Player averages 5.0 minutes; 10.0 are required for benchmarks.",
      "player_id": 350,
      "metric": "assists_per_36"
    },
    {
      "code": "minimum_games_not_met",
      "message": "Player has 2 games; 15 are required for benchmarks.",
      "player_id": 350,
      "metric": "turnovers_per_36"
    },
    {
      "code": "minimum_minutes_not_met",
      "message": "Player averages 5.0 minutes; 10.0 are required for benchmarks.",
      "player_id": 350,
      "metric": "turnovers_per_36"
    },
    {
      "code": "trend_small_sample",
      "message": "At least 10 games are required to compare recent five games to previous five.",
      "player_id": 350,
      "metric": null
    },
    {
      "code": "incomplete_game_logs",
      "message": "Player has 2 logs across 82 stored team games.",
      "player_id": 350,
      "metric": null
    },
    {
      "code": "minimum_minutes_not_met",
      "message": "Player averages 9.1 minutes; 10.0 are required for benchmarks.",
      "player_id": 351,
      "metric": "points_per_game"
    },
    {
      "code": "minimum_minutes_not_met",
      "message": "Player averages 9.1 minutes; 10.0 are required for benchmarks.",
      "player_id": 351,
      "metric": "rebounds_per_game"
    },
    {
      "code": "minimum_minutes_not_met",
      "message": "Player averages 9.1 minutes; 10.0 are required for benchmarks.",
      "player_id": 351,
      "metric": "assists_per_game"
    },
    {
      "code": "minimum_minutes_not_met",
      "message": "Player averages 9.1 minutes; 10.0 are required for benchmarks.",
      "player_id": 351,
      "metric": "minutes_per_game"
    },
    {
      "code": "minimum_minutes_not_met",
      "message": "Player averages 9.1 minutes; 10.0 are required for benchmarks.",
      "player_id": 351,
      "metric": "plus_minus_per_game"
    },
    {
      "code": "minimum_minutes_not_met",
      "message": "Player averages 9.1 minutes; 10.0 are required for benchmarks.",
      "player_id": 351,
      "metric": "true_shooting_percentage"
    },
    {
      "code": "minimum_minutes_not_met",
      "message": "Player averages 9.1 minutes; 10.0 are required for benchmarks.",
      "player_id": 351,
      "metric": "field_goal_percentage"
    },
    {
      "code": "minimum_minutes_not_met",
      "message": "Player averages 9.1 minutes; 10.0 are required for benchmarks.",
      "player_id": 351,
      "metric": "three_point_percentage"
    },
    {
      "code": "minimum_minutes_not_met",
      "message": "Player averages 9.1 minutes; 10.0 are required for benchmarks.",
      "player_id": 351,
      "metric": "effective_field_goal_percentage"
    },
    {
      "code": "minimum_minutes_not_met",
      "message": "Player averages 9.1 minutes; 10.0 are required for benchmarks.",
      "player_id": 351,
      "metric": "steals_per_game"
    },
    {
      "code": "minimum_minutes_not_met",
      "message": "Player averages 9.1 minutes; 10.0 are required for benchmarks.",
      "player_id": 351,
      "metric": "blocks_per_game"
    },
    {
      "code": "minimum_minutes_not_met",
      "message": "Player averages 9.1 minutes; 10.0 are required for benchmarks.",
      "player_id": 351,
      "metric": "turnovers_per_game"
    },
    {
      "code": "minimum_minutes_not_met",
      "message": "Player averages 9.1 minutes; 10.0 are required for benchmarks.",
      "player_id": 351,
      "metric": "points_per_36"
    },
    {
      "code": "minimum_minutes_not_met",
      "message": "Player averages 9.1 minutes; 10.0 are required for benchmarks.",
      "player_id": 351,
      "metric": "rebounds_per_36"
    },
    {
      "code": "minimum_minutes_not_met",
      "message": "Player averages 9.1 minutes; 10.0 are required for benchmarks.",
      "player_id": 351,
      "metric": "assists_per_36"
    },
    {
      "code": "minimum_minutes_not_met",
      "message": "Player averages 9.1 minutes; 10.0 are required for benchmarks.",
      "player_id": 351,
      "metric": "turnovers_per_36"
    },
    {
      "code": "incomplete_game_logs",
      "message": "Player has 47 logs across 82 stored team games.",
      "player_id": 351,
      "metric": null
    },
    {
      "code": "incomplete_game_logs",
      "message": "Player has 65 logs across 82 stored team games.",
      "player_id": 352,
      "metric": null
    },
    {
      "code": "incomplete_game_logs",
      "message": "Player has 57 logs across 82 stored team games.",
      "player_id": 353,
      "metric": null
    },
    {
      "code": "traded_mid_season",
      "message": "Player represented multiple teams.",
      "player_id": 354,
      "metric": null
    },
    {
      "code": "incomplete_game_logs",
      "message": "Player has 34 logs across 82 stored team games.",
      "player_id": 354,
      "metric": null
    },
    {
      "code": "incomplete_game_logs",
      "message": "Player has 44 logs across 82 stored team games.",
      "player_id": 356,
      "metric": null
    },
    {
      "code": "minimum_minutes_not_met",
      "message": "Player averages 8.6 minutes; 10.0 are required for benchmarks.",
      "player_id": 357,
      "metric": "points_per_game"
    },
    {
      "code": "minimum_minutes_not_met",
      "message": "Player averages 8.6 minutes; 10.0 are required for benchmarks.",
      "player_id": 357,
      "metric": "rebounds_per_game"
    },
    {
      "code": "minimum_minutes_not_met",
      "message": "Player averages 8.6 minutes; 10.0 are required for benchmarks.",
      "player_id": 357,
      "metric": "assists_per_game"
    },
    {
      "code": "minimum_minutes_not_met",
      "message": "Player averages 8.6 minutes; 10.0 are required for benchmarks.",
      "player_id": 357,
      "metric": "minutes_per_game"
    },
    {
      "code": "minimum_minutes_not_met",
      "message": "Player averages 8.6 minutes; 10.0 are required for benchmarks.",
      "player_id": 357,
      "metric": "plus_minus_per_game"
    },
    {
      "code": "minimum_minutes_not_met",
      "message": "Player averages 8.6 minutes; 10.0 are required for benchmarks.",
      "player_id": 357,
      "metric": "true_shooting_percentage"
    },
    {
      "code": "minimum_minutes_not_met",
      "message": "Player averages 8.6 minutes; 10.0 are required for benchmarks.",
      "player_id": 357,
      "metric": "field_goal_percentage"
    },
    {
      "code": "minimum_minutes_not_met",
      "message": "Player averages 8.6 minutes; 10.0 are required for benchmarks.",
      "player_id": 357,
      "metric": "three_point_percentage"
    },
    {
      "code": "minimum_minutes_not_met",
      "message": "Player averages 8.6 minutes; 10.0 are required for benchmarks.",
      "player_id": 357,
      "metric": "effective_field_goal_percentage"
    },
    {
      "code": "minimum_minutes_not_met",
      "message": "Player averages 8.6 minutes; 10.0 are required for benchmarks.",
      "player_id": 357,
      "metric": "steals_per_game"
    },
    {
      "code": "minimum_minutes_not_met",
      "message": "Player averages 8.6 minutes; 10.0 are required for benchmarks.",
      "player_id": 357,
      "metric": "blocks_per_game"
    },
    {
      "code": "minimum_minutes_not_met",
      "message": "Player averages 8.6 minutes; 10.0 are required for benchmarks.",
      "player_id": 357,
      "metric": "turnovers_per_game"
    },
    {
      "code": "minimum_minutes_not_met",
      "message": "Player averages 8.6 minutes; 10.0 are required for benchmarks.",
      "player_id": 357,
      "metric": "points_per_36"
    },
    {
      "code": "minimum_minutes_not_met",
      "message": "Player averages 8.6 minutes; 10.0 are required for benchmarks.",
      "player_id": 357,
      "metric": "rebounds_per_36"
    },
    {
      "code": "minimum_minutes_not_met",
      "message": "Player averages 8.6 minutes; 10.0 are required for benchmarks.",
      "player_id": 357,
      "metric": "assists_per_36"
    },
    {
      "code": "minimum_minutes_not_met",
      "message": "Player averages 8.6 minutes; 10.0 are required for benchmarks.",
      "player_id": 357,
      "metric": "turnovers_per_36"
    },
    {
      "code": "traded_mid_season",
      "message": "Player represented multiple teams.",
      "player_id": 357,
      "metric": null
    },
    {
      "code": "incomplete_game_logs",
      "message": "Player has 31 logs across 82 stored team games.",
      "player_id": 357,
      "metric": null
    },
    {
      "code": "incomplete_game_logs",
      "message": "Player has 74 logs across 82 stored team games.",
      "player_id": 358,
      "metric": null
    },
    {
      "code": "incomplete_game_logs",
      "message": "Player has 80 logs across 82 stored team games.",
      "player_id": 359,
      "metric": null
    },
    {
      "code": "incomplete_game_logs",
      "message": "Player has 15 logs across 82 stored team games.",
      "player_id": 360,
      "metric": null
    },
    {
      "code": "traded_mid_season",
      "message": "Player represented multiple teams.",
      "player_id": 361,
      "metric": null
    },
    {
      "code": "incomplete_game_logs",
      "message": "Player has 78 logs across 82 stored team games.",
      "player_id": 361,
      "metric": null
    },
    {
      "code": "incomplete_game_logs",
      "message": "Player has 50 logs across 82 stored team games.",
      "player_id": 363,
      "metric": null
    },
    {
      "code": "incomplete_game_logs",
      "message": "Player has 34 logs across 82 stored team games.",
      "player_id": 364,
      "metric": null
    },
    {
      "code": "incomplete_game_logs",
      "message": "Player has 77 logs across 82 stored team games.",
      "player_id": 367,
      "metric": null
    },
    {
      "code": "incomplete_game_logs",
      "message": "Player has 71 logs across 82 stored team games.",
      "player_id": 369,
      "metric": null
    },
    {
      "code": "incomplete_game_logs",
      "message": "Player has 64 logs across 82 stored team games.",
      "player_id": 370,
      "metric": null
    },
    {
      "code": "incomplete_game_logs",
      "message": "Player has 64 logs across 82 stored team games.",
      "player_id": 372,
      "metric": null
    },
    {
      "code": "incomplete_game_logs",
      "message": "Player has 17 logs across 82 stored team games.",
      "player_id": 373,
      "metric": null
    },
    {
      "code": "incomplete_game_logs",
      "message": "Player has 45 logs across 82 stored team games.",
      "player_id": 375,
      "metric": null
    },
    {
      "code": "incomplete_game_logs",
      "message": "Player has 30 logs across 82 stored team games.",
      "player_id": 376,
      "metric": null
    },
    {
      "code": "incomplete_game_logs",
      "message": "Player has 74 logs across 82 stored team games.",
      "player_id": 377,
      "metric": null
    },
    {
      "code": "incomplete_game_logs",
      "message": "Player has 33 logs across 82 stored team games.",
      "player_id": 378,
      "metric": null
    },
    {
      "code": "incomplete_game_logs",
      "message": "Player has 71 logs across 82 stored team games.",
      "player_id": 380,
      "metric": null
    },
    {
      "code": "incomplete_game_logs",
      "message": "Player has 72 logs across 82 stored team games.",
      "player_id": 381,
      "metric": null
    },
    {
      "code": "minimum_games_not_met",
      "message": "Player has 4 games; 15 are required for benchmarks.",
      "player_id": 383,
      "metric": "points_per_game"
    },
    {
      "code": "minimum_games_not_met",
      "message": "Player has 4 games; 15 are required for benchmarks.",
      "player_id": 383,
      "metric": "rebounds_per_game"
    },
    {
      "code": "minimum_games_not_met",
      "message": "Player has 4 games; 15 are required for benchmarks.",
      "player_id": 383,
      "metric": "assists_per_game"
    },
    {
      "code": "minimum_games_not_met",
      "message": "Player has 4 games; 15 are required for benchmarks.",
      "player_id": 383,
      "metric": "minutes_per_game"
    },
    {
      "code": "minimum_games_not_met",
      "message": "Player has 4 games; 15 are required for benchmarks.",
      "player_id": 383,
      "metric": "plus_minus_per_game"
    },
    {
      "code": "minimum_games_not_met",
      "message": "Player has 4 games; 15 are required for benchmarks.",
      "player_id": 383,
      "metric": "true_shooting_percentage"
    },
    {
      "code": "minimum_games_not_met",
      "message": "Player has 4 games; 15 are required for benchmarks.",
      "player_id": 383,
      "metric": "field_goal_percentage"
    },
    {
      "code": "minimum_games_not_met",
      "message": "Player has 4 games; 15 are required for benchmarks.",
      "player_id": 383,
      "metric": "three_point_percentage"
    },
    {
      "code": "minimum_games_not_met",
      "message": "Player has 4 games; 15 are required for benchmarks.",
      "player_id": 383,
      "metric": "effective_field_goal_percentage"
    },
    {
      "code": "minimum_games_not_met",
      "message": "Player has 4 games; 15 are required for benchmarks.",
      "player_id": 383,
      "metric": "steals_per_game"
    },
    {
      "code": "minimum_games_not_met",
      "message": "Player has 4 games; 15 are required for benchmarks.",
      "player_id": 383,
      "metric": "blocks_per_game"
    },
    {
      "code": "minimum_games_not_met",
      "message": "Player has 4 games; 15 are required for benchmarks.",
      "player_id": 383,
      "metric": "turnovers_per_game"
    },
    {
      "code": "minimum_games_not_met",
      "message": "Player has 4 games; 15 are required for benchmarks.",
      "player_id": 383,
      "metric": "points_per_36"
    },
    {
      "code": "minimum_games_not_met",
      "message": "Player has 4 games; 15 are required for benchmarks.",
      "player_id": 383,
      "metric": "rebounds_per_36"
    },
    {
      "code": "minimum_games_not_met",
      "message": "Player has 4 games; 15 are required for benchmarks.",
      "player_id": 383,
      "metric": "assists_per_36"
    },
    {
      "code": "minimum_games_not_met",
      "message": "Player has 4 games; 15 are required for benchmarks.",
      "player_id": 383,
      "metric": "turnovers_per_36"
    },
    {
      "code": "trend_small_sample",
      "message": "At least 10 games are required to compare recent five games to previous five.",
      "player_id": 383,
      "metric": null
    },
    {
      "code": "incomplete_game_logs",
      "message": "Player has 4 logs across 82 stored team games.",
      "player_id": 383,
      "metric": null
    },
    {
      "code": "minimum_games_not_met",
      "message": "Player has 5 games; 15 are required for benchmarks.",
      "player_id": 384,
      "metric": "points_per_game"
    },
    {
      "code": "minimum_games_not_met",
      "message": "Player has 5 games; 15 are required for benchmarks.",
      "player_id": 384,
      "metric": "rebounds_per_game"
    },
    {
      "code": "minimum_games_not_met",
      "message": "Player has 5 games; 15 are required for benchmarks.",
      "player_id": 384,
      "metric": "assists_per_game"
    },
    {
      "code": "minimum_games_not_met",
      "message": "Player has 5 games; 15 are required for benchmarks.",
      "player_id": 384,
      "metric": "minutes_per_game"
    },
    {
      "code": "minimum_games_not_met",
      "message": "Player has 5 games; 15 are required for benchmarks.",
      "player_id": 384,
      "metric": "plus_minus_per_game"
    },
    {
      "code": "minimum_games_not_met",
      "message": "Player has 5 games; 15 are required for benchmarks.",
      "player_id": 384,
      "metric": "true_shooting_percentage"
    },
    {
      "code": "minimum_games_not_met",
      "message": "Player has 5 games; 15 are required for benchmarks.",
      "player_id": 384,
      "metric": "field_goal_percentage"
    },
    {
      "code": "minimum_games_not_met",
      "message": "Player has 5 games; 15 are required for benchmarks.",
      "player_id": 384,
      "metric": "three_point_percentage"
    },
    {
      "code": "minimum_games_not_met",
      "message": "Player has 5 games; 15 are required for benchmarks.",
      "player_id": 384,
      "metric": "effective_field_goal_percentage"
    },
    {
      "code": "minimum_games_not_met",
      "message": "Player has 5 games; 15 are required for benchmarks.",
      "player_id": 384,
      "metric": "steals_per_game"
    },
    {
      "code": "minimum_games_not_met",
      "message": "Player has 5 games; 15 are required for benchmarks.",
      "player_id": 384,
      "metric": "blocks_per_game"
    },
    {
      "code": "minimum_games_not_met",
      "message": "Player has 5 games; 15 are required for benchmarks.",
      "player_id": 384,
      "metric": "turnovers_per_game"
    },
    {
      "code": "minimum_games_not_met",
      "message": "Player has 5 games; 15 are required for benchmarks.",
      "player_id": 384,
      "metric": "points_per_36"
    },
    {
      "code": "minimum_games_not_met",
      "message": "Player has 5 games; 15 are required for benchmarks.",
      "player_id": 384,
      "metric": "rebounds_per_36"
    },
    {
      "code": "minimum_games_not_met",
      "message": "Player has 5 games; 15 are required for benchmarks.",
      "player_id": 384,
      "metric": "assists_per_36"
    },
    {
      "code": "minimum_games_not_met",
      "message": "Player has 5 games; 15 are required for benchmarks.",
      "player_id": 384,
      "metric": "turnovers_per_36"
    },
    {
      "code": "trend_small_sample",
      "message": "At least 10 games are required to compare recent five games to previous five.",
      "player_id": 384,
      "metric": null
    },
    {
      "code": "incomplete_game_logs",
      "message": "Player has 5 logs across 82 stored team games.",
      "player_id": 384,
      "metric": null
    },
    {
      "code": "incomplete_game_logs",
      "message": "Player has 69 logs across 82 stored team games.",
      "player_id": 385,
      "metric": null
    },
    {
      "code": "incomplete_game_logs",
      "message": "Player has 80 logs across 82 stored team games.",
      "player_id": 386,
      "metric": null
    },
    {
      "code": "incomplete_game_logs",
      "message": "Player has 62 logs across 82 stored team games.",
      "player_id": 387,
      "metric": null
    },
    {
      "code": "incomplete_game_logs",
      "message": "Player has 70 logs across 82 stored team games.",
      "player_id": 388,
      "metric": null
    },
    {
      "code": "traded_mid_season",
      "message": "Player represented multiple teams.",
      "player_id": 389,
      "metric": null
    },
    {
      "code": "incomplete_game_logs",
      "message": "Player has 57 logs across 82 stored team games.",
      "player_id": 389,
      "metric": null
    },
    {
      "code": "incomplete_game_logs",
      "message": "Player has 60 logs across 82 stored team games.",
      "player_id": 390,
      "metric": null
    },
    {
      "code": "incomplete_game_logs",
      "message": "Player has 78 logs across 82 stored team games.",
      "player_id": 392,
      "metric": null
    },
    {
      "code": "incomplete_game_logs",
      "message": "Player has 70 logs across 82 stored team games.",
      "player_id": 394,
      "metric": null
    },
    {
      "code": "incomplete_game_logs",
      "message": "Player has 46 logs across 82 stored team games.",
      "player_id": 395,
      "metric": null
    },
    {
      "code": "incomplete_game_logs",
      "message": "Player has 73 logs across 82 stored team games.",
      "player_id": 397,
      "metric": null
    },
    {
      "code": "incomplete_game_logs",
      "message": "Player has 46 logs across 82 stored team games.",
      "player_id": 401,
      "metric": null
    },
    {
      "code": "incomplete_game_logs",
      "message": "Player has 60 logs across 82 stored team games.",
      "player_id": 404,
      "metric": null
    },
    {
      "code": "incomplete_game_logs",
      "message": "Player has 74 logs across 82 stored team games.",
      "player_id": 405,
      "metric": null
    },
    {
      "code": "incomplete_game_logs",
      "message": "Player has 79 logs across 82 stored team games.",
      "player_id": 406,
      "metric": null
    },
    {
      "code": "incomplete_game_logs",
      "message": "Player has 64 logs across 82 stored team games.",
      "player_id": 407,
      "metric": null
    },
    {
      "code": "incomplete_game_logs",
      "message": "Player has 52 logs across 82 stored team games.",
      "player_id": 408,
      "metric": null
    },
    {
      "code": "incomplete_game_logs",
      "message": "Player has 74 logs across 82 stored team games.",
      "player_id": 409,
      "metric": null
    },
    {
      "code": "traded_mid_season",
      "message": "Player represented multiple teams.",
      "player_id": 410,
      "metric": null
    },
    {
      "code": "incomplete_game_logs",
      "message": "Player has 44 logs across 82 stored team games.",
      "player_id": 410,
      "metric": null
    },
    {
      "code": "minimum_games_not_met",
      "message": "Player has 14 games; 15 are required for benchmarks.",
      "player_id": 411,
      "metric": "points_per_game"
    },
    {
      "code": "minimum_games_not_met",
      "message": "Player has 14 games; 15 are required for benchmarks.",
      "player_id": 411,
      "metric": "rebounds_per_game"
    },
    {
      "code": "minimum_games_not_met",
      "message": "Player has 14 games; 15 are required for benchmarks.",
      "player_id": 411,
      "metric": "assists_per_game"
    },
    {
      "code": "minimum_games_not_met",
      "message": "Player has 14 games; 15 are required for benchmarks.",
      "player_id": 411,
      "metric": "minutes_per_game"
    },
    {
      "code": "minimum_games_not_met",
      "message": "Player has 14 games; 15 are required for benchmarks.",
      "player_id": 411,
      "metric": "plus_minus_per_game"
    },
    {
      "code": "minimum_games_not_met",
      "message": "Player has 14 games; 15 are required for benchmarks.",
      "player_id": 411,
      "metric": "true_shooting_percentage"
    },
    {
      "code": "minimum_games_not_met",
      "message": "Player has 14 games; 15 are required for benchmarks.",
      "player_id": 411,
      "metric": "field_goal_percentage"
    },
    {
      "code": "minimum_games_not_met",
      "message": "Player has 14 games; 15 are required for benchmarks.",
      "player_id": 411,
      "metric": "three_point_percentage"
    },
    {
      "code": "minimum_games_not_met",
      "message": "Player has 14 games; 15 are required for benchmarks.",
      "player_id": 411,
      "metric": "effective_field_goal_percentage"
    },
    {
      "code": "minimum_games_not_met",
      "message": "Player has 14 games; 15 are required for benchmarks.",
      "player_id": 411,
      "metric": "steals_per_game"
    },
    {
      "code": "minimum_games_not_met",
      "message": "Player has 14 games; 15 are required for benchmarks.",
      "player_id": 411,
      "metric": "blocks_per_game"
    },
    {
      "code": "minimum_games_not_met",
      "message": "Player has 14 games; 15 are required for benchmarks.",
      "player_id": 411,
      "metric": "turnovers_per_game"
    },
    {
      "code": "minimum_games_not_met",
      "message": "Player has 14 games; 15 are required for benchmarks.",
      "player_id": 411,
      "metric": "points_per_36"
    },
    {
      "code": "minimum_games_not_met",
      "message": "Player has 14 games; 15 are required for benchmarks.",
      "player_id": 411,
      "metric": "rebounds_per_36"
    },
    {
      "code": "minimum_games_not_met",
      "message": "Player has 14 games; 15 are required for benchmarks.",
      "player_id": 411,
      "metric": "assists_per_36"
    },
    {
      "code": "minimum_games_not_met",
      "message": "Player has 14 games; 15 are required for benchmarks.",
      "player_id": 411,
      "metric": "turnovers_per_36"
    },
    {
      "code": "incomplete_game_logs",
      "message": "Player has 14 logs across 82 stored team games.",
      "player_id": 411,
      "metric": null
    },
    {
      "code": "incomplete_game_logs",
      "message": "Player has 61 logs across 82 stored team games.",
      "player_id": 412,
      "metric": null
    },
    {
      "code": "incomplete_game_logs",
      "message": "Player has 37 logs across 82 stored team games.",
      "player_id": 413,
      "metric": null
    },
    {
      "code": "incomplete_game_logs",
      "message": "Player has 57 logs across 82 stored team games.",
      "player_id": 414,
      "metric": null
    },
    {
      "code": "minimum_minutes_not_met",
      "message": "Player averages 3.4 minutes; 10.0 are required for benchmarks.",
      "player_id": 415,
      "metric": "points_per_game"
    },
    {
      "code": "minimum_minutes_not_met",
      "message": "Player averages 3.4 minutes; 10.0 are required for benchmarks.",
      "player_id": 415,
      "metric": "rebounds_per_game"
    },
    {
      "code": "minimum_minutes_not_met",
      "message": "Player averages 3.4 minutes; 10.0 are required for benchmarks.",
      "player_id": 415,
      "metric": "assists_per_game"
    },
    {
      "code": "minimum_minutes_not_met",
      "message": "Player averages 3.4 minutes; 10.0 are required for benchmarks.",
      "player_id": 415,
      "metric": "minutes_per_game"
    },
    {
      "code": "minimum_minutes_not_met",
      "message": "Player averages 3.4 minutes; 10.0 are required for benchmarks.",
      "player_id": 415,
      "metric": "plus_minus_per_game"
    },
    {
      "code": "minimum_minutes_not_met",
      "message": "Player averages 3.4 minutes; 10.0 are required for benchmarks.",
      "player_id": 415,
      "metric": "true_shooting_percentage"
    },
    {
      "code": "minimum_minutes_not_met",
      "message": "Player averages 3.4 minutes; 10.0 are required for benchmarks.",
      "player_id": 415,
      "metric": "field_goal_percentage"
    },
    {
      "code": "minimum_minutes_not_met",
      "message": "Player averages 3.4 minutes; 10.0 are required for benchmarks.",
      "player_id": 415,
      "metric": "three_point_percentage"
    },
    {
      "code": "minimum_minutes_not_met",
      "message": "Player averages 3.4 minutes; 10.0 are required for benchmarks.",
      "player_id": 415,
      "metric": "effective_field_goal_percentage"
    },
    {
      "code": "minimum_minutes_not_met",
      "message": "Player averages 3.4 minutes; 10.0 are required for benchmarks.",
      "player_id": 415,
      "metric": "steals_per_game"
    },
    {
      "code": "minimum_minutes_not_met",
      "message": "Player averages 3.4 minutes; 10.0 are required for benchmarks.",
      "player_id": 415,
      "metric": "blocks_per_game"
    },
    {
      "code": "minimum_minutes_not_met",
      "message": "Player averages 3.4 minutes; 10.0 are required for benchmarks.",
      "player_id": 415,
      "metric": "turnovers_per_game"
    },
    {
      "code": "minimum_minutes_not_met",
      "message": "Player averages 3.4 minutes; 10.0 are required for benchmarks.",
      "player_id": 415,
      "metric": "points_per_36"
    },
    {
      "code": "minimum_minutes_not_met",
      "message": "Player averages 3.4 minutes; 10.0 are required for benchmarks.",
      "player_id": 415,
      "metric": "rebounds_per_36"
    },
    {
      "code": "minimum_minutes_not_met",
      "message": "Player averages 3.4 minutes; 10.0 are required for benchmarks.",
      "player_id": 415,
      "metric": "assists_per_36"
    },
    {
      "code": "minimum_minutes_not_met",
      "message": "Player averages 3.4 minutes; 10.0 are required for benchmarks.",
      "player_id": 415,
      "metric": "turnovers_per_36"
    },
    {
      "code": "incomplete_game_logs",
      "message": "Player has 19 logs across 82 stored team games.",
      "player_id": 415,
      "metric": null
    },
    {
      "code": "minimum_minutes_not_met",
      "message": "Player averages 6.2 minutes; 10.0 are required for benchmarks.",
      "player_id": 416,
      "metric": "points_per_game"
    },
    {
      "code": "minimum_minutes_not_met",
      "message": "Player averages 6.2 minutes; 10.0 are required for benchmarks.",
      "player_id": 416,
      "metric": "rebounds_per_game"
    },
    {
      "code": "minimum_minutes_not_met",
      "message": "Player averages 6.2 minutes; 10.0 are required for benchmarks.",
      "player_id": 416,
      "metric": "assists_per_game"
    },
    {
      "code": "minimum_minutes_not_met",
      "message": "Player averages 6.2 minutes; 10.0 are required for benchmarks.",
      "player_id": 416,
      "metric": "minutes_per_game"
    },
    {
      "code": "minimum_minutes_not_met",
      "message": "Player averages 6.2 minutes; 10.0 are required for benchmarks.",
      "player_id": 416,
      "metric": "plus_minus_per_game"
    },
    {
      "code": "minimum_minutes_not_met",
      "message": "Player averages 6.2 minutes; 10.0 are required for benchmarks.",
      "player_id": 416,
      "metric": "true_shooting_percentage"
    },
    {
      "code": "minimum_minutes_not_met",
      "message": "Player averages 6.2 minutes; 10.0 are required for benchmarks.",
      "player_id": 416,
      "metric": "field_goal_percentage"
    },
    {
      "code": "minimum_minutes_not_met",
      "message": "Player averages 6.2 minutes; 10.0 are required for benchmarks.",
      "player_id": 416,
      "metric": "three_point_percentage"
    },
    {
      "code": "minimum_minutes_not_met",
      "message": "Player averages 6.2 minutes; 10.0 are required for benchmarks.",
      "player_id": 416,
      "metric": "effective_field_goal_percentage"
    },
    {
      "code": "minimum_minutes_not_met",
      "message": "Player averages 6.2 minutes; 10.0 are required for benchmarks.",
      "player_id": 416,
      "metric": "steals_per_game"
    },
    {
      "code": "minimum_minutes_not_met",
      "message": "Player averages 6.2 minutes; 10.0 are required for benchmarks.",
      "player_id": 416,
      "metric": "blocks_per_game"
    },
    {
      "code": "minimum_minutes_not_met",
      "message": "Player averages 6.2 minutes; 10.0 are required for benchmarks.",
      "player_id": 416,
      "metric": "turnovers_per_game"
    },
    {
      "code": "minimum_minutes_not_met",
      "message": "Player averages 6.2 minutes; 10.0 are required for benchmarks.",
      "player_id": 416,
      "metric": "points_per_36"
    },
    {
      "code": "minimum_minutes_not_met",
      "message": "Player averages 6.2 minutes; 10.0 are required for benchmarks.",
      "player_id": 416,
      "metric": "rebounds_per_36"
    },
    {
      "code": "minimum_minutes_not_met",
      "message": "Player averages 6.2 minutes; 10.0 are required for benchmarks.",
      "player_id": 416,
      "metric": "assists_per_36"
    },
    {
      "code": "minimum_minutes_not_met",
      "message": "Player averages 6.2 minutes; 10.0 are required for benchmarks.",
      "player_id": 416,
      "metric": "turnovers_per_36"
    },
    {
      "code": "incomplete_game_logs",
      "message": "Player has 18 logs across 82 stored team games.",
      "player_id": 416,
      "metric": null
    },
    {
      "code": "incomplete_game_logs",
      "message": "Player has 46 logs across 82 stored team games.",
      "player_id": 417,
      "metric": null
    },
    {
      "code": "incomplete_game_logs",
      "message": "Player has 78 logs across 82 stored team games.",
      "player_id": 418,
      "metric": null
    },
    {
      "code": "incomplete_game_logs",
      "message": "Player has 41 logs across 82 stored team games.",
      "player_id": 419,
      "metric": null
    },
    {
      "code": "minimum_minutes_not_met",
      "message": "Player averages 6.4 minutes; 10.0 are required for benchmarks.",
      "player_id": 420,
      "metric": "points_per_game"
    },
    {
      "code": "minimum_minutes_not_met",
      "message": "Player averages 6.4 minutes; 10.0 are required for benchmarks.",
      "player_id": 420,
      "metric": "rebounds_per_game"
    },
    {
      "code": "minimum_minutes_not_met",
      "message": "Player averages 6.4 minutes; 10.0 are required for benchmarks.",
      "player_id": 420,
      "metric": "assists_per_game"
    },
    {
      "code": "minimum_minutes_not_met",
      "message": "Player averages 6.4 minutes; 10.0 are required for benchmarks.",
      "player_id": 420,
      "metric": "minutes_per_game"
    },
    {
      "code": "minimum_minutes_not_met",
      "message": "Player averages 6.4 minutes; 10.0 are required for benchmarks.",
      "player_id": 420,
      "metric": "plus_minus_per_game"
    },
    {
      "code": "minimum_minutes_not_met",
      "message": "Player averages 6.4 minutes; 10.0 are required for benchmarks.",
      "player_id": 420,
      "metric": "true_shooting_percentage"
    },
    {
      "code": "minimum_minutes_not_met",
      "message": "Player averages 6.4 minutes; 10.0 are required for benchmarks.",
      "player_id": 420,
      "metric": "field_goal_percentage"
    },
    {
      "code": "minimum_minutes_not_met",
      "message": "Player averages 6.4 minutes; 10.0 are required for benchmarks.",
      "player_id": 420,
      "metric": "three_point_percentage"
    },
    {
      "code": "minimum_minutes_not_met",
      "message": "Player averages 6.4 minutes; 10.0 are required for benchmarks.",
      "player_id": 420,
      "metric": "effective_field_goal_percentage"
    },
    {
      "code": "minimum_minutes_not_met",
      "message": "Player averages 6.4 minutes; 10.0 are required for benchmarks.",
      "player_id": 420,
      "metric": "steals_per_game"
    },
    {
      "code": "minimum_minutes_not_met",
      "message": "Player averages 6.4 minutes; 10.0 are required for benchmarks.",
      "player_id": 420,
      "metric": "blocks_per_game"
    },
    {
      "code": "minimum_minutes_not_met",
      "message": "Player averages 6.4 minutes; 10.0 are required for benchmarks.",
      "player_id": 420,
      "metric": "turnovers_per_game"
    },
    {
      "code": "minimum_minutes_not_met",
      "message": "Player averages 6.4 minutes; 10.0 are required for benchmarks.",
      "player_id": 420,
      "metric": "points_per_36"
    },
    {
      "code": "minimum_minutes_not_met",
      "message": "Player averages 6.4 minutes; 10.0 are required for benchmarks.",
      "player_id": 420,
      "metric": "rebounds_per_36"
    },
    {
      "code": "minimum_minutes_not_met",
      "message": "Player averages 6.4 minutes; 10.0 are required for benchmarks.",
      "player_id": 420,
      "metric": "assists_per_36"
    },
    {
      "code": "minimum_minutes_not_met",
      "message": "Player averages 6.4 minutes; 10.0 are required for benchmarks.",
      "player_id": 420,
      "metric": "turnovers_per_36"
    },
    {
      "code": "incomplete_game_logs",
      "message": "Player has 39 logs across 82 stored team games.",
      "player_id": 420,
      "metric": null
    },
    {
      "code": "incomplete_game_logs",
      "message": "Player has 63 logs across 82 stored team games.",
      "player_id": 421,
      "metric": null
    },
    {
      "code": "incomplete_game_logs",
      "message": "Player has 41 logs across 82 stored team games.",
      "player_id": 422,
      "metric": null
    },
    {
      "code": "minimum_minutes_not_met",
      "message": "Player averages 9.8 minutes; 10.0 are required for benchmarks.",
      "player_id": 423,
      "metric": "points_per_game"
    },
    {
      "code": "minimum_minutes_not_met",
      "message": "Player averages 9.8 minutes; 10.0 are required for benchmarks.",
      "player_id": 423,
      "metric": "rebounds_per_game"
    },
    {
      "code": "minimum_minutes_not_met",
      "message": "Player averages 9.8 minutes; 10.0 are required for benchmarks.",
      "player_id": 423,
      "metric": "assists_per_game"
    },
    {
      "code": "minimum_minutes_not_met",
      "message": "Player averages 9.8 minutes; 10.0 are required for benchmarks.",
      "player_id": 423,
      "metric": "minutes_per_game"
    },
    {
      "code": "minimum_minutes_not_met",
      "message": "Player averages 9.8 minutes; 10.0 are required for benchmarks.",
      "player_id": 423,
      "metric": "plus_minus_per_game"
    },
    {
      "code": "minimum_minutes_not_met",
      "message": "Player averages 9.8 minutes; 10.0 are required for benchmarks.",
      "player_id": 423,
      "metric": "true_shooting_percentage"
    },
    {
      "code": "minimum_minutes_not_met",
      "message": "Player averages 9.8 minutes; 10.0 are required for benchmarks.",
      "player_id": 423,
      "metric": "field_goal_percentage"
    },
    {
      "code": "minimum_minutes_not_met",
      "message": "Player averages 9.8 minutes; 10.0 are required for benchmarks.",
      "player_id": 423,
      "metric": "three_point_percentage"
    },
    {
      "code": "minimum_minutes_not_met",
      "message": "Player averages 9.8 minutes; 10.0 are required for benchmarks.",
      "player_id": 423,
      "metric": "effective_field_goal_percentage"
    },
    {
      "code": "minimum_minutes_not_met",
      "message": "Player averages 9.8 minutes; 10.0 are required for benchmarks.",
      "player_id": 423,
      "metric": "steals_per_game"
    },
    {
      "code": "minimum_minutes_not_met",
      "message": "Player averages 9.8 minutes; 10.0 are required for benchmarks.",
      "player_id": 423,
      "metric": "blocks_per_game"
    },
    {
      "code": "minimum_minutes_not_met",
      "message": "Player averages 9.8 minutes; 10.0 are required for benchmarks.",
      "player_id": 423,
      "metric": "turnovers_per_game"
    },
    {
      "code": "minimum_minutes_not_met",
      "message": "Player averages 9.8 minutes; 10.0 are required for benchmarks.",
      "player_id": 423,
      "metric": "points_per_36"
    },
    {
      "code": "minimum_minutes_not_met",
      "message": "Player averages 9.8 minutes; 10.0 are required for benchmarks.",
      "player_id": 423,
      "metric": "rebounds_per_36"
    },
    {
      "code": "minimum_minutes_not_met",
      "message": "Player averages 9.8 minutes; 10.0 are required for benchmarks.",
      "player_id": 423,
      "metric": "assists_per_36"
    },
    {
      "code": "minimum_minutes_not_met",
      "message": "Player averages 9.8 minutes; 10.0 are required for benchmarks.",
      "player_id": 423,
      "metric": "turnovers_per_36"
    },
    {
      "code": "incomplete_game_logs",
      "message": "Player has 45 logs across 82 stored team games.",
      "player_id": 423,
      "metric": null
    },
    {
      "code": "incomplete_game_logs",
      "message": "Player has 80 logs across 82 stored team games.",
      "player_id": 424,
      "metric": null
    },
    {
      "code": "incomplete_game_logs",
      "message": "Player has 55 logs across 82 stored team games.",
      "player_id": 425,
      "metric": null
    },
    {
      "code": "minimum_games_not_met",
      "message": "Player has 13 games; 15 are required for benchmarks.",
      "player_id": 426,
      "metric": "points_per_game"
    },
    {
      "code": "minimum_games_not_met",
      "message": "Player has 13 games; 15 are required for benchmarks.",
      "player_id": 426,
      "metric": "rebounds_per_game"
    },
    {
      "code": "minimum_games_not_met",
      "message": "Player has 13 games; 15 are required for benchmarks.",
      "player_id": 426,
      "metric": "assists_per_game"
    },
    {
      "code": "minimum_games_not_met",
      "message": "Player has 13 games; 15 are required for benchmarks.",
      "player_id": 426,
      "metric": "minutes_per_game"
    },
    {
      "code": "minimum_games_not_met",
      "message": "Player has 13 games; 15 are required for benchmarks.",
      "player_id": 426,
      "metric": "plus_minus_per_game"
    },
    {
      "code": "minimum_games_not_met",
      "message": "Player has 13 games; 15 are required for benchmarks.",
      "player_id": 426,
      "metric": "true_shooting_percentage"
    },
    {
      "code": "minimum_games_not_met",
      "message": "Player has 13 games; 15 are required for benchmarks.",
      "player_id": 426,
      "metric": "field_goal_percentage"
    },
    {
      "code": "minimum_games_not_met",
      "message": "Player has 13 games; 15 are required for benchmarks.",
      "player_id": 426,
      "metric": "three_point_percentage"
    },
    {
      "code": "minimum_games_not_met",
      "message": "Player has 13 games; 15 are required for benchmarks.",
      "player_id": 426,
      "metric": "effective_field_goal_percentage"
    },
    {
      "code": "minimum_games_not_met",
      "message": "Player has 13 games; 15 are required for benchmarks.",
      "player_id": 426,
      "metric": "steals_per_game"
    },
    {
      "code": "minimum_games_not_met",
      "message": "Player has 13 games; 15 are required for benchmarks.",
      "player_id": 426,
      "metric": "blocks_per_game"
    },
    {
      "code": "minimum_games_not_met",
      "message": "Player has 13 games; 15 are required for benchmarks.",
      "player_id": 426,
      "metric": "turnovers_per_game"
    },
    {
      "code": "minimum_games_not_met",
      "message": "Player has 13 games; 15 are required for benchmarks.",
      "player_id": 426,
      "metric": "points_per_36"
    },
    {
      "code": "minimum_games_not_met",
      "message": "Player has 13 games; 15 are required for benchmarks.",
      "player_id": 426,
      "metric": "rebounds_per_36"
    },
    {
      "code": "minimum_games_not_met",
      "message": "Player has 13 games; 15 are required for benchmarks.",
      "player_id": 426,
      "metric": "assists_per_36"
    },
    {
      "code": "minimum_games_not_met",
      "message": "Player has 13 games; 15 are required for benchmarks.",
      "player_id": 426,
      "metric": "turnovers_per_36"
    },
    {
      "code": "traded_mid_season",
      "message": "Player represented multiple teams.",
      "player_id": 426,
      "metric": null
    },
    {
      "code": "incomplete_game_logs",
      "message": "Player has 13 logs across 82 stored team games.",
      "player_id": 426,
      "metric": null
    },
    {
      "code": "incomplete_game_logs",
      "message": "Player has 68 logs across 82 stored team games.",
      "player_id": 427,
      "metric": null
    },
    {
      "code": "incomplete_game_logs",
      "message": "Player has 57 logs across 82 stored team games.",
      "player_id": 428,
      "metric": null
    },
    {
      "code": "traded_mid_season",
      "message": "Player represented multiple teams.",
      "player_id": 429,
      "metric": null
    },
    {
      "code": "incomplete_game_logs",
      "message": "Player has 75 logs across 82 stored team games.",
      "player_id": 429,
      "metric": null
    },
    {
      "code": "incomplete_game_logs",
      "message": "Player has 28 logs across 82 stored team games.",
      "player_id": 430,
      "metric": null
    },
    {
      "code": "incomplete_game_logs",
      "message": "Player has 42 logs across 82 stored team games.",
      "player_id": 431,
      "metric": null
    },
    {
      "code": "incomplete_game_logs",
      "message": "Player has 58 logs across 82 stored team games.",
      "player_id": 432,
      "metric": null
    },
    {
      "code": "minimum_games_not_met",
      "message": "Player has 11 games; 15 are required for benchmarks.",
      "player_id": 434,
      "metric": "points_per_game"
    },
    {
      "code": "minimum_minutes_not_met",
      "message": "Player averages 6.5 minutes; 10.0 are required for benchmarks.",
      "player_id": 434,
      "metric": "points_per_game"
    },
    {
      "code": "minimum_games_not_met",
      "message": "Player has 11 games; 15 are required for benchmarks.",
      "player_id": 434,
      "metric": "rebounds_per_game"
    },
    {
      "code": "minimum_minutes_not_met",
      "message": "Player averages 6.5 minutes; 10.0 are required for benchmarks.",
      "player_id": 434,
      "metric": "rebounds_per_game"
    },
    {
      "code": "minimum_games_not_met",
      "message": "Player has 11 games; 15 are required for benchmarks.",
      "player_id": 434,
      "metric": "assists_per_game"
    },
    {
      "code": "minimum_minutes_not_met",
      "message": "Player averages 6.5 minutes; 10.0 are required for benchmarks.",
      "player_id": 434,
      "metric": "assists_per_game"
    },
    {
      "code": "minimum_games_not_met",
      "message": "Player has 11 games; 15 are required for benchmarks.",
      "player_id": 434,
      "metric": "minutes_per_game"
    },
    {
      "code": "minimum_minutes_not_met",
      "message": "Player averages 6.5 minutes; 10.0 are required for benchmarks.",
      "player_id": 434,
      "metric": "minutes_per_game"
    },
    {
      "code": "minimum_games_not_met",
      "message": "Player has 11 games; 15 are required for benchmarks.",
      "player_id": 434,
      "metric": "plus_minus_per_game"
    },
    {
      "code": "minimum_minutes_not_met",
      "message": "Player averages 6.5 minutes; 10.0 are required for benchmarks.",
      "player_id": 434,
      "metric": "plus_minus_per_game"
    },
    {
      "code": "minimum_games_not_met",
      "message": "Player has 11 games; 15 are required for benchmarks.",
      "player_id": 434,
      "metric": "true_shooting_percentage"
    },
    {
      "code": "minimum_minutes_not_met",
      "message": "Player averages 6.5 minutes; 10.0 are required for benchmarks.",
      "player_id": 434,
      "metric": "true_shooting_percentage"
    },
    {
      "code": "minimum_games_not_met",
      "message": "Player has 11 games; 15 are required for benchmarks.",
      "player_id": 434,
      "metric": "field_goal_percentage"
    },
    {
      "code": "minimum_minutes_not_met",
      "message": "Player averages 6.5 minutes; 10.0 are required for benchmarks.",
      "player_id": 434,
      "metric": "field_goal_percentage"
    },
    {
      "code": "minimum_games_not_met",
      "message": "Player has 11 games; 15 are required for benchmarks.",
      "player_id": 434,
      "metric": "three_point_percentage"
    },
    {
      "code": "minimum_minutes_not_met",
      "message": "Player averages 6.5 minutes; 10.0 are required for benchmarks.",
      "player_id": 434,
      "metric": "three_point_percentage"
    },
    {
      "code": "minimum_games_not_met",
      "message": "Player has 11 games; 15 are required for benchmarks.",
      "player_id": 434,
      "metric": "effective_field_goal_percentage"
    },
    {
      "code": "minimum_minutes_not_met",
      "message": "Player averages 6.5 minutes; 10.0 are required for benchmarks.",
      "player_id": 434,
      "metric": "effective_field_goal_percentage"
    },
    {
      "code": "minimum_games_not_met",
      "message": "Player has 11 games; 15 are required for benchmarks.",
      "player_id": 434,
      "metric": "steals_per_game"
    },
    {
      "code": "minimum_minutes_not_met",
      "message": "Player averages 6.5 minutes; 10.0 are required for benchmarks.",
      "player_id": 434,
      "metric": "steals_per_game"
    },
    {
      "code": "minimum_games_not_met",
      "message": "Player has 11 games; 15 are required for benchmarks.",
      "player_id": 434,
      "metric": "blocks_per_game"
    },
    {
      "code": "minimum_minutes_not_met",
      "message": "Player averages 6.5 minutes; 10.0 are required for benchmarks.",
      "player_id": 434,
      "metric": "blocks_per_game"
    },
    {
      "code": "minimum_games_not_met",
      "message": "Player has 11 games; 15 are required for benchmarks.",
      "player_id": 434,
      "metric": "turnovers_per_game"
    },
    {
      "code": "minimum_minutes_not_met",
      "message": "Player averages 6.5 minutes; 10.0 are required for benchmarks.",
      "player_id": 434,
      "metric": "turnovers_per_game"
    },
    {
      "code": "minimum_games_not_met",
      "message": "Player has 11 games; 15 are required for benchmarks.",
      "player_id": 434,
      "metric": "points_per_36"
    },
    {
      "code": "minimum_minutes_not_met",
      "message": "Player averages 6.5 minutes; 10.0 are required for benchmarks.",
      "player_id": 434,
      "metric": "points_per_36"
    },
    {
      "code": "minimum_games_not_met",
      "message": "Player has 11 games; 15 are required for benchmarks.",
      "player_id": 434,
      "metric": "rebounds_per_36"
    },
    {
      "code": "minimum_minutes_not_met",
      "message": "Player averages 6.5 minutes; 10.0 are required for benchmarks.",
      "player_id": 434,
      "metric": "rebounds_per_36"
    },
    {
      "code": "minimum_games_not_met",
      "message": "Player has 11 games; 15 are required for benchmarks.",
      "player_id": 434,
      "metric": "assists_per_36"
    },
    {
      "code": "minimum_minutes_not_met",
      "message": "Player averages 6.5 minutes; 10.0 are required for benchmarks.",
      "player_id": 434,
      "metric": "assists_per_36"
    },
    {
      "code": "minimum_games_not_met",
      "message": "Player has 11 games; 15 are required for benchmarks.",
      "player_id": 434,
      "metric": "turnovers_per_36"
    },
    {
      "code": "minimum_minutes_not_met",
      "message": "Player averages 6.5 minutes; 10.0 are required for benchmarks.",
      "player_id": 434,
      "metric": "turnovers_per_36"
    },
    {
      "code": "incomplete_game_logs",
      "message": "Player has 11 logs across 82 stored team games.",
      "player_id": 434,
      "metric": null
    },
    {
      "code": "minimum_minutes_not_met",
      "message": "Player averages 8.8 minutes; 10.0 are required for benchmarks.",
      "player_id": 435,
      "metric": "points_per_game"
    },
    {
      "code": "minimum_minutes_not_met",
      "message": "Player averages 8.8 minutes; 10.0 are required for benchmarks.",
      "player_id": 435,
      "metric": "rebounds_per_game"
    },
    {
      "code": "minimum_minutes_not_met",
      "message": "Player averages 8.8 minutes; 10.0 are required for benchmarks.",
      "player_id": 435,
      "metric": "assists_per_game"
    },
    {
      "code": "minimum_minutes_not_met",
      "message": "Player averages 8.8 minutes; 10.0 are required for benchmarks.",
      "player_id": 435,
      "metric": "minutes_per_game"
    },
    {
      "code": "minimum_minutes_not_met",
      "message": "Player averages 8.8 minutes; 10.0 are required for benchmarks.",
      "player_id": 435,
      "metric": "plus_minus_per_game"
    },
    {
      "code": "minimum_minutes_not_met",
      "message": "Player averages 8.8 minutes; 10.0 are required for benchmarks.",
      "player_id": 435,
      "metric": "true_shooting_percentage"
    },
    {
      "code": "minimum_minutes_not_met",
      "message": "Player averages 8.8 minutes; 10.0 are required for benchmarks.",
      "player_id": 435,
      "metric": "field_goal_percentage"
    },
    {
      "code": "minimum_minutes_not_met",
      "message": "Player averages 8.8 minutes; 10.0 are required for benchmarks.",
      "player_id": 435,
      "metric": "three_point_percentage"
    },
    {
      "code": "minimum_minutes_not_met",
      "message": "Player averages 8.8 minutes; 10.0 are required for benchmarks.",
      "player_id": 435,
      "metric": "effective_field_goal_percentage"
    },
    {
      "code": "minimum_minutes_not_met",
      "message": "Player averages 8.8 minutes; 10.0 are required for benchmarks.",
      "player_id": 435,
      "metric": "steals_per_game"
    },
    {
      "code": "minimum_minutes_not_met",
      "message": "Player averages 8.8 minutes; 10.0 are required for benchmarks.",
      "player_id": 435,
      "metric": "blocks_per_game"
    },
    {
      "code": "minimum_minutes_not_met",
      "message": "Player averages 8.8 minutes; 10.0 are required for benchmarks.",
      "player_id": 435,
      "metric": "turnovers_per_game"
    },
    {
      "code": "minimum_minutes_not_met",
      "message": "Player averages 8.8 minutes; 10.0 are required for benchmarks.",
      "player_id": 435,
      "metric": "points_per_36"
    },
    {
      "code": "minimum_minutes_not_met",
      "message": "Player averages 8.8 minutes; 10.0 are required for benchmarks.",
      "player_id": 435,
      "metric": "rebounds_per_36"
    },
    {
      "code": "minimum_minutes_not_met",
      "message": "Player averages 8.8 minutes; 10.0 are required for benchmarks.",
      "player_id": 435,
      "metric": "assists_per_36"
    },
    {
      "code": "minimum_minutes_not_met",
      "message": "Player averages 8.8 minutes; 10.0 are required for benchmarks.",
      "player_id": 435,
      "metric": "turnovers_per_36"
    },
    {
      "code": "incomplete_game_logs",
      "message": "Player has 52 logs across 82 stored team games.",
      "player_id": 435,
      "metric": null
    },
    {
      "code": "incomplete_game_logs",
      "message": "Player has 52 logs across 82 stored team games.",
      "player_id": 436,
      "metric": null
    },
    {
      "code": "minimum_games_not_met",
      "message": "Player has 1 games; 15 are required for benchmarks.",
      "player_id": 437,
      "metric": "points_per_game"
    },
    {
      "code": "minimum_minutes_not_met",
      "message": "Player averages 7.0 minutes; 10.0 are required for benchmarks.",
      "player_id": 437,
      "metric": "points_per_game"
    },
    {
      "code": "minimum_games_not_met",
      "message": "Player has 1 games; 15 are required for benchmarks.",
      "player_id": 437,
      "metric": "rebounds_per_game"
    },
    {
      "code": "minimum_minutes_not_met",
      "message": "Player averages 7.0 minutes; 10.0 are required for benchmarks.",
      "player_id": 437,
      "metric": "rebounds_per_game"
    },
    {
      "code": "minimum_games_not_met",
      "message": "Player has 1 games; 15 are required for benchmarks.",
      "player_id": 437,
      "metric": "assists_per_game"
    },
    {
      "code": "minimum_minutes_not_met",
      "message": "Player averages 7.0 minutes; 10.0 are required for benchmarks.",
      "player_id": 437,
      "metric": "assists_per_game"
    },
    {
      "code": "minimum_games_not_met",
      "message": "Player has 1 games; 15 are required for benchmarks.",
      "player_id": 437,
      "metric": "minutes_per_game"
    },
    {
      "code": "minimum_minutes_not_met",
      "message": "Player averages 7.0 minutes; 10.0 are required for benchmarks.",
      "player_id": 437,
      "metric": "minutes_per_game"
    },
    {
      "code": "minimum_games_not_met",
      "message": "Player has 1 games; 15 are required for benchmarks.",
      "player_id": 437,
      "metric": "plus_minus_per_game"
    },
    {
      "code": "minimum_minutes_not_met",
      "message": "Player averages 7.0 minutes; 10.0 are required for benchmarks.",
      "player_id": 437,
      "metric": "plus_minus_per_game"
    },
    {
      "code": "minimum_games_not_met",
      "message": "Player has 1 games; 15 are required for benchmarks.",
      "player_id": 437,
      "metric": "true_shooting_percentage"
    },
    {
      "code": "minimum_minutes_not_met",
      "message": "Player averages 7.0 minutes; 10.0 are required for benchmarks.",
      "player_id": 437,
      "metric": "true_shooting_percentage"
    },
    {
      "code": "minimum_games_not_met",
      "message": "Player has 1 games; 15 are required for benchmarks.",
      "player_id": 437,
      "metric": "field_goal_percentage"
    },
    {
      "code": "minimum_minutes_not_met",
      "message": "Player averages 7.0 minutes; 10.0 are required for benchmarks.",
      "player_id": 437,
      "metric": "field_goal_percentage"
    },
    {
      "code": "minimum_games_not_met",
      "message": "Player has 1 games; 15 are required for benchmarks.",
      "player_id": 437,
      "metric": "three_point_percentage"
    },
    {
      "code": "minimum_minutes_not_met",
      "message": "Player averages 7.0 minutes; 10.0 are required for benchmarks.",
      "player_id": 437,
      "metric": "three_point_percentage"
    },
    {
      "code": "minimum_games_not_met",
      "message": "Player has 1 games; 15 are required for benchmarks.",
      "player_id": 437,
      "metric": "effective_field_goal_percentage"
    },
    {
      "code": "minimum_minutes_not_met",
      "message": "Player averages 7.0 minutes; 10.0 are required for benchmarks.",
      "player_id": 437,
      "metric": "effective_field_goal_percentage"
    },
    {
      "code": "minimum_games_not_met",
      "message": "Player has 1 games; 15 are required for benchmarks.",
      "player_id": 437,
      "metric": "steals_per_game"
    },
    {
      "code": "minimum_minutes_not_met",
      "message": "Player averages 7.0 minutes; 10.0 are required for benchmarks.",
      "player_id": 437,
      "metric": "steals_per_game"
    },
    {
      "code": "minimum_games_not_met",
      "message": "Player has 1 games; 15 are required for benchmarks.",
      "player_id": 437,
      "metric": "blocks_per_game"
    },
    {
      "code": "minimum_minutes_not_met",
      "message": "Player averages 7.0 minutes; 10.0 are required for benchmarks.",
      "player_id": 437,
      "metric": "blocks_per_game"
    },
    {
      "code": "minimum_games_not_met",
      "message": "Player has 1 games; 15 are required for benchmarks.",
      "player_id": 437,
      "metric": "turnovers_per_game"
    },
    {
      "code": "minimum_minutes_not_met",
      "message": "Player averages 7.0 minutes; 10.0 are required for benchmarks.",
      "player_id": 437,
      "metric": "turnovers_per_game"
    },
    {
      "code": "minimum_games_not_met",
      "message": "Player has 1 games; 15 are required for benchmarks.",
      "player_id": 437,
      "metric": "points_per_36"
    },
    {
      "code": "minimum_minutes_not_met",
      "message": "Player averages 7.0 minutes; 10.0 are required for benchmarks.",
      "player_id": 437,
      "metric": "points_per_36"
    },
    {
      "code": "minimum_games_not_met",
      "message": "Player has 1 games; 15 are required for benchmarks.",
      "player_id": 437,
      "metric": "rebounds_per_36"
    },
    {
      "code": "minimum_minutes_not_met",
      "message": "Player averages 7.0 minutes; 10.0 are required for benchmarks.",
      "player_id": 437,
      "metric": "rebounds_per_36"
    },
    {
      "code": "minimum_games_not_met",
      "message": "Player has 1 games; 15 are required for benchmarks.",
      "player_id": 437,
      "metric": "assists_per_36"
    },
    {
      "code": "minimum_minutes_not_met",
      "message": "Player averages 7.0 minutes; 10.0 are required for benchmarks.",
      "player_id": 437,
      "metric": "assists_per_36"
    },
    {
      "code": "minimum_games_not_met",
      "message": "Player has 1 games; 15 are required for benchmarks.",
      "player_id": 437,
      "metric": "turnovers_per_36"
    },
    {
      "code": "minimum_minutes_not_met",
      "message": "Player averages 7.0 minutes; 10.0 are required for benchmarks.",
      "player_id": 437,
      "metric": "turnovers_per_36"
    },
    {
      "code": "trend_small_sample",
      "message": "At least 10 games are required to compare recent five games to previous five.",
      "player_id": 437,
      "metric": null
    },
    {
      "code": "incomplete_game_logs",
      "message": "Player has 1 logs across 82 stored team games.",
      "player_id": 437,
      "metric": null
    },
    {
      "code": "incomplete_game_logs",
      "message": "Player has 49 logs across 82 stored team games.",
      "player_id": 438,
      "metric": null
    },
    {
      "code": "incomplete_game_logs",
      "message": "Player has 20 logs across 82 stored team games.",
      "player_id": 439,
      "metric": null
    },
    {
      "code": "minimum_games_not_met",
      "message": "Player has 1 games; 15 are required for benchmarks.",
      "player_id": 441,
      "metric": "points_per_game"
    },
    {
      "code": "minimum_games_not_met",
      "message": "Player has 1 games; 15 are required for benchmarks.",
      "player_id": 441,
      "metric": "rebounds_per_game"
    },
    {
      "code": "minimum_games_not_met",
      "message": "Player has 1 games; 15 are required for benchmarks.",
      "player_id": 441,
      "metric": "assists_per_game"
    },
    {
      "code": "minimum_games_not_met",
      "message": "Player has 1 games; 15 are required for benchmarks.",
      "player_id": 441,
      "metric": "minutes_per_game"
    },
    {
      "code": "minimum_games_not_met",
      "message": "Player has 1 games; 15 are required for benchmarks.",
      "player_id": 441,
      "metric": "plus_minus_per_game"
    },
    {
      "code": "minimum_games_not_met",
      "message": "Player has 1 games; 15 are required for benchmarks.",
      "player_id": 441,
      "metric": "true_shooting_percentage"
    },
    {
      "code": "minimum_games_not_met",
      "message": "Player has 1 games; 15 are required for benchmarks.",
      "player_id": 441,
      "metric": "field_goal_percentage"
    },
    {
      "code": "minimum_games_not_met",
      "message": "Player has 1 games; 15 are required for benchmarks.",
      "player_id": 441,
      "metric": "three_point_percentage"
    },
    {
      "code": "minimum_games_not_met",
      "message": "Player has 1 games; 15 are required for benchmarks.",
      "player_id": 441,
      "metric": "effective_field_goal_percentage"
    },
    {
      "code": "minimum_games_not_met",
      "message": "Player has 1 games; 15 are required for benchmarks.",
      "player_id": 441,
      "metric": "steals_per_game"
    },
    {
      "code": "minimum_games_not_met",
      "message": "Player has 1 games; 15 are required for benchmarks.",
      "player_id": 441,
      "metric": "blocks_per_game"
    },
    {
      "code": "minimum_games_not_met",
      "message": "Player has 1 games; 15 are required for benchmarks.",
      "player_id": 441,
      "metric": "turnovers_per_game"
    },
    {
      "code": "minimum_games_not_met",
      "message": "Player has 1 games; 15 are required for benchmarks.",
      "player_id": 441,
      "metric": "points_per_36"
    },
    {
      "code": "minimum_games_not_met",
      "message": "Player has 1 games; 15 are required for benchmarks.",
      "player_id": 441,
      "metric": "rebounds_per_36"
    },
    {
      "code": "minimum_games_not_met",
      "message": "Player has 1 games; 15 are required for benchmarks.",
      "player_id": 441,
      "metric": "assists_per_36"
    },
    {
      "code": "minimum_games_not_met",
      "message": "Player has 1 games; 15 are required for benchmarks.",
      "player_id": 441,
      "metric": "turnovers_per_36"
    },
    {
      "code": "trend_small_sample",
      "message": "At least 10 games are required to compare recent five games to previous five.",
      "player_id": 441,
      "metric": null
    },
    {
      "code": "incomplete_game_logs",
      "message": "Player has 1 logs across 82 stored team games.",
      "player_id": 441,
      "metric": null
    },
    {
      "code": "incomplete_game_logs",
      "message": "Player has 81 logs across 82 stored team games.",
      "player_id": 442,
      "metric": null
    },
    {
      "code": "incomplete_game_logs",
      "message": "Player has 75 logs across 82 stored team games.",
      "player_id": 443,
      "metric": null
    },
    {
      "code": "incomplete_game_logs",
      "message": "Player has 72 logs across 82 stored team games.",
      "player_id": 444,
      "metric": null
    },
    {
      "code": "incomplete_game_logs",
      "message": "Player has 59 logs across 82 stored team games.",
      "player_id": 445,
      "metric": null
    },
    {
      "code": "incomplete_game_logs",
      "message": "Player has 75 logs across 82 stored team games.",
      "player_id": 446,
      "metric": null
    },
    {
      "code": "incomplete_game_logs",
      "message": "Player has 74 logs across 82 stored team games.",
      "player_id": 447,
      "metric": null
    },
    {
      "code": "incomplete_game_logs",
      "message": "Player has 56 logs across 82 stored team games.",
      "player_id": 450,
      "metric": null
    },
    {
      "code": "incomplete_game_logs",
      "message": "Player has 71 logs across 82 stored team games.",
      "player_id": 452,
      "metric": null
    },
    {
      "code": "incomplete_game_logs",
      "message": "Player has 71 logs across 82 stored team games.",
      "player_id": 453,
      "metric": null
    },
    {
      "code": "incomplete_game_logs",
      "message": "Player has 61 logs across 82 stored team games.",
      "player_id": 454,
      "metric": null
    },
    {
      "code": "incomplete_game_logs",
      "message": "Player has 65 logs across 82 stored team games.",
      "player_id": 455,
      "metric": null
    },
    {
      "code": "incomplete_game_logs",
      "message": "Player has 66 logs across 82 stored team games.",
      "player_id": 456,
      "metric": null
    },
    {
      "code": "incomplete_game_logs",
      "message": "Player has 65 logs across 82 stored team games.",
      "player_id": 457,
      "metric": null
    },
    {
      "code": "incomplete_game_logs",
      "message": "Player has 79 logs across 82 stored team games.",
      "player_id": 458,
      "metric": null
    },
    {
      "code": "incomplete_game_logs",
      "message": "Player has 72 logs across 82 stored team games.",
      "player_id": 459,
      "metric": null
    },
    {
      "code": "incomplete_game_logs",
      "message": "Player has 76 logs across 82 stored team games.",
      "player_id": 460,
      "metric": null
    },
    {
      "code": "minimum_minutes_not_met",
      "message": "Player averages 5.2 minutes; 10.0 are required for benchmarks.",
      "player_id": 462,
      "metric": "points_per_game"
    },
    {
      "code": "minimum_minutes_not_met",
      "message": "Player averages 5.2 minutes; 10.0 are required for benchmarks.",
      "player_id": 462,
      "metric": "rebounds_per_game"
    },
    {
      "code": "minimum_minutes_not_met",
      "message": "Player averages 5.2 minutes; 10.0 are required for benchmarks.",
      "player_id": 462,
      "metric": "assists_per_game"
    },
    {
      "code": "minimum_minutes_not_met",
      "message": "Player averages 5.2 minutes; 10.0 are required for benchmarks.",
      "player_id": 462,
      "metric": "minutes_per_game"
    },
    {
      "code": "minimum_minutes_not_met",
      "message": "Player averages 5.2 minutes; 10.0 are required for benchmarks.",
      "player_id": 462,
      "metric": "plus_minus_per_game"
    },
    {
      "code": "minimum_minutes_not_met",
      "message": "Player averages 5.2 minutes; 10.0 are required for benchmarks.",
      "player_id": 462,
      "metric": "true_shooting_percentage"
    },
    {
      "code": "minimum_minutes_not_met",
      "message": "Player averages 5.2 minutes; 10.0 are required for benchmarks.",
      "player_id": 462,
      "metric": "field_goal_percentage"
    },
    {
      "code": "minimum_minutes_not_met",
      "message": "Player averages 5.2 minutes; 10.0 are required for benchmarks.",
      "player_id": 462,
      "metric": "three_point_percentage"
    },
    {
      "code": "minimum_minutes_not_met",
      "message": "Player averages 5.2 minutes; 10.0 are required for benchmarks.",
      "player_id": 462,
      "metric": "effective_field_goal_percentage"
    },
    {
      "code": "minimum_minutes_not_met",
      "message": "Player averages 5.2 minutes; 10.0 are required for benchmarks.",
      "player_id": 462,
      "metric": "steals_per_game"
    },
    {
      "code": "minimum_minutes_not_met",
      "message": "Player averages 5.2 minutes; 10.0 are required for benchmarks.",
      "player_id": 462,
      "metric": "blocks_per_game"
    },
    {
      "code": "minimum_minutes_not_met",
      "message": "Player averages 5.2 minutes; 10.0 are required for benchmarks.",
      "player_id": 462,
      "metric": "turnovers_per_game"
    },
    {
      "code": "minimum_minutes_not_met",
      "message": "Player averages 5.2 minutes; 10.0 are required for benchmarks.",
      "player_id": 462,
      "metric": "points_per_36"
    },
    {
      "code": "minimum_minutes_not_met",
      "message": "Player averages 5.2 minutes; 10.0 are required for benchmarks.",
      "player_id": 462,
      "metric": "rebounds_per_36"
    },
    {
      "code": "minimum_minutes_not_met",
      "message": "Player averages 5.2 minutes; 10.0 are required for benchmarks.",
      "player_id": 462,
      "metric": "assists_per_36"
    },
    {
      "code": "minimum_minutes_not_met",
      "message": "Player averages 5.2 minutes; 10.0 are required for benchmarks.",
      "player_id": 462,
      "metric": "turnovers_per_36"
    },
    {
      "code": "traded_mid_season",
      "message": "Player represented multiple teams.",
      "player_id": 462,
      "metric": null
    },
    {
      "code": "incomplete_game_logs",
      "message": "Player has 22 logs across 82 stored team games.",
      "player_id": 462,
      "metric": null
    },
    {
      "code": "incomplete_game_logs",
      "message": "Player has 75 logs across 82 stored team games.",
      "player_id": 463,
      "metric": null
    },
    {
      "code": "minimum_minutes_not_met",
      "message": "Player averages 6.2 minutes; 10.0 are required for benchmarks.",
      "player_id": 465,
      "metric": "points_per_game"
    },
    {
      "code": "minimum_minutes_not_met",
      "message": "Player averages 6.2 minutes; 10.0 are required for benchmarks.",
      "player_id": 465,
      "metric": "rebounds_per_game"
    },
    {
      "code": "minimum_minutes_not_met",
      "message": "Player averages 6.2 minutes; 10.0 are required for benchmarks.",
      "player_id": 465,
      "metric": "assists_per_game"
    },
    {
      "code": "minimum_minutes_not_met",
      "message": "Player averages 6.2 minutes; 10.0 are required for benchmarks.",
      "player_id": 465,
      "metric": "minutes_per_game"
    },
    {
      "code": "minimum_minutes_not_met",
      "message": "Player averages 6.2 minutes; 10.0 are required for benchmarks.",
      "player_id": 465,
      "metric": "plus_minus_per_game"
    },
    {
      "code": "minimum_minutes_not_met",
      "message": "Player averages 6.2 minutes; 10.0 are required for benchmarks.",
      "player_id": 465,
      "metric": "true_shooting_percentage"
    },
    {
      "code": "minimum_minutes_not_met",
      "message": "Player averages 6.2 minutes; 10.0 are required for benchmarks.",
      "player_id": 465,
      "metric": "field_goal_percentage"
    },
    {
      "code": "minimum_minutes_not_met",
      "message": "Player averages 6.2 minutes; 10.0 are required for benchmarks.",
      "player_id": 465,
      "metric": "three_point_percentage"
    },
    {
      "code": "minimum_minutes_not_met",
      "message": "Player averages 6.2 minutes; 10.0 are required for benchmarks.",
      "player_id": 465,
      "metric": "effective_field_goal_percentage"
    },
    {
      "code": "minimum_minutes_not_met",
      "message": "Player averages 6.2 minutes; 10.0 are required for benchmarks.",
      "player_id": 465,
      "metric": "steals_per_game"
    },
    {
      "code": "minimum_minutes_not_met",
      "message": "Player averages 6.2 minutes; 10.0 are required for benchmarks.",
      "player_id": 465,
      "metric": "blocks_per_game"
    },
    {
      "code": "minimum_minutes_not_met",
      "message": "Player averages 6.2 minutes; 10.0 are required for benchmarks.",
      "player_id": 465,
      "metric": "turnovers_per_game"
    },
    {
      "code": "minimum_minutes_not_met",
      "message": "Player averages 6.2 minutes; 10.0 are required for benchmarks.",
      "player_id": 465,
      "metric": "points_per_36"
    },
    {
      "code": "minimum_minutes_not_met",
      "message": "Player averages 6.2 minutes; 10.0 are required for benchmarks.",
      "player_id": 465,
      "metric": "rebounds_per_36"
    },
    {
      "code": "minimum_minutes_not_met",
      "message": "Player averages 6.2 minutes; 10.0 are required for benchmarks.",
      "player_id": 465,
      "metric": "assists_per_36"
    },
    {
      "code": "minimum_minutes_not_met",
      "message": "Player averages 6.2 minutes; 10.0 are required for benchmarks.",
      "player_id": 465,
      "metric": "turnovers_per_36"
    },
    {
      "code": "incomplete_game_logs",
      "message": "Player has 20 logs across 82 stored team games.",
      "player_id": 465,
      "metric": null
    },
    {
      "code": "incomplete_game_logs",
      "message": "Player has 81 logs across 82 stored team games.",
      "player_id": 466,
      "metric": null
    },
    {
      "code": "incomplete_game_logs",
      "message": "Player has 58 logs across 82 stored team games.",
      "player_id": 467,
      "metric": null
    },
    {
      "code": "incomplete_game_logs",
      "message": "Player has 38 logs across 82 stored team games.",
      "player_id": 468,
      "metric": null
    },
    {
      "code": "incomplete_game_logs",
      "message": "Player has 79 logs across 82 stored team games.",
      "player_id": 469,
      "metric": null
    },
    {
      "code": "incomplete_game_logs",
      "message": "Player has 57 logs across 82 stored team games.",
      "player_id": 472,
      "metric": null
    },
    {
      "code": "incomplete_game_logs",
      "message": "Player has 80 logs across 82 stored team games.",
      "player_id": 473,
      "metric": null
    },
    {
      "code": "minimum_games_not_met",
      "message": "Player has 3 games; 15 are required for benchmarks.",
      "player_id": 474,
      "metric": "points_per_game"
    },
    {
      "code": "minimum_games_not_met",
      "message": "Player has 3 games; 15 are required for benchmarks.",
      "player_id": 474,
      "metric": "rebounds_per_game"
    },
    {
      "code": "minimum_games_not_met",
      "message": "Player has 3 games; 15 are required for benchmarks.",
      "player_id": 474,
      "metric": "assists_per_game"
    },
    {
      "code": "minimum_games_not_met",
      "message": "Player has 3 games; 15 are required for benchmarks.",
      "player_id": 474,
      "metric": "minutes_per_game"
    },
    {
      "code": "minimum_games_not_met",
      "message": "Player has 3 games; 15 are required for benchmarks.",
      "player_id": 474,
      "metric": "plus_minus_per_game"
    },
    {
      "code": "minimum_games_not_met",
      "message": "Player has 3 games; 15 are required for benchmarks.",
      "player_id": 474,
      "metric": "true_shooting_percentage"
    },
    {
      "code": "minimum_games_not_met",
      "message": "Player has 3 games; 15 are required for benchmarks.",
      "player_id": 474,
      "metric": "field_goal_percentage"
    },
    {
      "code": "minimum_games_not_met",
      "message": "Player has 3 games; 15 are required for benchmarks.",
      "player_id": 474,
      "metric": "three_point_percentage"
    },
    {
      "code": "minimum_games_not_met",
      "message": "Player has 3 games; 15 are required for benchmarks.",
      "player_id": 474,
      "metric": "effective_field_goal_percentage"
    },
    {
      "code": "minimum_games_not_met",
      "message": "Player has 3 games; 15 are required for benchmarks.",
      "player_id": 474,
      "metric": "steals_per_game"
    },
    {
      "code": "minimum_games_not_met",
      "message": "Player has 3 games; 15 are required for benchmarks.",
      "player_id": 474,
      "metric": "blocks_per_game"
    },
    {
      "code": "minimum_games_not_met",
      "message": "Player has 3 games; 15 are required for benchmarks.",
      "player_id": 474,
      "metric": "turnovers_per_game"
    },
    {
      "code": "minimum_games_not_met",
      "message": "Player has 3 games; 15 are required for benchmarks.",
      "player_id": 474,
      "metric": "points_per_36"
    },
    {
      "code": "minimum_games_not_met",
      "message": "Player has 3 games; 15 are required for benchmarks.",
      "player_id": 474,
      "metric": "rebounds_per_36"
    },
    {
      "code": "minimum_games_not_met",
      "message": "Player has 3 games; 15 are required for benchmarks.",
      "player_id": 474,
      "metric": "assists_per_36"
    },
    {
      "code": "minimum_games_not_met",
      "message": "Player has 3 games; 15 are required for benchmarks.",
      "player_id": 474,
      "metric": "turnovers_per_36"
    },
    {
      "code": "trend_small_sample",
      "message": "At least 10 games are required to compare recent five games to previous five.",
      "player_id": 474,
      "metric": null
    },
    {
      "code": "incomplete_game_logs",
      "message": "Player has 3 logs across 82 stored team games.",
      "player_id": 474,
      "metric": null
    },
    {
      "code": "traded_mid_season",
      "message": "Player represented multiple teams.",
      "player_id": 475,
      "metric": null
    },
    {
      "code": "incomplete_game_logs",
      "message": "Player has 67 logs across 82 stored team games.",
      "player_id": 475,
      "metric": null
    },
    {
      "code": "incomplete_game_logs",
      "message": "Player has 32 logs across 82 stored team games.",
      "player_id": 476,
      "metric": null
    },
    {
      "code": "incomplete_game_logs",
      "message": "Player has 64 logs across 82 stored team games.",
      "player_id": 477,
      "metric": null
    },
    {
      "code": "traded_mid_season",
      "message": "Player represented multiple teams.",
      "player_id": 479,
      "metric": null
    },
    {
      "code": "incomplete_game_logs",
      "message": "Player has 66 logs across 82 stored team games.",
      "player_id": 479,
      "metric": null
    },
    {
      "code": "incomplete_game_logs",
      "message": "Player has 60 logs across 82 stored team games.",
      "player_id": 481,
      "metric": null
    },
    {
      "code": "incomplete_game_logs",
      "message": "Player has 77 logs across 82 stored team games.",
      "player_id": 482,
      "metric": null
    },
    {
      "code": "incomplete_game_logs",
      "message": "Player has 73 logs across 82 stored team games.",
      "player_id": 483,
      "metric": null
    },
    {
      "code": "minimum_games_not_met",
      "message": "Player has 1 games; 15 are required for benchmarks.",
      "player_id": 484,
      "metric": "points_per_game"
    },
    {
      "code": "minimum_games_not_met",
      "message": "Player has 1 games; 15 are required for benchmarks.",
      "player_id": 484,
      "metric": "rebounds_per_game"
    },
    {
      "code": "minimum_games_not_met",
      "message": "Player has 1 games; 15 are required for benchmarks.",
      "player_id": 484,
      "metric": "assists_per_game"
    },
    {
      "code": "minimum_games_not_met",
      "message": "Player has 1 games; 15 are required for benchmarks.",
      "player_id": 484,
      "metric": "minutes_per_game"
    },
    {
      "code": "minimum_games_not_met",
      "message": "Player has 1 games; 15 are required for benchmarks.",
      "player_id": 484,
      "metric": "plus_minus_per_game"
    },
    {
      "code": "minimum_games_not_met",
      "message": "Player has 1 games; 15 are required for benchmarks.",
      "player_id": 484,
      "metric": "true_shooting_percentage"
    },
    {
      "code": "minimum_games_not_met",
      "message": "Player has 1 games; 15 are required for benchmarks.",
      "player_id": 484,
      "metric": "field_goal_percentage"
    },
    {
      "code": "minimum_games_not_met",
      "message": "Player has 1 games; 15 are required for benchmarks.",
      "player_id": 484,
      "metric": "three_point_percentage"
    },
    {
      "code": "minimum_games_not_met",
      "message": "Player has 1 games; 15 are required for benchmarks.",
      "player_id": 484,
      "metric": "effective_field_goal_percentage"
    },
    {
      "code": "minimum_games_not_met",
      "message": "Player has 1 games; 15 are required for benchmarks.",
      "player_id": 484,
      "metric": "steals_per_game"
    },
    {
      "code": "minimum_games_not_met",
      "message": "Player has 1 games; 15 are required for benchmarks.",
      "player_id": 484,
      "metric": "blocks_per_game"
    },
    {
      "code": "minimum_games_not_met",
      "message": "Player has 1 games; 15 are required for benchmarks.",
      "player_id": 484,
      "metric": "turnovers_per_game"
    },
    {
      "code": "minimum_games_not_met",
      "message": "Player has 1 games; 15 are required for benchmarks.",
      "player_id": 484,
      "metric": "points_per_36"
    },
    {
      "code": "minimum_games_not_met",
      "message": "Player has 1 games; 15 are required for benchmarks.",
      "player_id": 484,
      "metric": "rebounds_per_36"
    },
    {
      "code": "minimum_games_not_met",
      "message": "Player has 1 games; 15 are required for benchmarks.",
      "player_id": 484,
      "metric": "assists_per_36"
    },
    {
      "code": "minimum_games_not_met",
      "message": "Player has 1 games; 15 are required for benchmarks.",
      "player_id": 484,
      "metric": "turnovers_per_36"
    },
    {
      "code": "trend_small_sample",
      "message": "At least 10 games are required to compare recent five games to previous five.",
      "player_id": 484,
      "metric": null
    },
    {
      "code": "incomplete_game_logs",
      "message": "Player has 1 logs across 82 stored team games.",
      "player_id": 484,
      "metric": null
    },
    {
      "code": "minimum_games_not_met",
      "message": "Player has 14 games; 15 are required for benchmarks.",
      "player_id": 485,
      "metric": "points_per_game"
    },
    {
      "code": "minimum_minutes_not_met",
      "message": "Player averages 8.1 minutes; 10.0 are required for benchmarks.",
      "player_id": 485,
      "metric": "points_per_game"
    },
    {
      "code": "minimum_games_not_met",
      "message": "Player has 14 games; 15 are required for benchmarks.",
      "player_id": 485,
      "metric": "rebounds_per_game"
    },
    {
      "code": "minimum_minutes_not_met",
      "message": "Player averages 8.1 minutes; 10.0 are required for benchmarks.",
      "player_id": 485,
      "metric": "rebounds_per_game"
    },
    {
      "code": "minimum_games_not_met",
      "message": "Player has 14 games; 15 are required for benchmarks.",
      "player_id": 485,
      "metric": "assists_per_game"
    },
    {
      "code": "minimum_minutes_not_met",
      "message": "Player averages 8.1 minutes; 10.0 are required for benchmarks.",
      "player_id": 485,
      "metric": "assists_per_game"
    },
    {
      "code": "minimum_games_not_met",
      "message": "Player has 14 games; 15 are required for benchmarks.",
      "player_id": 485,
      "metric": "minutes_per_game"
    },
    {
      "code": "minimum_minutes_not_met",
      "message": "Player averages 8.1 minutes; 10.0 are required for benchmarks.",
      "player_id": 485,
      "metric": "minutes_per_game"
    },
    {
      "code": "minimum_games_not_met",
      "message": "Player has 14 games; 15 are required for benchmarks.",
      "player_id": 485,
      "metric": "plus_minus_per_game"
    },
    {
      "code": "minimum_minutes_not_met",
      "message": "Player averages 8.1 minutes; 10.0 are required for benchmarks.",
      "player_id": 485,
      "metric": "plus_minus_per_game"
    },
    {
      "code": "minimum_games_not_met",
      "message": "Player has 14 games; 15 are required for benchmarks.",
      "player_id": 485,
      "metric": "true_shooting_percentage"
    },
    {
      "code": "minimum_minutes_not_met",
      "message": "Player averages 8.1 minutes; 10.0 are required for benchmarks.",
      "player_id": 485,
      "metric": "true_shooting_percentage"
    },
    {
      "code": "minimum_games_not_met",
      "message": "Player has 14 games; 15 are required for benchmarks.",
      "player_id": 485,
      "metric": "field_goal_percentage"
    },
    {
      "code": "minimum_minutes_not_met",
      "message": "Player averages 8.1 minutes; 10.0 are required for benchmarks.",
      "player_id": 485,
      "metric": "field_goal_percentage"
    },
    {
      "code": "minimum_games_not_met",
      "message": "Player has 14 games; 15 are required for benchmarks.",
      "player_id": 485,
      "metric": "three_point_percentage"
    },
    {
      "code": "minimum_minutes_not_met",
      "message": "Player averages 8.1 minutes; 10.0 are required for benchmarks.",
      "player_id": 485,
      "metric": "three_point_percentage"
    },
    {
      "code": "minimum_games_not_met",
      "message": "Player has 14 games; 15 are required for benchmarks.",
      "player_id": 485,
      "metric": "effective_field_goal_percentage"
    },
    {
      "code": "minimum_minutes_not_met",
      "message": "Player averages 8.1 minutes; 10.0 are required for benchmarks.",
      "player_id": 485,
      "metric": "effective_field_goal_percentage"
    },
    {
      "code": "minimum_games_not_met",
      "message": "Player has 14 games; 15 are required for benchmarks.",
      "player_id": 485,
      "metric": "steals_per_game"
    },
    {
      "code": "minimum_minutes_not_met",
      "message": "Player averages 8.1 minutes; 10.0 are required for benchmarks.",
      "player_id": 485,
      "metric": "steals_per_game"
    },
    {
      "code": "minimum_games_not_met",
      "message": "Player has 14 games; 15 are required for benchmarks.",
      "player_id": 485,
      "metric": "blocks_per_game"
    },
    {
      "code": "minimum_minutes_not_met",
      "message": "Player averages 8.1 minutes; 10.0 are required for benchmarks.",
      "player_id": 485,
      "metric": "blocks_per_game"
    },
    {
      "code": "minimum_games_not_met",
      "message": "Player has 14 games; 15 are required for benchmarks.",
      "player_id": 485,
      "metric": "turnovers_per_game"
    },
    {
      "code": "minimum_minutes_not_met",
      "message": "Player averages 8.1 minutes; 10.0 are required for benchmarks.",
      "player_id": 485,
      "metric": "turnovers_per_game"
    },
    {
      "code": "minimum_games_not_met",
      "message": "Player has 14 games; 15 are required for benchmarks.",
      "player_id": 485,
      "metric": "points_per_36"
    },
    {
      "code": "minimum_minutes_not_met",
      "message": "Player averages 8.1 minutes; 10.0 are required for benchmarks.",
      "player_id": 485,
      "metric": "points_per_36"
    },
    {
      "code": "minimum_games_not_met",
      "message": "Player has 14 games; 15 are required for benchmarks.",
      "player_id": 485,
      "metric": "rebounds_per_36"
    },
    {
      "code": "minimum_minutes_not_met",
      "message": "Player averages 8.1 minutes; 10.0 are required for benchmarks.",
      "player_id": 485,
      "metric": "rebounds_per_36"
    },
    {
      "code": "minimum_games_not_met",
      "message": "Player has 14 games; 15 are required for benchmarks.",
      "player_id": 485,
      "metric": "assists_per_36"
    },
    {
      "code": "minimum_minutes_not_met",
      "message": "Player averages 8.1 minutes; 10.0 are required for benchmarks.",
      "player_id": 485,
      "metric": "assists_per_36"
    },
    {
      "code": "minimum_games_not_met",
      "message": "Player has 14 games; 15 are required for benchmarks.",
      "player_id": 485,
      "metric": "turnovers_per_36"
    },
    {
      "code": "minimum_minutes_not_met",
      "message": "Player averages 8.1 minutes; 10.0 are required for benchmarks.",
      "player_id": 485,
      "metric": "turnovers_per_36"
    },
    {
      "code": "incomplete_game_logs",
      "message": "Player has 14 logs across 82 stored team games.",
      "player_id": 485,
      "metric": null
    },
    {
      "code": "incomplete_game_logs",
      "message": "Player has 28 logs across 82 stored team games.",
      "player_id": 486,
      "metric": null
    },
    {
      "code": "incomplete_game_logs",
      "message": "Player has 78 logs across 82 stored team games.",
      "player_id": 487,
      "metric": null
    },
    {
      "code": "incomplete_game_logs",
      "message": "Player has 76 logs across 82 stored team games.",
      "player_id": 488,
      "metric": null
    },
    {
      "code": "incomplete_game_logs",
      "message": "Player has 62 logs across 82 stored team games.",
      "player_id": 489,
      "metric": null
    },
    {
      "code": "traded_mid_season",
      "message": "Player represented multiple teams.",
      "player_id": 491,
      "metric": null
    },
    {
      "code": "incomplete_game_logs",
      "message": "Player has 46 logs across 82 stored team games.",
      "player_id": 491,
      "metric": null
    },
    {
      "code": "minimum_games_not_met",
      "message": "Player has 13 games; 15 are required for benchmarks.",
      "player_id": 492,
      "metric": "points_per_game"
    },
    {
      "code": "minimum_games_not_met",
      "message": "Player has 13 games; 15 are required for benchmarks.",
      "player_id": 492,
      "metric": "rebounds_per_game"
    },
    {
      "code": "minimum_games_not_met",
      "message": "Player has 13 games; 15 are required for benchmarks.",
      "player_id": 492,
      "metric": "assists_per_game"
    },
    {
      "code": "minimum_games_not_met",
      "message": "Player has 13 games; 15 are required for benchmarks.",
      "player_id": 492,
      "metric": "minutes_per_game"
    },
    {
      "code": "minimum_games_not_met",
      "message": "Player has 13 games; 15 are required for benchmarks.",
      "player_id": 492,
      "metric": "plus_minus_per_game"
    },
    {
      "code": "minimum_games_not_met",
      "message": "Player has 13 games; 15 are required for benchmarks.",
      "player_id": 492,
      "metric": "true_shooting_percentage"
    },
    {
      "code": "minimum_games_not_met",
      "message": "Player has 13 games; 15 are required for benchmarks.",
      "player_id": 492,
      "metric": "field_goal_percentage"
    },
    {
      "code": "minimum_games_not_met",
      "message": "Player has 13 games; 15 are required for benchmarks.",
      "player_id": 492,
      "metric": "three_point_percentage"
    },
    {
      "code": "minimum_games_not_met",
      "message": "Player has 13 games; 15 are required for benchmarks.",
      "player_id": 492,
      "metric": "effective_field_goal_percentage"
    },
    {
      "code": "minimum_games_not_met",
      "message": "Player has 13 games; 15 are required for benchmarks.",
      "player_id": 492,
      "metric": "steals_per_game"
    },
    {
      "code": "minimum_games_not_met",
      "message": "Player has 13 games; 15 are required for benchmarks.",
      "player_id": 492,
      "metric": "blocks_per_game"
    },
    {
      "code": "minimum_games_not_met",
      "message": "Player has 13 games; 15 are required for benchmarks.",
      "player_id": 492,
      "metric": "turnovers_per_game"
    },
    {
      "code": "minimum_games_not_met",
      "message": "Player has 13 games; 15 are required for benchmarks.",
      "player_id": 492,
      "metric": "points_per_36"
    },
    {
      "code": "minimum_games_not_met",
      "message": "Player has 13 games; 15 are required for benchmarks.",
      "player_id": 492,
      "metric": "rebounds_per_36"
    },
    {
      "code": "minimum_games_not_met",
      "message": "Player has 13 games; 15 are required for benchmarks.",
      "player_id": 492,
      "metric": "assists_per_36"
    },
    {
      "code": "minimum_games_not_met",
      "message": "Player has 13 games; 15 are required for benchmarks.",
      "player_id": 492,
      "metric": "turnovers_per_36"
    },
    {
      "code": "incomplete_game_logs",
      "message": "Player has 13 logs across 82 stored team games.",
      "player_id": 492,
      "metric": null
    },
    {
      "code": "incomplete_game_logs",
      "message": "Player has 44 logs across 82 stored team games.",
      "player_id": 493,
      "metric": null
    },
    {
      "code": "minimum_games_not_met",
      "message": "Player has 6 games; 15 are required for benchmarks.",
      "player_id": 494,
      "metric": "points_per_game"
    },
    {
      "code": "minimum_minutes_not_met",
      "message": "Player averages 4.3 minutes; 10.0 are required for benchmarks.",
      "player_id": 494,
      "metric": "points_per_game"
    },
    {
      "code": "minimum_games_not_met",
      "message": "Player has 6 games; 15 are required for benchmarks.",
      "player_id": 494,
      "metric": "rebounds_per_game"
    },
    {
      "code": "minimum_minutes_not_met",
      "message": "Player averages 4.3 minutes; 10.0 are required for benchmarks.",
      "player_id": 494,
      "metric": "rebounds_per_game"
    },
    {
      "code": "minimum_games_not_met",
      "message": "Player has 6 games; 15 are required for benchmarks.",
      "player_id": 494,
      "metric": "assists_per_game"
    },
    {
      "code": "minimum_minutes_not_met",
      "message": "Player averages 4.3 minutes; 10.0 are required for benchmarks.",
      "player_id": 494,
      "metric": "assists_per_game"
    },
    {
      "code": "minimum_games_not_met",
      "message": "Player has 6 games; 15 are required for benchmarks.",
      "player_id": 494,
      "metric": "minutes_per_game"
    },
    {
      "code": "minimum_minutes_not_met",
      "message": "Player averages 4.3 minutes; 10.0 are required for benchmarks.",
      "player_id": 494,
      "metric": "minutes_per_game"
    },
    {
      "code": "minimum_games_not_met",
      "message": "Player has 6 games; 15 are required for benchmarks.",
      "player_id": 494,
      "metric": "plus_minus_per_game"
    },
    {
      "code": "minimum_minutes_not_met",
      "message": "Player averages 4.3 minutes; 10.0 are required for benchmarks.",
      "player_id": 494,
      "metric": "plus_minus_per_game"
    },
    {
      "code": "minimum_games_not_met",
      "message": "Player has 6 games; 15 are required for benchmarks.",
      "player_id": 494,
      "metric": "true_shooting_percentage"
    },
    {
      "code": "minimum_minutes_not_met",
      "message": "Player averages 4.3 minutes; 10.0 are required for benchmarks.",
      "player_id": 494,
      "metric": "true_shooting_percentage"
    },
    {
      "code": "minimum_games_not_met",
      "message": "Player has 6 games; 15 are required for benchmarks.",
      "player_id": 494,
      "metric": "field_goal_percentage"
    },
    {
      "code": "minimum_minutes_not_met",
      "message": "Player averages 4.3 minutes; 10.0 are required for benchmarks.",
      "player_id": 494,
      "metric": "field_goal_percentage"
    },
    {
      "code": "minimum_games_not_met",
      "message": "Player has 6 games; 15 are required for benchmarks.",
      "player_id": 494,
      "metric": "three_point_percentage"
    },
    {
      "code": "minimum_minutes_not_met",
      "message": "Player averages 4.3 minutes; 10.0 are required for benchmarks.",
      "player_id": 494,
      "metric": "three_point_percentage"
    },
    {
      "code": "minimum_games_not_met",
      "message": "Player has 6 games; 15 are required for benchmarks.",
      "player_id": 494,
      "metric": "effective_field_goal_percentage"
    },
    {
      "code": "minimum_minutes_not_met",
      "message": "Player averages 4.3 minutes; 10.0 are required for benchmarks.",
      "player_id": 494,
      "metric": "effective_field_goal_percentage"
    },
    {
      "code": "minimum_games_not_met",
      "message": "Player has 6 games; 15 are required for benchmarks.",
      "player_id": 494,
      "metric": "steals_per_game"
    },
    {
      "code": "minimum_minutes_not_met",
      "message": "Player averages 4.3 minutes; 10.0 are required for benchmarks.",
      "player_id": 494,
      "metric": "steals_per_game"
    },
    {
      "code": "minimum_games_not_met",
      "message": "Player has 6 games; 15 are required for benchmarks.",
      "player_id": 494,
      "metric": "blocks_per_game"
    },
    {
      "code": "minimum_minutes_not_met",
      "message": "Player averages 4.3 minutes; 10.0 are required for benchmarks.",
      "player_id": 494,
      "metric": "blocks_per_game"
    },
    {
      "code": "minimum_games_not_met",
      "message": "Player has 6 games; 15 are required for benchmarks.",
      "player_id": 494,
      "metric": "turnovers_per_game"
    },
    {
      "code": "minimum_minutes_not_met",
      "message": "Player averages 4.3 minutes; 10.0 are required for benchmarks.",
      "player_id": 494,
      "metric": "turnovers_per_game"
    },
    {
      "code": "minimum_games_not_met",
      "message": "Player has 6 games; 15 are required for benchmarks.",
      "player_id": 494,
      "metric": "points_per_36"
    },
    {
      "code": "minimum_minutes_not_met",
      "message": "Player averages 4.3 minutes; 10.0 are required for benchmarks.",
      "player_id": 494,
      "metric": "points_per_36"
    },
    {
      "code": "minimum_games_not_met",
      "message": "Player has 6 games; 15 are required for benchmarks.",
      "player_id": 494,
      "metric": "rebounds_per_36"
    },
    {
      "code": "minimum_minutes_not_met",
      "message": "Player averages 4.3 minutes; 10.0 are required for benchmarks.",
      "player_id": 494,
      "metric": "rebounds_per_36"
    },
    {
      "code": "minimum_games_not_met",
      "message": "Player has 6 games; 15 are required for benchmarks.",
      "player_id": 494,
      "metric": "assists_per_36"
    },
    {
      "code": "minimum_minutes_not_met",
      "message": "Player averages 4.3 minutes; 10.0 are required for benchmarks.",
      "player_id": 494,
      "metric": "assists_per_36"
    },
    {
      "code": "minimum_games_not_met",
      "message": "Player has 6 games; 15 are required for benchmarks.",
      "player_id": 494,
      "metric": "turnovers_per_36"
    },
    {
      "code": "minimum_minutes_not_met",
      "message": "Player averages 4.3 minutes; 10.0 are required for benchmarks.",
      "player_id": 494,
      "metric": "turnovers_per_36"
    },
    {
      "code": "trend_small_sample",
      "message": "At least 10 games are required to compare recent five games to previous five.",
      "player_id": 494,
      "metric": null
    },
    {
      "code": "incomplete_game_logs",
      "message": "Player has 6 logs across 82 stored team games.",
      "player_id": 494,
      "metric": null
    },
    {
      "code": "minimum_minutes_not_met",
      "message": "Player averages 4.8 minutes; 10.0 are required for benchmarks.",
      "player_id": 495,
      "metric": "points_per_game"
    },
    {
      "code": "minimum_minutes_not_met",
      "message": "Player averages 4.8 minutes; 10.0 are required for benchmarks.",
      "player_id": 495,
      "metric": "rebounds_per_game"
    },
    {
      "code": "minimum_minutes_not_met",
      "message": "Player averages 4.8 minutes; 10.0 are required for benchmarks.",
      "player_id": 495,
      "metric": "assists_per_game"
    },
    {
      "code": "minimum_minutes_not_met",
      "message": "Player averages 4.8 minutes; 10.0 are required for benchmarks.",
      "player_id": 495,
      "metric": "minutes_per_game"
    },
    {
      "code": "minimum_minutes_not_met",
      "message": "Player averages 4.8 minutes; 10.0 are required for benchmarks.",
      "player_id": 495,
      "metric": "plus_minus_per_game"
    },
    {
      "code": "minimum_minutes_not_met",
      "message": "Player averages 4.8 minutes; 10.0 are required for benchmarks.",
      "player_id": 495,
      "metric": "true_shooting_percentage"
    },
    {
      "code": "minimum_minutes_not_met",
      "message": "Player averages 4.8 minutes; 10.0 are required for benchmarks.",
      "player_id": 495,
      "metric": "field_goal_percentage"
    },
    {
      "code": "minimum_minutes_not_met",
      "message": "Player averages 4.8 minutes; 10.0 are required for benchmarks.",
      "player_id": 495,
      "metric": "three_point_percentage"
    },
    {
      "code": "minimum_minutes_not_met",
      "message": "Player averages 4.8 minutes; 10.0 are required for benchmarks.",
      "player_id": 495,
      "metric": "effective_field_goal_percentage"
    },
    {
      "code": "minimum_minutes_not_met",
      "message": "Player averages 4.8 minutes; 10.0 are required for benchmarks.",
      "player_id": 495,
      "metric": "steals_per_game"
    },
    {
      "code": "minimum_minutes_not_met",
      "message": "Player averages 4.8 minutes; 10.0 are required for benchmarks.",
      "player_id": 495,
      "metric": "blocks_per_game"
    },
    {
      "code": "minimum_minutes_not_met",
      "message": "Player averages 4.8 minutes; 10.0 are required for benchmarks.",
      "player_id": 495,
      "metric": "turnovers_per_game"
    },
    {
      "code": "minimum_minutes_not_met",
      "message": "Player averages 4.8 minutes; 10.0 are required for benchmarks.",
      "player_id": 495,
      "metric": "points_per_36"
    },
    {
      "code": "minimum_minutes_not_met",
      "message": "Player averages 4.8 minutes; 10.0 are required for benchmarks.",
      "player_id": 495,
      "metric": "rebounds_per_36"
    },
    {
      "code": "minimum_minutes_not_met",
      "message": "Player averages 4.8 minutes; 10.0 are required for benchmarks.",
      "player_id": 495,
      "metric": "assists_per_36"
    },
    {
      "code": "minimum_minutes_not_met",
      "message": "Player averages 4.8 minutes; 10.0 are required for benchmarks.",
      "player_id": 495,
      "metric": "turnovers_per_36"
    },
    {
      "code": "incomplete_game_logs",
      "message": "Player has 24 logs across 82 stored team games.",
      "player_id": 495,
      "metric": null
    },
    {
      "code": "traded_mid_season",
      "message": "Player represented multiple teams.",
      "player_id": 496,
      "metric": null
    },
    {
      "code": "incomplete_game_logs",
      "message": "Player has 38 logs across 82 stored team games.",
      "player_id": 496,
      "metric": null
    },
    {
      "code": "incomplete_game_logs",
      "message": "Player has 53 logs across 82 stored team games.",
      "player_id": 497,
      "metric": null
    },
    {
      "code": "incomplete_game_logs",
      "message": "Player has 35 logs across 82 stored team games.",
      "player_id": 498,
      "metric": null
    },
    {
      "code": "incomplete_game_logs",
      "message": "Player has 74 logs across 82 stored team games.",
      "player_id": 499,
      "metric": null
    },
    {
      "code": "incomplete_game_logs",
      "message": "Player has 70 logs across 82 stored team games.",
      "player_id": 500,
      "metric": null
    },
    {
      "code": "incomplete_game_logs",
      "message": "Player has 77 logs across 82 stored team games.",
      "player_id": 501,
      "metric": null
    },
    {
      "code": "minimum_minutes_not_met",
      "message": "Player averages 7.2 minutes; 10.0 are required for benchmarks.",
      "player_id": 502,
      "metric": "points_per_game"
    },
    {
      "code": "minimum_minutes_not_met",
      "message": "Player averages 7.2 minutes; 10.0 are required for benchmarks.",
      "player_id": 502,
      "metric": "rebounds_per_game"
    },
    {
      "code": "minimum_minutes_not_met",
      "message": "Player averages 7.2 minutes; 10.0 are required for benchmarks.",
      "player_id": 502,
      "metric": "assists_per_game"
    },
    {
      "code": "minimum_minutes_not_met",
      "message": "Player averages 7.2 minutes; 10.0 are required for benchmarks.",
      "player_id": 502,
      "metric": "minutes_per_game"
    },
    {
      "code": "minimum_minutes_not_met",
      "message": "Player averages 7.2 minutes; 10.0 are required for benchmarks.",
      "player_id": 502,
      "metric": "plus_minus_per_game"
    },
    {
      "code": "minimum_minutes_not_met",
      "message": "Player averages 7.2 minutes; 10.0 are required for benchmarks.",
      "player_id": 502,
      "metric": "true_shooting_percentage"
    },
    {
      "code": "minimum_minutes_not_met",
      "message": "Player averages 7.2 minutes; 10.0 are required for benchmarks.",
      "player_id": 502,
      "metric": "field_goal_percentage"
    },
    {
      "code": "minimum_minutes_not_met",
      "message": "Player averages 7.2 minutes; 10.0 are required for benchmarks.",
      "player_id": 502,
      "metric": "three_point_percentage"
    },
    {
      "code": "minimum_minutes_not_met",
      "message": "Player averages 7.2 minutes; 10.0 are required for benchmarks.",
      "player_id": 502,
      "metric": "effective_field_goal_percentage"
    },
    {
      "code": "minimum_minutes_not_met",
      "message": "Player averages 7.2 minutes; 10.0 are required for benchmarks.",
      "player_id": 502,
      "metric": "steals_per_game"
    },
    {
      "code": "minimum_minutes_not_met",
      "message": "Player averages 7.2 minutes; 10.0 are required for benchmarks.",
      "player_id": 502,
      "metric": "blocks_per_game"
    },
    {
      "code": "minimum_minutes_not_met",
      "message": "Player averages 7.2 minutes; 10.0 are required for benchmarks.",
      "player_id": 502,
      "metric": "turnovers_per_game"
    },
    {
      "code": "minimum_minutes_not_met",
      "message": "Player averages 7.2 minutes; 10.0 are required for benchmarks.",
      "player_id": 502,
      "metric": "points_per_36"
    },
    {
      "code": "minimum_minutes_not_met",
      "message": "Player averages 7.2 minutes; 10.0 are required for benchmarks.",
      "player_id": 502,
      "metric": "rebounds_per_36"
    },
    {
      "code": "minimum_minutes_not_met",
      "message": "Player averages 7.2 minutes; 10.0 are required for benchmarks.",
      "player_id": 502,
      "metric": "assists_per_36"
    },
    {
      "code": "minimum_minutes_not_met",
      "message": "Player averages 7.2 minutes; 10.0 are required for benchmarks.",
      "player_id": 502,
      "metric": "turnovers_per_36"
    },
    {
      "code": "incomplete_game_logs",
      "message": "Player has 41 logs across 82 stored team games.",
      "player_id": 502,
      "metric": null
    },
    {
      "code": "incomplete_game_logs",
      "message": "Player has 73 logs across 82 stored team games.",
      "player_id": 503,
      "metric": null
    },
    {
      "code": "incomplete_game_logs",
      "message": "Player has 60 logs across 82 stored team games.",
      "player_id": 504,
      "metric": null
    },
    {
      "code": "incomplete_game_logs",
      "message": "Player has 52 logs across 82 stored team games.",
      "player_id": 505,
      "metric": null
    },
    {
      "code": "minimum_games_not_met",
      "message": "Player has 7 games; 15 are required for benchmarks.",
      "player_id": 507,
      "metric": "points_per_game"
    },
    {
      "code": "minimum_games_not_met",
      "message": "Player has 7 games; 15 are required for benchmarks.",
      "player_id": 507,
      "metric": "rebounds_per_game"
    },
    {
      "code": "minimum_games_not_met",
      "message": "Player has 7 games; 15 are required for benchmarks.",
      "player_id": 507,
      "metric": "assists_per_game"
    },
    {
      "code": "minimum_games_not_met",
      "message": "Player has 7 games; 15 are required for benchmarks.",
      "player_id": 507,
      "metric": "minutes_per_game"
    },
    {
      "code": "minimum_games_not_met",
      "message": "Player has 7 games; 15 are required for benchmarks.",
      "player_id": 507,
      "metric": "plus_minus_per_game"
    },
    {
      "code": "minimum_games_not_met",
      "message": "Player has 7 games; 15 are required for benchmarks.",
      "player_id": 507,
      "metric": "true_shooting_percentage"
    },
    {
      "code": "minimum_games_not_met",
      "message": "Player has 7 games; 15 are required for benchmarks.",
      "player_id": 507,
      "metric": "field_goal_percentage"
    },
    {
      "code": "minimum_games_not_met",
      "message": "Player has 7 games; 15 are required for benchmarks.",
      "player_id": 507,
      "metric": "three_point_percentage"
    },
    {
      "code": "minimum_games_not_met",
      "message": "Player has 7 games; 15 are required for benchmarks.",
      "player_id": 507,
      "metric": "effective_field_goal_percentage"
    },
    {
      "code": "minimum_games_not_met",
      "message": "Player has 7 games; 15 are required for benchmarks.",
      "player_id": 507,
      "metric": "steals_per_game"
    },
    {
      "code": "minimum_games_not_met",
      "message": "Player has 7 games; 15 are required for benchmarks.",
      "player_id": 507,
      "metric": "blocks_per_game"
    },
    {
      "code": "minimum_games_not_met",
      "message": "Player has 7 games; 15 are required for benchmarks.",
      "player_id": 507,
      "metric": "turnovers_per_game"
    },
    {
      "code": "minimum_games_not_met",
      "message": "Player has 7 games; 15 are required for benchmarks.",
      "player_id": 507,
      "metric": "points_per_36"
    },
    {
      "code": "minimum_games_not_met",
      "message": "Player has 7 games; 15 are required for benchmarks.",
      "player_id": 507,
      "metric": "rebounds_per_36"
    },
    {
      "code": "minimum_games_not_met",
      "message": "Player has 7 games; 15 are required for benchmarks.",
      "player_id": 507,
      "metric": "assists_per_36"
    },
    {
      "code": "minimum_games_not_met",
      "message": "Player has 7 games; 15 are required for benchmarks.",
      "player_id": 507,
      "metric": "turnovers_per_36"
    },
    {
      "code": "trend_small_sample",
      "message": "At least 10 games are required to compare recent five games to previous five.",
      "player_id": 507,
      "metric": null
    },
    {
      "code": "incomplete_game_logs",
      "message": "Player has 7 logs across 82 stored team games.",
      "player_id": 507,
      "metric": null
    },
    {
      "code": "incomplete_game_logs",
      "message": "Player has 81 logs across 82 stored team games.",
      "player_id": 508,
      "metric": null
    },
    {
      "code": "incomplete_game_logs",
      "message": "Player has 46 logs across 82 stored team games.",
      "player_id": 510,
      "metric": null
    },
    {
      "code": "incomplete_game_logs",
      "message": "Player has 27 logs across 82 stored team games.",
      "player_id": 511,
      "metric": null
    },
    {
      "code": "incomplete_game_logs",
      "message": "Player has 57 logs across 82 stored team games.",
      "player_id": 513,
      "metric": null
    },
    {
      "code": "incomplete_game_logs",
      "message": "Player has 58 logs across 82 stored team games.",
      "player_id": 514,
      "metric": null
    },
    {
      "code": "incomplete_game_logs",
      "message": "Player has 68 logs across 82 stored team games.",
      "player_id": 516,
      "metric": null
    },
    {
      "code": "traded_mid_season",
      "message": "Player represented multiple teams.",
      "player_id": 517,
      "metric": null
    },
    {
      "code": "incomplete_game_logs",
      "message": "Player has 36 logs across 82 stored team games.",
      "player_id": 517,
      "metric": null
    },
    {
      "code": "minimum_minutes_not_met",
      "message": "Player averages 7.0 minutes; 10.0 are required for benchmarks.",
      "player_id": 520,
      "metric": "points_per_game"
    },
    {
      "code": "minimum_minutes_not_met",
      "message": "Player averages 7.0 minutes; 10.0 are required for benchmarks.",
      "player_id": 520,
      "metric": "rebounds_per_game"
    },
    {
      "code": "minimum_minutes_not_met",
      "message": "Player averages 7.0 minutes; 10.0 are required for benchmarks.",
      "player_id": 520,
      "metric": "assists_per_game"
    },
    {
      "code": "minimum_minutes_not_met",
      "message": "Player averages 7.0 minutes; 10.0 are required for benchmarks.",
      "player_id": 520,
      "metric": "minutes_per_game"
    },
    {
      "code": "minimum_minutes_not_met",
      "message": "Player averages 7.0 minutes; 10.0 are required for benchmarks.",
      "player_id": 520,
      "metric": "plus_minus_per_game"
    },
    {
      "code": "minimum_minutes_not_met",
      "message": "Player averages 7.0 minutes; 10.0 are required for benchmarks.",
      "player_id": 520,
      "metric": "true_shooting_percentage"
    },
    {
      "code": "minimum_minutes_not_met",
      "message": "Player averages 7.0 minutes; 10.0 are required for benchmarks.",
      "player_id": 520,
      "metric": "field_goal_percentage"
    },
    {
      "code": "minimum_minutes_not_met",
      "message": "Player averages 7.0 minutes; 10.0 are required for benchmarks.",
      "player_id": 520,
      "metric": "three_point_percentage"
    },
    {
      "code": "minimum_minutes_not_met",
      "message": "Player averages 7.0 minutes; 10.0 are required for benchmarks.",
      "player_id": 520,
      "metric": "effective_field_goal_percentage"
    },
    {
      "code": "minimum_minutes_not_met",
      "message": "Player averages 7.0 minutes; 10.0 are required for benchmarks.",
      "player_id": 520,
      "metric": "steals_per_game"
    },
    {
      "code": "minimum_minutes_not_met",
      "message": "Player averages 7.0 minutes; 10.0 are required for benchmarks.",
      "player_id": 520,
      "metric": "blocks_per_game"
    },
    {
      "code": "minimum_minutes_not_met",
      "message": "Player averages 7.0 minutes; 10.0 are required for benchmarks.",
      "player_id": 520,
      "metric": "turnovers_per_game"
    },
    {
      "code": "minimum_minutes_not_met",
      "message": "Player averages 7.0 minutes; 10.0 are required for benchmarks.",
      "player_id": 520,
      "metric": "points_per_36"
    },
    {
      "code": "minimum_minutes_not_met",
      "message": "Player averages 7.0 minutes; 10.0 are required for benchmarks.",
      "player_id": 520,
      "metric": "rebounds_per_36"
    },
    {
      "code": "minimum_minutes_not_met",
      "message": "Player averages 7.0 minutes; 10.0 are required for benchmarks.",
      "player_id": 520,
      "metric": "assists_per_36"
    },
    {
      "code": "minimum_minutes_not_met",
      "message": "Player averages 7.0 minutes; 10.0 are required for benchmarks.",
      "player_id": 520,
      "metric": "turnovers_per_36"
    },
    {
      "code": "incomplete_game_logs",
      "message": "Player has 33 logs across 82 stored team games.",
      "player_id": 520,
      "metric": null
    },
    {
      "code": "incomplete_game_logs",
      "message": "Player has 73 logs across 82 stored team games.",
      "player_id": 523,
      "metric": null
    },
    {
      "code": "incomplete_game_logs",
      "message": "Player has 75 logs across 82 stored team games.",
      "player_id": 524,
      "metric": null
    },
    {
      "code": "traded_mid_season",
      "message": "Player represented multiple teams.",
      "player_id": 525,
      "metric": null
    },
    {
      "code": "incomplete_game_logs",
      "message": "Player has 64 logs across 82 stored team games.",
      "player_id": 525,
      "metric": null
    },
    {
      "code": "incomplete_game_logs",
      "message": "Player has 66 logs across 82 stored team games.",
      "player_id": 526,
      "metric": null
    },
    {
      "code": "traded_mid_season",
      "message": "Player represented multiple teams.",
      "player_id": 527,
      "metric": null
    },
    {
      "code": "incomplete_game_logs",
      "message": "Player has 74 logs across 82 stored team games.",
      "player_id": 527,
      "metric": null
    },
    {
      "code": "incomplete_game_logs",
      "message": "Player has 57 logs across 82 stored team games.",
      "player_id": 528,
      "metric": null
    },
    {
      "code": "incomplete_game_logs",
      "message": "Player has 63 logs across 82 stored team games.",
      "player_id": 529,
      "metric": null
    },
    {
      "code": "incomplete_game_logs",
      "message": "Player has 30 logs across 82 stored team games.",
      "player_id": 530,
      "metric": null
    },
    {
      "code": "minimum_minutes_not_met",
      "message": "Player averages 5.5 minutes; 10.0 are required for benchmarks.",
      "player_id": 781,
      "metric": "points_per_game"
    },
    {
      "code": "minimum_minutes_not_met",
      "message": "Player averages 5.5 minutes; 10.0 are required for benchmarks.",
      "player_id": 781,
      "metric": "rebounds_per_game"
    },
    {
      "code": "minimum_minutes_not_met",
      "message": "Player averages 5.5 minutes; 10.0 are required for benchmarks.",
      "player_id": 781,
      "metric": "assists_per_game"
    },
    {
      "code": "minimum_minutes_not_met",
      "message": "Player averages 5.5 minutes; 10.0 are required for benchmarks.",
      "player_id": 781,
      "metric": "minutes_per_game"
    },
    {
      "code": "minimum_minutes_not_met",
      "message": "Player averages 5.5 minutes; 10.0 are required for benchmarks.",
      "player_id": 781,
      "metric": "plus_minus_per_game"
    },
    {
      "code": "minimum_minutes_not_met",
      "message": "Player averages 5.5 minutes; 10.0 are required for benchmarks.",
      "player_id": 781,
      "metric": "true_shooting_percentage"
    },
    {
      "code": "minimum_minutes_not_met",
      "message": "Player averages 5.5 minutes; 10.0 are required for benchmarks.",
      "player_id": 781,
      "metric": "field_goal_percentage"
    },
    {
      "code": "minimum_minutes_not_met",
      "message": "Player averages 5.5 minutes; 10.0 are required for benchmarks.",
      "player_id": 781,
      "metric": "three_point_percentage"
    },
    {
      "code": "minimum_minutes_not_met",
      "message": "Player averages 5.5 minutes; 10.0 are required for benchmarks.",
      "player_id": 781,
      "metric": "effective_field_goal_percentage"
    },
    {
      "code": "minimum_minutes_not_met",
      "message": "Player averages 5.5 minutes; 10.0 are required for benchmarks.",
      "player_id": 781,
      "metric": "steals_per_game"
    },
    {
      "code": "minimum_minutes_not_met",
      "message": "Player averages 5.5 minutes; 10.0 are required for benchmarks.",
      "player_id": 781,
      "metric": "blocks_per_game"
    },
    {
      "code": "minimum_minutes_not_met",
      "message": "Player averages 5.5 minutes; 10.0 are required for benchmarks.",
      "player_id": 781,
      "metric": "turnovers_per_game"
    },
    {
      "code": "minimum_minutes_not_met",
      "message": "Player averages 5.5 minutes; 10.0 are required for benchmarks.",
      "player_id": 781,
      "metric": "points_per_36"
    },
    {
      "code": "minimum_minutes_not_met",
      "message": "Player averages 5.5 minutes; 10.0 are required for benchmarks.",
      "player_id": 781,
      "metric": "rebounds_per_36"
    },
    {
      "code": "minimum_minutes_not_met",
      "message": "Player averages 5.5 minutes; 10.0 are required for benchmarks.",
      "player_id": 781,
      "metric": "assists_per_36"
    },
    {
      "code": "minimum_minutes_not_met",
      "message": "Player averages 5.5 minutes; 10.0 are required for benchmarks.",
      "player_id": 781,
      "metric": "turnovers_per_36"
    },
    {
      "code": "incomplete_game_logs",
      "message": "Player has 37 logs across 82 stored team games.",
      "player_id": 781,
      "metric": null
    },
    {
      "code": "minimum_games_not_met",
      "message": "Player has 4 games; 15 are required for benchmarks.",
      "player_id": 782,
      "metric": "points_per_game"
    },
    {
      "code": "minimum_minutes_not_met",
      "message": "Player averages 5.5 minutes; 10.0 are required for benchmarks.",
      "player_id": 782,
      "metric": "points_per_game"
    },
    {
      "code": "minimum_games_not_met",
      "message": "Player has 4 games; 15 are required for benchmarks.",
      "player_id": 782,
      "metric": "rebounds_per_game"
    },
    {
      "code": "minimum_minutes_not_met",
      "message": "Player averages 5.5 minutes; 10.0 are required for benchmarks.",
      "player_id": 782,
      "metric": "rebounds_per_game"
    },
    {
      "code": "minimum_games_not_met",
      "message": "Player has 4 games; 15 are required for benchmarks.",
      "player_id": 782,
      "metric": "assists_per_game"
    },
    {
      "code": "minimum_minutes_not_met",
      "message": "Player averages 5.5 minutes; 10.0 are required for benchmarks.",
      "player_id": 782,
      "metric": "assists_per_game"
    },
    {
      "code": "minimum_games_not_met",
      "message": "Player has 4 games; 15 are required for benchmarks.",
      "player_id": 782,
      "metric": "minutes_per_game"
    },
    {
      "code": "minimum_minutes_not_met",
      "message": "Player averages 5.5 minutes; 10.0 are required for benchmarks.",
      "player_id": 782,
      "metric": "minutes_per_game"
    },
    {
      "code": "minimum_games_not_met",
      "message": "Player has 4 games; 15 are required for benchmarks.",
      "player_id": 782,
      "metric": "plus_minus_per_game"
    },
    {
      "code": "minimum_minutes_not_met",
      "message": "Player averages 5.5 minutes; 10.0 are required for benchmarks.",
      "player_id": 782,
      "metric": "plus_minus_per_game"
    },
    {
      "code": "minimum_games_not_met",
      "message": "Player has 4 games; 15 are required for benchmarks.",
      "player_id": 782,
      "metric": "true_shooting_percentage"
    },
    {
      "code": "minimum_minutes_not_met",
      "message": "Player averages 5.5 minutes; 10.0 are required for benchmarks.",
      "player_id": 782,
      "metric": "true_shooting_percentage"
    },
    {
      "code": "minimum_games_not_met",
      "message": "Player has 4 games; 15 are required for benchmarks.",
      "player_id": 782,
      "metric": "field_goal_percentage"
    },
    {
      "code": "minimum_minutes_not_met",
      "message": "Player averages 5.5 minutes; 10.0 are required for benchmarks.",
      "player_id": 782,
      "metric": "field_goal_percentage"
    },
    {
      "code": "minimum_games_not_met",
      "message": "Player has 4 games; 15 are required for benchmarks.",
      "player_id": 782,
      "metric": "three_point_percentage"
    },
    {
      "code": "minimum_minutes_not_met",
      "message": "Player averages 5.5 minutes; 10.0 are required for benchmarks.",
      "player_id": 782,
      "metric": "three_point_percentage"
    },
    {
      "code": "minimum_games_not_met",
      "message": "Player has 4 games; 15 are required for benchmarks.",
      "player_id": 782,
      "metric": "effective_field_goal_percentage"
    },
    {
      "code": "minimum_minutes_not_met",
      "message": "Player averages 5.5 minutes; 10.0 are required for benchmarks.",
      "player_id": 782,
      "metric": "effective_field_goal_percentage"
    },
    {
      "code": "minimum_games_not_met",
      "message": "Player has 4 games; 15 are required for benchmarks.",
      "player_id": 782,
      "metric": "steals_per_game"
    },
    {
      "code": "minimum_minutes_not_met",
      "message": "Player averages 5.5 minutes; 10.0 are required for benchmarks.",
      "player_id": 782,
      "metric": "steals_per_game"
    },
    {
      "code": "minimum_games_not_met",
      "message": "Player has 4 games; 15 are required for benchmarks.",
      "player_id": 782,
      "metric": "blocks_per_game"
    },
    {
      "code": "minimum_minutes_not_met",
      "message": "Player averages 5.5 minutes; 10.0 are required for benchmarks.",
      "player_id": 782,
      "metric": "blocks_per_game"
    },
    {
      "code": "minimum_games_not_met",
      "message": "Player has 4 games; 15 are required for benchmarks.",
      "player_id": 782,
      "metric": "turnovers_per_game"
    },
    {
      "code": "minimum_minutes_not_met",
      "message": "Player averages 5.5 minutes; 10.0 are required for benchmarks.",
      "player_id": 782,
      "metric": "turnovers_per_game"
    },
    {
      "code": "minimum_games_not_met",
      "message": "Player has 4 games; 15 are required for benchmarks.",
      "player_id": 782,
      "metric": "points_per_36"
    },
    {
      "code": "minimum_minutes_not_met",
      "message": "Player averages 5.5 minutes; 10.0 are required for benchmarks.",
      "player_id": 782,
      "metric": "points_per_36"
    },
    {
      "code": "minimum_games_not_met",
      "message": "Player has 4 games; 15 are required for benchmarks.",
      "player_id": 782,
      "metric": "rebounds_per_36"
    },
    {
      "code": "minimum_minutes_not_met",
      "message": "Player averages 5.5 minutes; 10.0 are required for benchmarks.",
      "player_id": 782,
      "metric": "rebounds_per_36"
    },
    {
      "code": "minimum_games_not_met",
      "message": "Player has 4 games; 15 are required for benchmarks.",
      "player_id": 782,
      "metric": "assists_per_36"
    },
    {
      "code": "minimum_minutes_not_met",
      "message": "Player averages 5.5 minutes; 10.0 are required for benchmarks.",
      "player_id": 782,
      "metric": "assists_per_36"
    },
    {
      "code": "minimum_games_not_met",
      "message": "Player has 4 games; 15 are required for benchmarks.",
      "player_id": 782,
      "metric": "turnovers_per_36"
    },
    {
      "code": "minimum_minutes_not_met",
      "message": "Player averages 5.5 minutes; 10.0 are required for benchmarks.",
      "player_id": 782,
      "metric": "turnovers_per_36"
    },
    {
      "code": "trend_small_sample",
      "message": "At least 10 games are required to compare recent five games to previous five.",
      "player_id": 782,
      "metric": null
    },
    {
      "code": "incomplete_game_logs",
      "message": "Player has 4 logs across 82 stored team games.",
      "player_id": 782,
      "metric": null
    },
    {
      "code": "incomplete_game_logs",
      "message": "Player has 49 logs across 82 stored team games.",
      "player_id": 783,
      "metric": null
    },
    {
      "code": "minimum_minutes_not_met",
      "message": "Player averages 6.0 minutes; 10.0 are required for benchmarks.",
      "player_id": 784,
      "metric": "points_per_game"
    },
    {
      "code": "minimum_minutes_not_met",
      "message": "Player averages 6.0 minutes; 10.0 are required for benchmarks.",
      "player_id": 784,
      "metric": "rebounds_per_game"
    },
    {
      "code": "minimum_minutes_not_met",
      "message": "Player averages 6.0 minutes; 10.0 are required for benchmarks.",
      "player_id": 784,
      "metric": "assists_per_game"
    },
    {
      "code": "minimum_minutes_not_met",
      "message": "Player averages 6.0 minutes; 10.0 are required for benchmarks.",
      "player_id": 784,
      "metric": "minutes_per_game"
    },
    {
      "code": "minimum_minutes_not_met",
      "message": "Player averages 6.0 minutes; 10.0 are required for benchmarks.",
      "player_id": 784,
      "metric": "plus_minus_per_game"
    },
    {
      "code": "minimum_minutes_not_met",
      "message": "Player averages 6.0 minutes; 10.0 are required for benchmarks.",
      "player_id": 784,
      "metric": "true_shooting_percentage"
    },
    {
      "code": "minimum_minutes_not_met",
      "message": "Player averages 6.0 minutes; 10.0 are required for benchmarks.",
      "player_id": 784,
      "metric": "field_goal_percentage"
    },
    {
      "code": "minimum_minutes_not_met",
      "message": "Player averages 6.0 minutes; 10.0 are required for benchmarks.",
      "player_id": 784,
      "metric": "three_point_percentage"
    },
    {
      "code": "minimum_minutes_not_met",
      "message": "Player averages 6.0 minutes; 10.0 are required for benchmarks.",
      "player_id": 784,
      "metric": "effective_field_goal_percentage"
    },
    {
      "code": "minimum_minutes_not_met",
      "message": "Player averages 6.0 minutes; 10.0 are required for benchmarks.",
      "player_id": 784,
      "metric": "steals_per_game"
    },
    {
      "code": "minimum_minutes_not_met",
      "message": "Player averages 6.0 minutes; 10.0 are required for benchmarks.",
      "player_id": 784,
      "metric": "blocks_per_game"
    },
    {
      "code": "minimum_minutes_not_met",
      "message": "Player averages 6.0 minutes; 10.0 are required for benchmarks.",
      "player_id": 784,
      "metric": "turnovers_per_game"
    },
    {
      "code": "minimum_minutes_not_met",
      "message": "Player averages 6.0 minutes; 10.0 are required for benchmarks.",
      "player_id": 784,
      "metric": "points_per_36"
    },
    {
      "code": "minimum_minutes_not_met",
      "message": "Player averages 6.0 minutes; 10.0 are required for benchmarks.",
      "player_id": 784,
      "metric": "rebounds_per_36"
    },
    {
      "code": "minimum_minutes_not_met",
      "message": "Player averages 6.0 minutes; 10.0 are required for benchmarks.",
      "player_id": 784,
      "metric": "assists_per_36"
    },
    {
      "code": "minimum_minutes_not_met",
      "message": "Player averages 6.0 minutes; 10.0 are required for benchmarks.",
      "player_id": 784,
      "metric": "turnovers_per_36"
    },
    {
      "code": "incomplete_game_logs",
      "message": "Player has 21 logs across 82 stored team games.",
      "player_id": 784,
      "metric": null
    },
    {
      "code": "minimum_minutes_not_met",
      "message": "Player averages 8.2 minutes; 10.0 are required for benchmarks.",
      "player_id": 785,
      "metric": "points_per_game"
    },
    {
      "code": "minimum_minutes_not_met",
      "message": "Player averages 8.2 minutes; 10.0 are required for benchmarks.",
      "player_id": 785,
      "metric": "rebounds_per_game"
    },
    {
      "code": "minimum_minutes_not_met",
      "message": "Player averages 8.2 minutes; 10.0 are required for benchmarks.",
      "player_id": 785,
      "metric": "assists_per_game"
    },
    {
      "code": "minimum_minutes_not_met",
      "message": "Player averages 8.2 minutes; 10.0 are required for benchmarks.",
      "player_id": 785,
      "metric": "minutes_per_game"
    },
    {
      "code": "minimum_minutes_not_met",
      "message": "Player averages 8.2 minutes; 10.0 are required for benchmarks.",
      "player_id": 785,
      "metric": "plus_minus_per_game"
    },
    {
      "code": "minimum_minutes_not_met",
      "message": "Player averages 8.2 minutes; 10.0 are required for benchmarks.",
      "player_id": 785,
      "metric": "true_shooting_percentage"
    },
    {
      "code": "minimum_minutes_not_met",
      "message": "Player averages 8.2 minutes; 10.0 are required for benchmarks.",
      "player_id": 785,
      "metric": "field_goal_percentage"
    },
    {
      "code": "minimum_minutes_not_met",
      "message": "Player averages 8.2 minutes; 10.0 are required for benchmarks.",
      "player_id": 785,
      "metric": "three_point_percentage"
    },
    {
      "code": "minimum_minutes_not_met",
      "message": "Player averages 8.2 minutes; 10.0 are required for benchmarks.",
      "player_id": 785,
      "metric": "effective_field_goal_percentage"
    },
    {
      "code": "minimum_minutes_not_met",
      "message": "Player averages 8.2 minutes; 10.0 are required for benchmarks.",
      "player_id": 785,
      "metric": "steals_per_game"
    },
    {
      "code": "minimum_minutes_not_met",
      "message": "Player averages 8.2 minutes; 10.0 are required for benchmarks.",
      "player_id": 785,
      "metric": "blocks_per_game"
    },
    {
      "code": "minimum_minutes_not_met",
      "message": "Player averages 8.2 minutes; 10.0 are required for benchmarks.",
      "player_id": 785,
      "metric": "turnovers_per_game"
    },
    {
      "code": "minimum_minutes_not_met",
      "message": "Player averages 8.2 minutes; 10.0 are required for benchmarks.",
      "player_id": 785,
      "metric": "points_per_36"
    },
    {
      "code": "minimum_minutes_not_met",
      "message": "Player averages 8.2 minutes; 10.0 are required for benchmarks.",
      "player_id": 785,
      "metric": "rebounds_per_36"
    },
    {
      "code": "minimum_minutes_not_met",
      "message": "Player averages 8.2 minutes; 10.0 are required for benchmarks.",
      "player_id": 785,
      "metric": "assists_per_36"
    },
    {
      "code": "minimum_minutes_not_met",
      "message": "Player averages 8.2 minutes; 10.0 are required for benchmarks.",
      "player_id": 785,
      "metric": "turnovers_per_36"
    },
    {
      "code": "traded_mid_season",
      "message": "Player represented multiple teams.",
      "player_id": 785,
      "metric": null
    },
    {
      "code": "incomplete_game_logs",
      "message": "Player has 46 logs across 82 stored team games.",
      "player_id": 785,
      "metric": null
    },
    {
      "code": "traded_mid_season",
      "message": "Player represented multiple teams.",
      "player_id": 786,
      "metric": null
    },
    {
      "code": "incomplete_game_logs",
      "message": "Player has 15 logs across 82 stored team games.",
      "player_id": 786,
      "metric": null
    },
    {
      "code": "minimum_games_not_met",
      "message": "Player has 1 games; 15 are required for benchmarks.",
      "player_id": 787,
      "metric": "points_per_game"
    },
    {
      "code": "minimum_minutes_not_met",
      "message": "Player averages 4.0 minutes; 10.0 are required for benchmarks.",
      "player_id": 787,
      "metric": "points_per_game"
    },
    {
      "code": "minimum_games_not_met",
      "message": "Player has 1 games; 15 are required for benchmarks.",
      "player_id": 787,
      "metric": "rebounds_per_game"
    },
    {
      "code": "minimum_minutes_not_met",
      "message": "Player averages 4.0 minutes; 10.0 are required for benchmarks.",
      "player_id": 787,
      "metric": "rebounds_per_game"
    },
    {
      "code": "minimum_games_not_met",
      "message": "Player has 1 games; 15 are required for benchmarks.",
      "player_id": 787,
      "metric": "assists_per_game"
    },
    {
      "code": "minimum_minutes_not_met",
      "message": "Player averages 4.0 minutes; 10.0 are required for benchmarks.",
      "player_id": 787,
      "metric": "assists_per_game"
    },
    {
      "code": "minimum_games_not_met",
      "message": "Player has 1 games; 15 are required for benchmarks.",
      "player_id": 787,
      "metric": "minutes_per_game"
    },
    {
      "code": "minimum_minutes_not_met",
      "message": "Player averages 4.0 minutes; 10.0 are required for benchmarks.",
      "player_id": 787,
      "metric": "minutes_per_game"
    },
    {
      "code": "minimum_games_not_met",
      "message": "Player has 1 games; 15 are required for benchmarks.",
      "player_id": 787,
      "metric": "plus_minus_per_game"
    },
    {
      "code": "minimum_minutes_not_met",
      "message": "Player averages 4.0 minutes; 10.0 are required for benchmarks.",
      "player_id": 787,
      "metric": "plus_minus_per_game"
    },
    {
      "code": "minimum_games_not_met",
      "message": "Player has 1 games; 15 are required for benchmarks.",
      "player_id": 787,
      "metric": "true_shooting_percentage"
    },
    {
      "code": "minimum_minutes_not_met",
      "message": "Player averages 4.0 minutes; 10.0 are required for benchmarks.",
      "player_id": 787,
      "metric": "true_shooting_percentage"
    },
    {
      "code": "minimum_games_not_met",
      "message": "Player has 1 games; 15 are required for benchmarks.",
      "player_id": 787,
      "metric": "field_goal_percentage"
    },
    {
      "code": "minimum_minutes_not_met",
      "message": "Player averages 4.0 minutes; 10.0 are required for benchmarks.",
      "player_id": 787,
      "metric": "field_goal_percentage"
    },
    {
      "code": "minimum_games_not_met",
      "message": "Player has 1 games; 15 are required for benchmarks.",
      "player_id": 787,
      "metric": "three_point_percentage"
    },
    {
      "code": "minimum_minutes_not_met",
      "message": "Player averages 4.0 minutes; 10.0 are required for benchmarks.",
      "player_id": 787,
      "metric": "three_point_percentage"
    },
    {
      "code": "minimum_games_not_met",
      "message": "Player has 1 games; 15 are required for benchmarks.",
      "player_id": 787,
      "metric": "effective_field_goal_percentage"
    },
    {
      "code": "minimum_minutes_not_met",
      "message": "Player averages 4.0 minutes; 10.0 are required for benchmarks.",
      "player_id": 787,
      "metric": "effective_field_goal_percentage"
    },
    {
      "code": "minimum_games_not_met",
      "message": "Player has 1 games; 15 are required for benchmarks.",
      "player_id": 787,
      "metric": "steals_per_game"
    },
    {
      "code": "minimum_minutes_not_met",
      "message": "Player averages 4.0 minutes; 10.0 are required for benchmarks.",
      "player_id": 787,
      "metric": "steals_per_game"
    },
    {
      "code": "minimum_games_not_met",
      "message": "Player has 1 games; 15 are required for benchmarks.",
      "player_id": 787,
      "metric": "blocks_per_game"
    },
    {
      "code": "minimum_minutes_not_met",
      "message": "Player averages 4.0 minutes; 10.0 are required for benchmarks.",
      "player_id": 787,
      "metric": "blocks_per_game"
    },
    {
      "code": "minimum_games_not_met",
      "message": "Player has 1 games; 15 are required for benchmarks.",
      "player_id": 787,
      "metric": "turnovers_per_game"
    },
    {
      "code": "minimum_minutes_not_met",
      "message": "Player averages 4.0 minutes; 10.0 are required for benchmarks.",
      "player_id": 787,
      "metric": "turnovers_per_game"
    },
    {
      "code": "minimum_games_not_met",
      "message": "Player has 1 games; 15 are required for benchmarks.",
      "player_id": 787,
      "metric": "points_per_36"
    },
    {
      "code": "minimum_minutes_not_met",
      "message": "Player averages 4.0 minutes; 10.0 are required for benchmarks.",
      "player_id": 787,
      "metric": "points_per_36"
    },
    {
      "code": "minimum_games_not_met",
      "message": "Player has 1 games; 15 are required for benchmarks.",
      "player_id": 787,
      "metric": "rebounds_per_36"
    },
    {
      "code": "minimum_minutes_not_met",
      "message": "Player averages 4.0 minutes; 10.0 are required for benchmarks.",
      "player_id": 787,
      "metric": "rebounds_per_36"
    },
    {
      "code": "minimum_games_not_met",
      "message": "Player has 1 games; 15 are required for benchmarks.",
      "player_id": 787,
      "metric": "assists_per_36"
    },
    {
      "code": "minimum_minutes_not_met",
      "message": "Player averages 4.0 minutes; 10.0 are required for benchmarks.",
      "player_id": 787,
      "metric": "assists_per_36"
    },
    {
      "code": "minimum_games_not_met",
      "message": "Player has 1 games; 15 are required for benchmarks.",
      "player_id": 787,
      "metric": "turnovers_per_36"
    },
    {
      "code": "minimum_minutes_not_met",
      "message": "Player averages 4.0 minutes; 10.0 are required for benchmarks.",
      "player_id": 787,
      "metric": "turnovers_per_36"
    },
    {
      "code": "trend_small_sample",
      "message": "At least 10 games are required to compare recent five games to previous five.",
      "player_id": 787,
      "metric": null
    },
    {
      "code": "incomplete_game_logs",
      "message": "Player has 1 logs across 82 stored team games.",
      "player_id": 787,
      "metric": null
    },
    {
      "code": "minimum_games_not_met",
      "message": "Player has 9 games; 15 are required for benchmarks.",
      "player_id": 788,
      "metric": "points_per_game"
    },
    {
      "code": "minimum_minutes_not_met",
      "message": "Player averages 2.4 minutes; 10.0 are required for benchmarks.",
      "player_id": 788,
      "metric": "points_per_game"
    },
    {
      "code": "minimum_games_not_met",
      "message": "Player has 9 games; 15 are required for benchmarks.",
      "player_id": 788,
      "metric": "rebounds_per_game"
    },
    {
      "code": "minimum_minutes_not_met",
      "message": "Player averages 2.4 minutes; 10.0 are required for benchmarks.",
      "player_id": 788,
      "metric": "rebounds_per_game"
    },
    {
      "code": "minimum_games_not_met",
      "message": "Player has 9 games; 15 are required for benchmarks.",
      "player_id": 788,
      "metric": "assists_per_game"
    },
    {
      "code": "minimum_minutes_not_met",
      "message": "Player averages 2.4 minutes; 10.0 are required for benchmarks.",
      "player_id": 788,
      "metric": "assists_per_game"
    },
    {
      "code": "minimum_games_not_met",
      "message": "Player has 9 games; 15 are required for benchmarks.",
      "player_id": 788,
      "metric": "minutes_per_game"
    },
    {
      "code": "minimum_minutes_not_met",
      "message": "Player averages 2.4 minutes; 10.0 are required for benchmarks.",
      "player_id": 788,
      "metric": "minutes_per_game"
    },
    {
      "code": "minimum_games_not_met",
      "message": "Player has 9 games; 15 are required for benchmarks.",
      "player_id": 788,
      "metric": "plus_minus_per_game"
    },
    {
      "code": "minimum_minutes_not_met",
      "message": "Player averages 2.4 minutes; 10.0 are required for benchmarks.",
      "player_id": 788,
      "metric": "plus_minus_per_game"
    },
    {
      "code": "minimum_games_not_met",
      "message": "Player has 9 games; 15 are required for benchmarks.",
      "player_id": 788,
      "metric": "true_shooting_percentage"
    },
    {
      "code": "minimum_minutes_not_met",
      "message": "Player averages 2.4 minutes; 10.0 are required for benchmarks.",
      "player_id": 788,
      "metric": "true_shooting_percentage"
    },
    {
      "code": "minimum_games_not_met",
      "message": "Player has 9 games; 15 are required for benchmarks.",
      "player_id": 788,
      "metric": "field_goal_percentage"
    },
    {
      "code": "minimum_minutes_not_met",
      "message": "Player averages 2.4 minutes; 10.0 are required for benchmarks.",
      "player_id": 788,
      "metric": "field_goal_percentage"
    },
    {
      "code": "minimum_games_not_met",
      "message": "Player has 9 games; 15 are required for benchmarks.",
      "player_id": 788,
      "metric": "three_point_percentage"
    },
    {
      "code": "minimum_minutes_not_met",
      "message": "Player averages 2.4 minutes; 10.0 are required for benchmarks.",
      "player_id": 788,
      "metric": "three_point_percentage"
    },
    {
      "code": "minimum_games_not_met",
      "message": "Player has 9 games; 15 are required for benchmarks.",
      "player_id": 788,
      "metric": "effective_field_goal_percentage"
    },
    {
      "code": "minimum_minutes_not_met",
      "message": "Player averages 2.4 minutes; 10.0 are required for benchmarks.",
      "player_id": 788,
      "metric": "effective_field_goal_percentage"
    },
    {
      "code": "minimum_games_not_met",
      "message": "Player has 9 games; 15 are required for benchmarks.",
      "player_id": 788,
      "metric": "steals_per_game"
    },
    {
      "code": "minimum_minutes_not_met",
      "message": "Player averages 2.4 minutes; 10.0 are required for benchmarks.",
      "player_id": 788,
      "metric": "steals_per_game"
    },
    {
      "code": "minimum_games_not_met",
      "message": "Player has 9 games; 15 are required for benchmarks.",
      "player_id": 788,
      "metric": "blocks_per_game"
    },
    {
      "code": "minimum_minutes_not_met",
      "message": "Player averages 2.4 minutes; 10.0 are required for benchmarks.",
      "player_id": 788,
      "metric": "blocks_per_game"
    },
    {
      "code": "minimum_games_not_met",
      "message": "Player has 9 games; 15 are required for benchmarks.",
      "player_id": 788,
      "metric": "turnovers_per_game"
    },
    {
      "code": "minimum_minutes_not_met",
      "message": "Player averages 2.4 minutes; 10.0 are required for benchmarks.",
      "player_id": 788,
      "metric": "turnovers_per_game"
    },
    {
      "code": "minimum_games_not_met",
      "message": "Player has 9 games; 15 are required for benchmarks.",
      "player_id": 788,
      "metric": "points_per_36"
    },
    {
      "code": "minimum_minutes_not_met",
      "message": "Player averages 2.4 minutes; 10.0 are required for benchmarks.",
      "player_id": 788,
      "metric": "points_per_36"
    },
    {
      "code": "minimum_games_not_met",
      "message": "Player has 9 games; 15 are required for benchmarks.",
      "player_id": 788,
      "metric": "rebounds_per_36"
    },
    {
      "code": "minimum_minutes_not_met",
      "message": "Player averages 2.4 minutes; 10.0 are required for benchmarks.",
      "player_id": 788,
      "metric": "rebounds_per_36"
    },
    {
      "code": "minimum_games_not_met",
      "message": "Player has 9 games; 15 are required for benchmarks.",
      "player_id": 788,
      "metric": "assists_per_36"
    },
    {
      "code": "minimum_minutes_not_met",
      "message": "Player averages 2.4 minutes; 10.0 are required for benchmarks.",
      "player_id": 788,
      "metric": "assists_per_36"
    },
    {
      "code": "minimum_games_not_met",
      "message": "Player has 9 games; 15 are required for benchmarks.",
      "player_id": 788,
      "metric": "turnovers_per_36"
    },
    {
      "code": "minimum_minutes_not_met",
      "message": "Player averages 2.4 minutes; 10.0 are required for benchmarks.",
      "player_id": 788,
      "metric": "turnovers_per_36"
    },
    {
      "code": "trend_small_sample",
      "message": "At least 10 games are required to compare recent five games to previous five.",
      "player_id": 788,
      "metric": null
    },
    {
      "code": "incomplete_game_logs",
      "message": "Player has 9 logs across 82 stored team games.",
      "player_id": 788,
      "metric": null
    },
    {
      "code": "minimum_games_not_met",
      "message": "Player has 9 games; 15 are required for benchmarks.",
      "player_id": 789,
      "metric": "points_per_game"
    },
    {
      "code": "minimum_minutes_not_met",
      "message": "Player averages 7.3 minutes; 10.0 are required for benchmarks.",
      "player_id": 789,
      "metric": "points_per_game"
    },
    {
      "code": "minimum_games_not_met",
      "message": "Player has 9 games; 15 are required for benchmarks.",
      "player_id": 789,
      "metric": "rebounds_per_game"
    },
    {
      "code": "minimum_minutes_not_met",
      "message": "Player averages 7.3 minutes; 10.0 are required for benchmarks.",
      "player_id": 789,
      "metric": "rebounds_per_game"
    },
    {
      "code": "minimum_games_not_met",
      "message": "Player has 9 games; 15 are required for benchmarks.",
      "player_id": 789,
      "metric": "assists_per_game"
    },
    {
      "code": "minimum_minutes_not_met",
      "message": "Player averages 7.3 minutes; 10.0 are required for benchmarks.",
      "player_id": 789,
      "metric": "assists_per_game"
    },
    {
      "code": "minimum_games_not_met",
      "message": "Player has 9 games; 15 are required for benchmarks.",
      "player_id": 789,
      "metric": "minutes_per_game"
    },
    {
      "code": "minimum_minutes_not_met",
      "message": "Player averages 7.3 minutes; 10.0 are required for benchmarks.",
      "player_id": 789,
      "metric": "minutes_per_game"
    },
    {
      "code": "minimum_games_not_met",
      "message": "Player has 9 games; 15 are required for benchmarks.",
      "player_id": 789,
      "metric": "plus_minus_per_game"
    },
    {
      "code": "minimum_minutes_not_met",
      "message": "Player averages 7.3 minutes; 10.0 are required for benchmarks.",
      "player_id": 789,
      "metric": "plus_minus_per_game"
    },
    {
      "code": "minimum_games_not_met",
      "message": "Player has 9 games; 15 are required for benchmarks.",
      "player_id": 789,
      "metric": "true_shooting_percentage"
    },
    {
      "code": "minimum_minutes_not_met",
      "message": "Player averages 7.3 minutes; 10.0 are required for benchmarks.",
      "player_id": 789,
      "metric": "true_shooting_percentage"
    },
    {
      "code": "minimum_games_not_met",
      "message": "Player has 9 games; 15 are required for benchmarks.",
      "player_id": 789,
      "metric": "field_goal_percentage"
    },
    {
      "code": "minimum_minutes_not_met",
      "message": "Player averages 7.3 minutes; 10.0 are required for benchmarks.",
      "player_id": 789,
      "metric": "field_goal_percentage"
    },
    {
      "code": "minimum_games_not_met",
      "message": "Player has 9 games; 15 are required for benchmarks.",
      "player_id": 789,
      "metric": "three_point_percentage"
    },
    {
      "code": "minimum_minutes_not_met",
      "message": "Player averages 7.3 minutes; 10.0 are required for benchmarks.",
      "player_id": 789,
      "metric": "three_point_percentage"
    },
    {
      "code": "minimum_games_not_met",
      "message": "Player has 9 games; 15 are required for benchmarks.",
      "player_id": 789,
      "metric": "effective_field_goal_percentage"
    },
    {
      "code": "minimum_minutes_not_met",
      "message": "Player averages 7.3 minutes; 10.0 are required for benchmarks.",
      "player_id": 789,
      "metric": "effective_field_goal_percentage"
    },
    {
      "code": "minimum_games_not_met",
      "message": "Player has 9 games; 15 are required for benchmarks.",
      "player_id": 789,
      "metric": "steals_per_game"
    },
    {
      "code": "minimum_minutes_not_met",
      "message": "Player averages 7.3 minutes; 10.0 are required for benchmarks.",
      "player_id": 789,
      "metric": "steals_per_game"
    },
    {
      "code": "minimum_games_not_met",
      "message": "Player has 9 games; 15 are required for benchmarks.",
      "player_id": 789,
      "metric": "blocks_per_game"
    },
    {
      "code": "minimum_minutes_not_met",
      "message": "Player averages 7.3 minutes; 10.0 are required for benchmarks.",
      "player_id": 789,
      "metric": "blocks_per_game"
    },
    {
      "code": "minimum_games_not_met",
      "message": "Player has 9 games; 15 are required for benchmarks.",
      "player_id": 789,
      "metric": "turnovers_per_game"
    },
    {
      "code": "minimum_minutes_not_met",
      "message": "Player averages 7.3 minutes; 10.0 are required for benchmarks.",
      "player_id": 789,
      "metric": "turnovers_per_game"
    },
    {
      "code": "minimum_games_not_met",
      "message": "Player has 9 games; 15 are required for benchmarks.",
      "player_id": 789,
      "metric": "points_per_36"
    },
    {
      "code": "minimum_minutes_not_met",
      "message": "Player averages 7.3 minutes; 10.0 are required for benchmarks.",
      "player_id": 789,
      "metric": "points_per_36"
    },
    {
      "code": "minimum_games_not_met",
      "message": "Player has 9 games; 15 are required for benchmarks.",
      "player_id": 789,
      "metric": "rebounds_per_36"
    },
    {
      "code": "minimum_minutes_not_met",
      "message": "Player averages 7.3 minutes; 10.0 are required for benchmarks.",
      "player_id": 789,
      "metric": "rebounds_per_36"
    },
    {
      "code": "minimum_games_not_met",
      "message": "Player has 9 games; 15 are required for benchmarks.",
      "player_id": 789,
      "metric": "assists_per_36"
    },
    {
      "code": "minimum_minutes_not_met",
      "message": "Player averages 7.3 minutes; 10.0 are required for benchmarks.",
      "player_id": 789,
      "metric": "assists_per_36"
    },
    {
      "code": "minimum_games_not_met",
      "message": "Player has 9 games; 15 are required for benchmarks.",
      "player_id": 789,
      "metric": "turnovers_per_36"
    },
    {
      "code": "minimum_minutes_not_met",
      "message": "Player averages 7.3 minutes; 10.0 are required for benchmarks.",
      "player_id": 789,
      "metric": "turnovers_per_36"
    },
    {
      "code": "trend_small_sample",
      "message": "At least 10 games are required to compare recent five games to previous five.",
      "player_id": 789,
      "metric": null
    },
    {
      "code": "incomplete_game_logs",
      "message": "Player has 9 logs across 82 stored team games.",
      "player_id": 789,
      "metric": null
    },
    {
      "code": "traded_mid_season",
      "message": "Player represented multiple teams.",
      "player_id": 790,
      "metric": null
    },
    {
      "code": "incomplete_game_logs",
      "message": "Player has 51 logs across 82 stored team games.",
      "player_id": 790,
      "metric": null
    },
    {
      "code": "incomplete_game_logs",
      "message": "Player has 36 logs across 82 stored team games.",
      "player_id": 791,
      "metric": null
    },
    {
      "code": "incomplete_game_logs",
      "message": "Player has 42 logs across 82 stored team games.",
      "player_id": 792,
      "metric": null
    },
    {
      "code": "minimum_games_not_met",
      "message": "Player has 3 games; 15 are required for benchmarks.",
      "player_id": 793,
      "metric": "points_per_game"
    },
    {
      "code": "minimum_minutes_not_met",
      "message": "Player averages 3.7 minutes; 10.0 are required for benchmarks.",
      "player_id": 793,
      "metric": "points_per_game"
    },
    {
      "code": "minimum_games_not_met",
      "message": "Player has 3 games; 15 are required for benchmarks.",
      "player_id": 793,
      "metric": "rebounds_per_game"
    },
    {
      "code": "minimum_minutes_not_met",
      "message": "Player averages 3.7 minutes; 10.0 are required for benchmarks.",
      "player_id": 793,
      "metric": "rebounds_per_game"
    },
    {
      "code": "minimum_games_not_met",
      "message": "Player has 3 games; 15 are required for benchmarks.",
      "player_id": 793,
      "metric": "assists_per_game"
    },
    {
      "code": "minimum_minutes_not_met",
      "message": "Player averages 3.7 minutes; 10.0 are required for benchmarks.",
      "player_id": 793,
      "metric": "assists_per_game"
    },
    {
      "code": "minimum_games_not_met",
      "message": "Player has 3 games; 15 are required for benchmarks.",
      "player_id": 793,
      "metric": "minutes_per_game"
    },
    {
      "code": "minimum_minutes_not_met",
      "message": "Player averages 3.7 minutes; 10.0 are required for benchmarks.",
      "player_id": 793,
      "metric": "minutes_per_game"
    },
    {
      "code": "minimum_games_not_met",
      "message": "Player has 3 games; 15 are required for benchmarks.",
      "player_id": 793,
      "metric": "plus_minus_per_game"
    },
    {
      "code": "minimum_minutes_not_met",
      "message": "Player averages 3.7 minutes; 10.0 are required for benchmarks.",
      "player_id": 793,
      "metric": "plus_minus_per_game"
    },
    {
      "code": "minimum_games_not_met",
      "message": "Player has 3 games; 15 are required for benchmarks.",
      "player_id": 793,
      "metric": "true_shooting_percentage"
    },
    {
      "code": "minimum_minutes_not_met",
      "message": "Player averages 3.7 minutes; 10.0 are required for benchmarks.",
      "player_id": 793,
      "metric": "true_shooting_percentage"
    },
    {
      "code": "minimum_games_not_met",
      "message": "Player has 3 games; 15 are required for benchmarks.",
      "player_id": 793,
      "metric": "field_goal_percentage"
    },
    {
      "code": "minimum_minutes_not_met",
      "message": "Player averages 3.7 minutes; 10.0 are required for benchmarks.",
      "player_id": 793,
      "metric": "field_goal_percentage"
    },
    {
      "code": "minimum_games_not_met",
      "message": "Player has 3 games; 15 are required for benchmarks.",
      "player_id": 793,
      "metric": "three_point_percentage"
    },
    {
      "code": "minimum_minutes_not_met",
      "message": "Player averages 3.7 minutes; 10.0 are required for benchmarks.",
      "player_id": 793,
      "metric": "three_point_percentage"
    },
    {
      "code": "minimum_games_not_met",
      "message": "Player has 3 games; 15 are required for benchmarks.",
      "player_id": 793,
      "metric": "effective_field_goal_percentage"
    },
    {
      "code": "minimum_minutes_not_met",
      "message": "Player averages 3.7 minutes; 10.0 are required for benchmarks.",
      "player_id": 793,
      "metric": "effective_field_goal_percentage"
    },
    {
      "code": "minimum_games_not_met",
      "message": "Player has 3 games; 15 are required for benchmarks.",
      "player_id": 793,
      "metric": "steals_per_game"
    },
    {
      "code": "minimum_minutes_not_met",
      "message": "Player averages 3.7 minutes; 10.0 are required for benchmarks.",
      "player_id": 793,
      "metric": "steals_per_game"
    },
    {
      "code": "minimum_games_not_met",
      "message": "Player has 3 games; 15 are required for benchmarks.",
      "player_id": 793,
      "metric": "blocks_per_game"
    },
    {
      "code": "minimum_minutes_not_met",
      "message": "Player averages 3.7 minutes; 10.0 are required for benchmarks.",
      "player_id": 793,
      "metric": "blocks_per_game"
    },
    {
      "code": "minimum_games_not_met",
      "message": "Player has 3 games; 15 are required for benchmarks.",
      "player_id": 793,
      "metric": "turnovers_per_game"
    },
    {
      "code": "minimum_minutes_not_met",
      "message": "Player averages 3.7 minutes; 10.0 are required for benchmarks.",
      "player_id": 793,
      "metric": "turnovers_per_game"
    },
    {
      "code": "minimum_games_not_met",
      "message": "Player has 3 games; 15 are required for benchmarks.",
      "player_id": 793,
      "metric": "points_per_36"
    },
    {
      "code": "minimum_minutes_not_met",
      "message": "Player averages 3.7 minutes; 10.0 are required for benchmarks.",
      "player_id": 793,
      "metric": "points_per_36"
    },
    {
      "code": "minimum_games_not_met",
      "message": "Player has 3 games; 15 are required for benchmarks.",
      "player_id": 793,
      "metric": "rebounds_per_36"
    },
    {
      "code": "minimum_minutes_not_met",
      "message": "Player averages 3.7 minutes; 10.0 are required for benchmarks.",
      "player_id": 793,
      "metric": "rebounds_per_36"
    },
    {
      "code": "minimum_games_not_met",
      "message": "Player has 3 games; 15 are required for benchmarks.",
      "player_id": 793,
      "metric": "assists_per_36"
    },
    {
      "code": "minimum_minutes_not_met",
      "message": "Player averages 3.7 minutes; 10.0 are required for benchmarks.",
      "player_id": 793,
      "metric": "assists_per_36"
    },
    {
      "code": "minimum_games_not_met",
      "message": "Player has 3 games; 15 are required for benchmarks.",
      "player_id": 793,
      "metric": "turnovers_per_36"
    },
    {
      "code": "minimum_minutes_not_met",
      "message": "Player averages 3.7 minutes; 10.0 are required for benchmarks.",
      "player_id": 793,
      "metric": "turnovers_per_36"
    },
    {
      "code": "trend_small_sample",
      "message": "At least 10 games are required to compare recent five games to previous five.",
      "player_id": 793,
      "metric": null
    },
    {
      "code": "incomplete_game_logs",
      "message": "Player has 3 logs across 82 stored team games.",
      "player_id": 793,
      "metric": null
    },
    {
      "code": "minimum_minutes_not_met",
      "message": "Player averages 8.5 minutes; 10.0 are required for benchmarks.",
      "player_id": 794,
      "metric": "points_per_game"
    },
    {
      "code": "minimum_minutes_not_met",
      "message": "Player averages 8.5 minutes; 10.0 are required for benchmarks.",
      "player_id": 794,
      "metric": "rebounds_per_game"
    },
    {
      "code": "minimum_minutes_not_met",
      "message": "Player averages 8.5 minutes; 10.0 are required for benchmarks.",
      "player_id": 794,
      "metric": "assists_per_game"
    },
    {
      "code": "minimum_minutes_not_met",
      "message": "Player averages 8.5 minutes; 10.0 are required for benchmarks.",
      "player_id": 794,
      "metric": "minutes_per_game"
    },
    {
      "code": "minimum_minutes_not_met",
      "message": "Player averages 8.5 minutes; 10.0 are required for benchmarks.",
      "player_id": 794,
      "metric": "plus_minus_per_game"
    },
    {
      "code": "minimum_minutes_not_met",
      "message": "Player averages 8.5 minutes; 10.0 are required for benchmarks.",
      "player_id": 794,
      "metric": "true_shooting_percentage"
    },
    {
      "code": "minimum_minutes_not_met",
      "message": "Player averages 8.5 minutes; 10.0 are required for benchmarks.",
      "player_id": 794,
      "metric": "field_goal_percentage"
    },
    {
      "code": "minimum_minutes_not_met",
      "message": "Player averages 8.5 minutes; 10.0 are required for benchmarks.",
      "player_id": 794,
      "metric": "three_point_percentage"
    },
    {
      "code": "minimum_minutes_not_met",
      "message": "Player averages 8.5 minutes; 10.0 are required for benchmarks.",
      "player_id": 794,
      "metric": "effective_field_goal_percentage"
    },
    {
      "code": "minimum_minutes_not_met",
      "message": "Player averages 8.5 minutes; 10.0 are required for benchmarks.",
      "player_id": 794,
      "metric": "steals_per_game"
    },
    {
      "code": "minimum_minutes_not_met",
      "message": "Player averages 8.5 minutes; 10.0 are required for benchmarks.",
      "player_id": 794,
      "metric": "blocks_per_game"
    },
    {
      "code": "minimum_minutes_not_met",
      "message": "Player averages 8.5 minutes; 10.0 are required for benchmarks.",
      "player_id": 794,
      "metric": "turnovers_per_game"
    },
    {
      "code": "minimum_minutes_not_met",
      "message": "Player averages 8.5 minutes; 10.0 are required for benchmarks.",
      "player_id": 794,
      "metric": "points_per_36"
    },
    {
      "code": "minimum_minutes_not_met",
      "message": "Player averages 8.5 minutes; 10.0 are required for benchmarks.",
      "player_id": 794,
      "metric": "rebounds_per_36"
    },
    {
      "code": "minimum_minutes_not_met",
      "message": "Player averages 8.5 minutes; 10.0 are required for benchmarks.",
      "player_id": 794,
      "metric": "assists_per_36"
    },
    {
      "code": "minimum_minutes_not_met",
      "message": "Player averages 8.5 minutes; 10.0 are required for benchmarks.",
      "player_id": 794,
      "metric": "turnovers_per_36"
    },
    {
      "code": "incomplete_game_logs",
      "message": "Player has 17 logs across 82 stored team games.",
      "player_id": 794,
      "metric": null
    },
    {
      "code": "incomplete_game_logs",
      "message": "Player has 33 logs across 82 stored team games.",
      "player_id": 795,
      "metric": null
    },
    {
      "code": "incomplete_game_logs",
      "message": "Player has 72 logs across 82 stored team games.",
      "player_id": 796,
      "metric": null
    },
    {
      "code": "minimum_minutes_not_met",
      "message": "Player averages 4.3 minutes; 10.0 are required for benchmarks.",
      "player_id": 797,
      "metric": "points_per_game"
    },
    {
      "code": "minimum_minutes_not_met",
      "message": "Player averages 4.3 minutes; 10.0 are required for benchmarks.",
      "player_id": 797,
      "metric": "rebounds_per_game"
    },
    {
      "code": "minimum_minutes_not_met",
      "message": "Player averages 4.3 minutes; 10.0 are required for benchmarks.",
      "player_id": 797,
      "metric": "assists_per_game"
    },
    {
      "code": "minimum_minutes_not_met",
      "message": "Player averages 4.3 minutes; 10.0 are required for benchmarks.",
      "player_id": 797,
      "metric": "minutes_per_game"
    },
    {
      "code": "minimum_minutes_not_met",
      "message": "Player averages 4.3 minutes; 10.0 are required for benchmarks.",
      "player_id": 797,
      "metric": "plus_minus_per_game"
    },
    {
      "code": "minimum_minutes_not_met",
      "message": "Player averages 4.3 minutes; 10.0 are required for benchmarks.",
      "player_id": 797,
      "metric": "true_shooting_percentage"
    },
    {
      "code": "minimum_minutes_not_met",
      "message": "Player averages 4.3 minutes; 10.0 are required for benchmarks.",
      "player_id": 797,
      "metric": "field_goal_percentage"
    },
    {
      "code": "minimum_minutes_not_met",
      "message": "Player averages 4.3 minutes; 10.0 are required for benchmarks.",
      "player_id": 797,
      "metric": "three_point_percentage"
    },
    {
      "code": "minimum_minutes_not_met",
      "message": "Player averages 4.3 minutes; 10.0 are required for benchmarks.",
      "player_id": 797,
      "metric": "effective_field_goal_percentage"
    },
    {
      "code": "minimum_minutes_not_met",
      "message": "Player averages 4.3 minutes; 10.0 are required for benchmarks.",
      "player_id": 797,
      "metric": "steals_per_game"
    },
    {
      "code": "minimum_minutes_not_met",
      "message": "Player averages 4.3 minutes; 10.0 are required for benchmarks.",
      "player_id": 797,
      "metric": "blocks_per_game"
    },
    {
      "code": "minimum_minutes_not_met",
      "message": "Player averages 4.3 minutes; 10.0 are required for benchmarks.",
      "player_id": 797,
      "metric": "turnovers_per_game"
    },
    {
      "code": "minimum_minutes_not_met",
      "message": "Player averages 4.3 minutes; 10.0 are required for benchmarks.",
      "player_id": 797,
      "metric": "points_per_36"
    },
    {
      "code": "minimum_minutes_not_met",
      "message": "Player averages 4.3 minutes; 10.0 are required for benchmarks.",
      "player_id": 797,
      "metric": "rebounds_per_36"
    },
    {
      "code": "minimum_minutes_not_met",
      "message": "Player averages 4.3 minutes; 10.0 are required for benchmarks.",
      "player_id": 797,
      "metric": "assists_per_36"
    },
    {
      "code": "minimum_minutes_not_met",
      "message": "Player averages 4.3 minutes; 10.0 are required for benchmarks.",
      "player_id": 797,
      "metric": "turnovers_per_36"
    },
    {
      "code": "incomplete_game_logs",
      "message": "Player has 17 logs across 82 stored team games.",
      "player_id": 797,
      "metric": null
    },
    {
      "code": "minimum_games_not_met",
      "message": "Player has 9 games; 15 are required for benchmarks.",
      "player_id": 798,
      "metric": "points_per_game"
    },
    {
      "code": "minimum_games_not_met",
      "message": "Player has 9 games; 15 are required for benchmarks.",
      "player_id": 798,
      "metric": "rebounds_per_game"
    },
    {
      "code": "minimum_games_not_met",
      "message": "Player has 9 games; 15 are required for benchmarks.",
      "player_id": 798,
      "metric": "assists_per_game"
    },
    {
      "code": "minimum_games_not_met",
      "message": "Player has 9 games; 15 are required for benchmarks.",
      "player_id": 798,
      "metric": "minutes_per_game"
    },
    {
      "code": "minimum_games_not_met",
      "message": "Player has 9 games; 15 are required for benchmarks.",
      "player_id": 798,
      "metric": "plus_minus_per_game"
    },
    {
      "code": "minimum_games_not_met",
      "message": "Player has 9 games; 15 are required for benchmarks.",
      "player_id": 798,
      "metric": "true_shooting_percentage"
    },
    {
      "code": "minimum_games_not_met",
      "message": "Player has 9 games; 15 are required for benchmarks.",
      "player_id": 798,
      "metric": "field_goal_percentage"
    },
    {
      "code": "minimum_games_not_met",
      "message": "Player has 9 games; 15 are required for benchmarks.",
      "player_id": 798,
      "metric": "three_point_percentage"
    },
    {
      "code": "minimum_games_not_met",
      "message": "Player has 9 games; 15 are required for benchmarks.",
      "player_id": 798,
      "metric": "effective_field_goal_percentage"
    },
    {
      "code": "minimum_games_not_met",
      "message": "Player has 9 games; 15 are required for benchmarks.",
      "player_id": 798,
      "metric": "steals_per_game"
    },
    {
      "code": "minimum_games_not_met",
      "message": "Player has 9 games; 15 are required for benchmarks.",
      "player_id": 798,
      "metric": "blocks_per_game"
    },
    {
      "code": "minimum_games_not_met",
      "message": "Player has 9 games; 15 are required for benchmarks.",
      "player_id": 798,
      "metric": "turnovers_per_game"
    },
    {
      "code": "minimum_games_not_met",
      "message": "Player has 9 games; 15 are required for benchmarks.",
      "player_id": 798,
      "metric": "points_per_36"
    },
    {
      "code": "minimum_games_not_met",
      "message": "Player has 9 games; 15 are required for benchmarks.",
      "player_id": 798,
      "metric": "rebounds_per_36"
    },
    {
      "code": "minimum_games_not_met",
      "message": "Player has 9 games; 15 are required for benchmarks.",
      "player_id": 798,
      "metric": "assists_per_36"
    },
    {
      "code": "minimum_games_not_met",
      "message": "Player has 9 games; 15 are required for benchmarks.",
      "player_id": 798,
      "metric": "turnovers_per_36"
    },
    {
      "code": "trend_small_sample",
      "message": "At least 10 games are required to compare recent five games to previous five.",
      "player_id": 798,
      "metric": null
    },
    {
      "code": "traded_mid_season",
      "message": "Player represented multiple teams.",
      "player_id": 798,
      "metric": null
    },
    {
      "code": "incomplete_game_logs",
      "message": "Player has 9 logs across 82 stored team games.",
      "player_id": 798,
      "metric": null
    },
    {
      "code": "minimum_games_not_met",
      "message": "Player has 10 games; 15 are required for benchmarks.",
      "player_id": 799,
      "metric": "points_per_game"
    },
    {
      "code": "minimum_games_not_met",
      "message": "Player has 10 games; 15 are required for benchmarks.",
      "player_id": 799,
      "metric": "rebounds_per_game"
    },
    {
      "code": "minimum_games_not_met",
      "message": "Player has 10 games; 15 are required for benchmarks.",
      "player_id": 799,
      "metric": "assists_per_game"
    },
    {
      "code": "minimum_games_not_met",
      "message": "Player has 10 games; 15 are required for benchmarks.",
      "player_id": 799,
      "metric": "minutes_per_game"
    },
    {
      "code": "minimum_games_not_met",
      "message": "Player has 10 games; 15 are required for benchmarks.",
      "player_id": 799,
      "metric": "plus_minus_per_game"
    },
    {
      "code": "minimum_games_not_met",
      "message": "Player has 10 games; 15 are required for benchmarks.",
      "player_id": 799,
      "metric": "true_shooting_percentage"
    },
    {
      "code": "minimum_games_not_met",
      "message": "Player has 10 games; 15 are required for benchmarks.",
      "player_id": 799,
      "metric": "field_goal_percentage"
    },
    {
      "code": "minimum_games_not_met",
      "message": "Player has 10 games; 15 are required for benchmarks.",
      "player_id": 799,
      "metric": "three_point_percentage"
    },
    {
      "code": "minimum_games_not_met",
      "message": "Player has 10 games; 15 are required for benchmarks.",
      "player_id": 799,
      "metric": "effective_field_goal_percentage"
    },
    {
      "code": "minimum_games_not_met",
      "message": "Player has 10 games; 15 are required for benchmarks.",
      "player_id": 799,
      "metric": "steals_per_game"
    },
    {
      "code": "minimum_games_not_met",
      "message": "Player has 10 games; 15 are required for benchmarks.",
      "player_id": 799,
      "metric": "blocks_per_game"
    },
    {
      "code": "minimum_games_not_met",
      "message": "Player has 10 games; 15 are required for benchmarks.",
      "player_id": 799,
      "metric": "turnovers_per_game"
    },
    {
      "code": "minimum_games_not_met",
      "message": "Player has 10 games; 15 are required for benchmarks.",
      "player_id": 799,
      "metric": "points_per_36"
    },
    {
      "code": "minimum_games_not_met",
      "message": "Player has 10 games; 15 are required for benchmarks.",
      "player_id": 799,
      "metric": "rebounds_per_36"
    },
    {
      "code": "minimum_games_not_met",
      "message": "Player has 10 games; 15 are required for benchmarks.",
      "player_id": 799,
      "metric": "assists_per_36"
    },
    {
      "code": "minimum_games_not_met",
      "message": "Player has 10 games; 15 are required for benchmarks.",
      "player_id": 799,
      "metric": "turnovers_per_36"
    },
    {
      "code": "traded_mid_season",
      "message": "Player represented multiple teams.",
      "player_id": 799,
      "metric": null
    },
    {
      "code": "incomplete_game_logs",
      "message": "Player has 10 logs across 82 stored team games.",
      "player_id": 799,
      "metric": null
    },
    {
      "code": "incomplete_game_logs",
      "message": "Player has 50 logs across 82 stored team games.",
      "player_id": 800,
      "metric": null
    },
    {
      "code": "minimum_games_not_met",
      "message": "Player has 5 games; 15 are required for benchmarks.",
      "player_id": 801,
      "metric": "points_per_game"
    },
    {
      "code": "minimum_minutes_not_met",
      "message": "Player averages 2.0 minutes; 10.0 are required for benchmarks.",
      "player_id": 801,
      "metric": "points_per_game"
    },
    {
      "code": "minimum_games_not_met",
      "message": "Player has 5 games; 15 are required for benchmarks.",
      "player_id": 801,
      "metric": "rebounds_per_game"
    },
    {
      "code": "minimum_minutes_not_met",
      "message": "Player averages 2.0 minutes; 10.0 are required for benchmarks.",
      "player_id": 801,
      "metric": "rebounds_per_game"
    },
    {
      "code": "minimum_games_not_met",
      "message": "Player has 5 games; 15 are required for benchmarks.",
      "player_id": 801,
      "metric": "assists_per_game"
    },
    {
      "code": "minimum_minutes_not_met",
      "message": "Player averages 2.0 minutes; 10.0 are required for benchmarks.",
      "player_id": 801,
      "metric": "assists_per_game"
    },
    {
      "code": "minimum_games_not_met",
      "message": "Player has 5 games; 15 are required for benchmarks.",
      "player_id": 801,
      "metric": "minutes_per_game"
    },
    {
      "code": "minimum_minutes_not_met",
      "message": "Player averages 2.0 minutes; 10.0 are required for benchmarks.",
      "player_id": 801,
      "metric": "minutes_per_game"
    },
    {
      "code": "minimum_games_not_met",
      "message": "Player has 5 games; 15 are required for benchmarks.",
      "player_id": 801,
      "metric": "plus_minus_per_game"
    },
    {
      "code": "minimum_minutes_not_met",
      "message": "Player averages 2.0 minutes; 10.0 are required for benchmarks.",
      "player_id": 801,
      "metric": "plus_minus_per_game"
    },
    {
      "code": "minimum_games_not_met",
      "message": "Player has 5 games; 15 are required for benchmarks.",
      "player_id": 801,
      "metric": "true_shooting_percentage"
    },
    {
      "code": "minimum_minutes_not_met",
      "message": "Player averages 2.0 minutes; 10.0 are required for benchmarks.",
      "player_id": 801,
      "metric": "true_shooting_percentage"
    },
    {
      "code": "minimum_games_not_met",
      "message": "Player has 5 games; 15 are required for benchmarks.",
      "player_id": 801,
      "metric": "field_goal_percentage"
    },
    {
      "code": "minimum_minutes_not_met",
      "message": "Player averages 2.0 minutes; 10.0 are required for benchmarks.",
      "player_id": 801,
      "metric": "field_goal_percentage"
    },
    {
      "code": "minimum_games_not_met",
      "message": "Player has 5 games; 15 are required for benchmarks.",
      "player_id": 801,
      "metric": "three_point_percentage"
    },
    {
      "code": "minimum_minutes_not_met",
      "message": "Player averages 2.0 minutes; 10.0 are required for benchmarks.",
      "player_id": 801,
      "metric": "three_point_percentage"
    },
    {
      "code": "minimum_games_not_met",
      "message": "Player has 5 games; 15 are required for benchmarks.",
      "player_id": 801,
      "metric": "effective_field_goal_percentage"
    },
    {
      "code": "minimum_minutes_not_met",
      "message": "Player averages 2.0 minutes; 10.0 are required for benchmarks.",
      "player_id": 801,
      "metric": "effective_field_goal_percentage"
    },
    {
      "code": "minimum_games_not_met",
      "message": "Player has 5 games; 15 are required for benchmarks.",
      "player_id": 801,
      "metric": "steals_per_game"
    },
    {
      "code": "minimum_minutes_not_met",
      "message": "Player averages 2.0 minutes; 10.0 are required for benchmarks.",
      "player_id": 801,
      "metric": "steals_per_game"
    },
    {
      "code": "minimum_games_not_met",
      "message": "Player has 5 games; 15 are required for benchmarks.",
      "player_id": 801,
      "metric": "blocks_per_game"
    },
    {
      "code": "minimum_minutes_not_met",
      "message": "Player averages 2.0 minutes; 10.0 are required for benchmarks.",
      "player_id": 801,
      "metric": "blocks_per_game"
    },
    {
      "code": "minimum_games_not_met",
      "message": "Player has 5 games; 15 are required for benchmarks.",
      "player_id": 801,
      "metric": "turnovers_per_game"
    },
    {
      "code": "minimum_minutes_not_met",
      "message": "Player averages 2.0 minutes; 10.0 are required for benchmarks.",
      "player_id": 801,
      "metric": "turnovers_per_game"
    },
    {
      "code": "minimum_games_not_met",
      "message": "Player has 5 games; 15 are required for benchmarks.",
      "player_id": 801,
      "metric": "points_per_36"
    },
    {
      "code": "minimum_minutes_not_met",
      "message": "Player averages 2.0 minutes; 10.0 are required for benchmarks.",
      "player_id": 801,
      "metric": "points_per_36"
    },
    {
      "code": "minimum_games_not_met",
      "message": "Player has 5 games; 15 are required for benchmarks.",
      "player_id": 801,
      "metric": "rebounds_per_36"
    },
    {
      "code": "minimum_minutes_not_met",
      "message": "Player averages 2.0 minutes; 10.0 are required for benchmarks.",
      "player_id": 801,
      "metric": "rebounds_per_36"
    },
    {
      "code": "minimum_games_not_met",
      "message": "Player has 5 games; 15 are required for benchmarks.",
      "player_id": 801,
      "metric": "assists_per_36"
    },
    {
      "code": "minimum_minutes_not_met",
      "message": "Player averages 2.0 minutes; 10.0 are required for benchmarks.",
      "player_id": 801,
      "metric": "assists_per_36"
    },
    {
      "code": "minimum_games_not_met",
      "message": "Player has 5 games; 15 are required for benchmarks.",
      "player_id": 801,
      "metric": "turnovers_per_36"
    },
    {
      "code": "minimum_minutes_not_met",
      "message": "Player averages 2.0 minutes; 10.0 are required for benchmarks.",
      "player_id": 801,
      "metric": "turnovers_per_36"
    },
    {
      "code": "trend_small_sample",
      "message": "At least 10 games are required to compare recent five games to previous five.",
      "player_id": 801,
      "metric": null
    },
    {
      "code": "incomplete_game_logs",
      "message": "Player has 5 logs across 82 stored team games.",
      "player_id": 801,
      "metric": null
    },
    {
      "code": "minimum_games_not_met",
      "message": "Player has 4 games; 15 are required for benchmarks.",
      "player_id": 802,
      "metric": "points_per_game"
    },
    {
      "code": "minimum_minutes_not_met",
      "message": "Player averages 8.2 minutes; 10.0 are required for benchmarks.",
      "player_id": 802,
      "metric": "points_per_game"
    },
    {
      "code": "minimum_games_not_met",
      "message": "Player has 4 games; 15 are required for benchmarks.",
      "player_id": 802,
      "metric": "rebounds_per_game"
    },
    {
      "code": "minimum_minutes_not_met",
      "message": "Player averages 8.2 minutes; 10.0 are required for benchmarks.",
      "player_id": 802,
      "metric": "rebounds_per_game"
    },
    {
      "code": "minimum_games_not_met",
      "message": "Player has 4 games; 15 are required for benchmarks.",
      "player_id": 802,
      "metric": "assists_per_game"
    },
    {
      "code": "minimum_minutes_not_met",
      "message": "Player averages 8.2 minutes; 10.0 are required for benchmarks.",
      "player_id": 802,
      "metric": "assists_per_game"
    },
    {
      "code": "minimum_games_not_met",
      "message": "Player has 4 games; 15 are required for benchmarks.",
      "player_id": 802,
      "metric": "minutes_per_game"
    },
    {
      "code": "minimum_minutes_not_met",
      "message": "Player averages 8.2 minutes; 10.0 are required for benchmarks.",
      "player_id": 802,
      "metric": "minutes_per_game"
    },
    {
      "code": "minimum_games_not_met",
      "message": "Player has 4 games; 15 are required for benchmarks.",
      "player_id": 802,
      "metric": "plus_minus_per_game"
    },
    {
      "code": "minimum_minutes_not_met",
      "message": "Player averages 8.2 minutes; 10.0 are required for benchmarks.",
      "player_id": 802,
      "metric": "plus_minus_per_game"
    },
    {
      "code": "minimum_games_not_met",
      "message": "Player has 4 games; 15 are required for benchmarks.",
      "player_id": 802,
      "metric": "true_shooting_percentage"
    },
    {
      "code": "minimum_minutes_not_met",
      "message": "Player averages 8.2 minutes; 10.0 are required for benchmarks.",
      "player_id": 802,
      "metric": "true_shooting_percentage"
    },
    {
      "code": "minimum_games_not_met",
      "message": "Player has 4 games; 15 are required for benchmarks.",
      "player_id": 802,
      "metric": "field_goal_percentage"
    },
    {
      "code": "minimum_minutes_not_met",
      "message": "Player averages 8.2 minutes; 10.0 are required for benchmarks.",
      "player_id": 802,
      "metric": "field_goal_percentage"
    },
    {
      "code": "minimum_games_not_met",
      "message": "Player has 4 games; 15 are required for benchmarks.",
      "player_id": 802,
      "metric": "three_point_percentage"
    },
    {
      "code": "minimum_minutes_not_met",
      "message": "Player averages 8.2 minutes; 10.0 are required for benchmarks.",
      "player_id": 802,
      "metric": "three_point_percentage"
    },
    {
      "code": "minimum_games_not_met",
      "message": "Player has 4 games; 15 are required for benchmarks.",
      "player_id": 802,
      "metric": "effective_field_goal_percentage"
    },
    {
      "code": "minimum_minutes_not_met",
      "message": "Player averages 8.2 minutes; 10.0 are required for benchmarks.",
      "player_id": 802,
      "metric": "effective_field_goal_percentage"
    },
    {
      "code": "minimum_games_not_met",
      "message": "Player has 4 games; 15 are required for benchmarks.",
      "player_id": 802,
      "metric": "steals_per_game"
    },
    {
      "code": "minimum_minutes_not_met",
      "message": "Player averages 8.2 minutes; 10.0 are required for benchmarks.",
      "player_id": 802,
      "metric": "steals_per_game"
    },
    {
      "code": "minimum_games_not_met",
      "message": "Player has 4 games; 15 are required for benchmarks.",
      "player_id": 802,
      "metric": "blocks_per_game"
    },
    {
      "code": "minimum_minutes_not_met",
      "message": "Player averages 8.2 minutes; 10.0 are required for benchmarks.",
      "player_id": 802,
      "metric": "blocks_per_game"
    },
    {
      "code": "minimum_games_not_met",
      "message": "Player has 4 games; 15 are required for benchmarks.",
      "player_id": 802,
      "metric": "turnovers_per_game"
    },
    {
      "code": "minimum_minutes_not_met",
      "message": "Player averages 8.2 minutes; 10.0 are required for benchmarks.",
      "player_id": 802,
      "metric": "turnovers_per_game"
    },
    {
      "code": "minimum_games_not_met",
      "message": "Player has 4 games; 15 are required for benchmarks.",
      "player_id": 802,
      "metric": "points_per_36"
    },
    {
      "code": "minimum_minutes_not_met",
      "message": "Player averages 8.2 minutes; 10.0 are required for benchmarks.",
      "player_id": 802,
      "metric": "points_per_36"
    },
    {
      "code": "minimum_games_not_met",
      "message": "Player has 4 games; 15 are required for benchmarks.",
      "player_id": 802,
      "metric": "rebounds_per_36"
    },
    {
      "code": "minimum_minutes_not_met",
      "message": "Player averages 8.2 minutes; 10.0 are required for benchmarks.",
      "player_id": 802,
      "metric": "rebounds_per_36"
    },
    {
      "code": "minimum_games_not_met",
      "message": "Player has 4 games; 15 are required for benchmarks.",
      "player_id": 802,
      "metric": "assists_per_36"
    },
    {
      "code": "minimum_minutes_not_met",
      "message": "Player averages 8.2 minutes; 10.0 are required for benchmarks.",
      "player_id": 802,
      "metric": "assists_per_36"
    },
    {
      "code": "minimum_games_not_met",
      "message": "Player has 4 games; 15 are required for benchmarks.",
      "player_id": 802,
      "metric": "turnovers_per_36"
    },
    {
      "code": "minimum_minutes_not_met",
      "message": "Player averages 8.2 minutes; 10.0 are required for benchmarks.",
      "player_id": 802,
      "metric": "turnovers_per_36"
    },
    {
      "code": "trend_small_sample",
      "message": "At least 10 games are required to compare recent five games to previous five.",
      "player_id": 802,
      "metric": null
    },
    {
      "code": "incomplete_game_logs",
      "message": "Player has 4 logs across 82 stored team games.",
      "player_id": 802,
      "metric": null
    },
    {
      "code": "incomplete_game_logs",
      "message": "Player has 47 logs across 82 stored team games.",
      "player_id": 803,
      "metric": null
    },
    {
      "code": "minimum_games_not_met",
      "message": "Player has 3 games; 15 are required for benchmarks.",
      "player_id": 804,
      "metric": "points_per_game"
    },
    {
      "code": "minimum_minutes_not_met",
      "message": "Player averages 4.7 minutes; 10.0 are required for benchmarks.",
      "player_id": 804,
      "metric": "points_per_game"
    },
    {
      "code": "minimum_games_not_met",
      "message": "Player has 3 games; 15 are required for benchmarks.",
      "player_id": 804,
      "metric": "rebounds_per_game"
    },
    {
      "code": "minimum_minutes_not_met",
      "message": "Player averages 4.7 minutes; 10.0 are required for benchmarks.",
      "player_id": 804,
      "metric": "rebounds_per_game"
    },
    {
      "code": "minimum_games_not_met",
      "message": "Player has 3 games; 15 are required for benchmarks.",
      "player_id": 804,
      "metric": "assists_per_game"
    },
    {
      "code": "minimum_minutes_not_met",
      "message": "Player averages 4.7 minutes; 10.0 are required for benchmarks.",
      "player_id": 804,
      "metric": "assists_per_game"
    },
    {
      "code": "minimum_games_not_met",
      "message": "Player has 3 games; 15 are required for benchmarks.",
      "player_id": 804,
      "metric": "minutes_per_game"
    },
    {
      "code": "minimum_minutes_not_met",
      "message": "Player averages 4.7 minutes; 10.0 are required for benchmarks.",
      "player_id": 804,
      "metric": "minutes_per_game"
    },
    {
      "code": "minimum_games_not_met",
      "message": "Player has 3 games; 15 are required for benchmarks.",
      "player_id": 804,
      "metric": "plus_minus_per_game"
    },
    {
      "code": "minimum_minutes_not_met",
      "message": "Player averages 4.7 minutes; 10.0 are required for benchmarks.",
      "player_id": 804,
      "metric": "plus_minus_per_game"
    },
    {
      "code": "minimum_games_not_met",
      "message": "Player has 3 games; 15 are required for benchmarks.",
      "player_id": 804,
      "metric": "true_shooting_percentage"
    },
    {
      "code": "minimum_minutes_not_met",
      "message": "Player averages 4.7 minutes; 10.0 are required for benchmarks.",
      "player_id": 804,
      "metric": "true_shooting_percentage"
    },
    {
      "code": "minimum_games_not_met",
      "message": "Player has 3 games; 15 are required for benchmarks.",
      "player_id": 804,
      "metric": "field_goal_percentage"
    },
    {
      "code": "minimum_minutes_not_met",
      "message": "Player averages 4.7 minutes; 10.0 are required for benchmarks.",
      "player_id": 804,
      "metric": "field_goal_percentage"
    },
    {
      "code": "minimum_games_not_met",
      "message": "Player has 3 games; 15 are required for benchmarks.",
      "player_id": 804,
      "metric": "three_point_percentage"
    },
    {
      "code": "minimum_minutes_not_met",
      "message": "Player averages 4.7 minutes; 10.0 are required for benchmarks.",
      "player_id": 804,
      "metric": "three_point_percentage"
    },
    {
      "code": "minimum_games_not_met",
      "message": "Player has 3 games; 15 are required for benchmarks.",
      "player_id": 804,
      "metric": "effective_field_goal_percentage"
    },
    {
      "code": "minimum_minutes_not_met",
      "message": "Player averages 4.7 minutes; 10.0 are required for benchmarks.",
      "player_id": 804,
      "metric": "effective_field_goal_percentage"
    },
    {
      "code": "minimum_games_not_met",
      "message": "Player has 3 games; 15 are required for benchmarks.",
      "player_id": 804,
      "metric": "steals_per_game"
    },
    {
      "code": "minimum_minutes_not_met",
      "message": "Player averages 4.7 minutes; 10.0 are required for benchmarks.",
      "player_id": 804,
      "metric": "steals_per_game"
    },
    {
      "code": "minimum_games_not_met",
      "message": "Player has 3 games; 15 are required for benchmarks.",
      "player_id": 804,
      "metric": "blocks_per_game"
    },
    {
      "code": "minimum_minutes_not_met",
      "message": "Player averages 4.7 minutes; 10.0 are required for benchmarks.",
      "player_id": 804,
      "metric": "blocks_per_game"
    },
    {
      "code": "minimum_games_not_met",
      "message": "Player has 3 games; 15 are required for benchmarks.",
      "player_id": 804,
      "metric": "turnovers_per_game"
    },
    {
      "code": "minimum_minutes_not_met",
      "message": "Player averages 4.7 minutes; 10.0 are required for benchmarks.",
      "player_id": 804,
      "metric": "turnovers_per_game"
    },
    {
      "code": "minimum_games_not_met",
      "message": "Player has 3 games; 15 are required for benchmarks.",
      "player_id": 804,
      "metric": "points_per_36"
    },
    {
      "code": "minimum_minutes_not_met",
      "message": "Player averages 4.7 minutes; 10.0 are required for benchmarks.",
      "player_id": 804,
      "metric": "points_per_36"
    },
    {
      "code": "minimum_games_not_met",
      "message": "Player has 3 games; 15 are required for benchmarks.",
      "player_id": 804,
      "metric": "rebounds_per_36"
    },
    {
      "code": "minimum_minutes_not_met",
      "message": "Player averages 4.7 minutes; 10.0 are required for benchmarks.",
      "player_id": 804,
      "metric": "rebounds_per_36"
    },
    {
      "code": "minimum_games_not_met",
      "message": "Player has 3 games; 15 are required for benchmarks.",
      "player_id": 804,
      "metric": "assists_per_36"
    },
    {
      "code": "minimum_minutes_not_met",
      "message": "Player averages 4.7 minutes; 10.0 are required for benchmarks.",
      "player_id": 804,
      "metric": "assists_per_36"
    },
    {
      "code": "minimum_games_not_met",
      "message": "Player has 3 games; 15 are required for benchmarks.",
      "player_id": 804,
      "metric": "turnovers_per_36"
    },
    {
      "code": "minimum_minutes_not_met",
      "message": "Player averages 4.7 minutes; 10.0 are required for benchmarks.",
      "player_id": 804,
      "metric": "turnovers_per_36"
    },
    {
      "code": "trend_small_sample",
      "message": "At least 10 games are required to compare recent five games to previous five.",
      "player_id": 804,
      "metric": null
    },
    {
      "code": "incomplete_game_logs",
      "message": "Player has 3 logs across 82 stored team games.",
      "player_id": 804,
      "metric": null
    },
    {
      "code": "incomplete_game_logs",
      "message": "Player has 67 logs across 82 stored team games.",
      "player_id": 805,
      "metric": null
    },
    {
      "code": "incomplete_game_logs",
      "message": "Player has 15 logs across 82 stored team games.",
      "player_id": 806,
      "metric": null
    },
    {
      "code": "minimum_minutes_not_met",
      "message": "Player averages 5.9 minutes; 10.0 are required for benchmarks.",
      "player_id": 807,
      "metric": "points_per_game"
    },
    {
      "code": "minimum_minutes_not_met",
      "message": "Player averages 5.9 minutes; 10.0 are required for benchmarks.",
      "player_id": 807,
      "metric": "rebounds_per_game"
    },
    {
      "code": "minimum_minutes_not_met",
      "message": "Player averages 5.9 minutes; 10.0 are required for benchmarks.",
      "player_id": 807,
      "metric": "assists_per_game"
    },
    {
      "code": "minimum_minutes_not_met",
      "message": "Player averages 5.9 minutes; 10.0 are required for benchmarks.",
      "player_id": 807,
      "metric": "minutes_per_game"
    },
    {
      "code": "minimum_minutes_not_met",
      "message": "Player averages 5.9 minutes; 10.0 are required for benchmarks.",
      "player_id": 807,
      "metric": "plus_minus_per_game"
    },
    {
      "code": "minimum_minutes_not_met",
      "message": "Player averages 5.9 minutes; 10.0 are required for benchmarks.",
      "player_id": 807,
      "metric": "true_shooting_percentage"
    },
    {
      "code": "minimum_minutes_not_met",
      "message": "Player averages 5.9 minutes; 10.0 are required for benchmarks.",
      "player_id": 807,
      "metric": "field_goal_percentage"
    },
    {
      "code": "minimum_minutes_not_met",
      "message": "Player averages 5.9 minutes; 10.0 are required for benchmarks.",
      "player_id": 807,
      "metric": "three_point_percentage"
    },
    {
      "code": "minimum_minutes_not_met",
      "message": "Player averages 5.9 minutes; 10.0 are required for benchmarks.",
      "player_id": 807,
      "metric": "effective_field_goal_percentage"
    },
    {
      "code": "minimum_minutes_not_met",
      "message": "Player averages 5.9 minutes; 10.0 are required for benchmarks.",
      "player_id": 807,
      "metric": "steals_per_game"
    },
    {
      "code": "minimum_minutes_not_met",
      "message": "Player averages 5.9 minutes; 10.0 are required for benchmarks.",
      "player_id": 807,
      "metric": "blocks_per_game"
    },
    {
      "code": "minimum_minutes_not_met",
      "message": "Player averages 5.9 minutes; 10.0 are required for benchmarks.",
      "player_id": 807,
      "metric": "turnovers_per_game"
    },
    {
      "code": "minimum_minutes_not_met",
      "message": "Player averages 5.9 minutes; 10.0 are required for benchmarks.",
      "player_id": 807,
      "metric": "points_per_36"
    },
    {
      "code": "minimum_minutes_not_met",
      "message": "Player averages 5.9 minutes; 10.0 are required for benchmarks.",
      "player_id": 807,
      "metric": "rebounds_per_36"
    },
    {
      "code": "minimum_minutes_not_met",
      "message": "Player averages 5.9 minutes; 10.0 are required for benchmarks.",
      "player_id": 807,
      "metric": "assists_per_36"
    },
    {
      "code": "minimum_minutes_not_met",
      "message": "Player averages 5.9 minutes; 10.0 are required for benchmarks.",
      "player_id": 807,
      "metric": "turnovers_per_36"
    },
    {
      "code": "incomplete_game_logs",
      "message": "Player has 25 logs across 82 stored team games.",
      "player_id": 807,
      "metric": null
    },
    {
      "code": "incomplete_game_logs",
      "message": "Player has 38 logs across 82 stored team games.",
      "player_id": 808,
      "metric": null
    },
    {
      "code": "incomplete_game_logs",
      "message": "Player has 20 logs across 82 stored team games.",
      "player_id": 809,
      "metric": null
    },
    {
      "code": "minimum_games_not_met",
      "message": "Player has 6 games; 15 are required for benchmarks.",
      "player_id": 810,
      "metric": "points_per_game"
    },
    {
      "code": "minimum_minutes_not_met",
      "message": "Player averages 5.5 minutes; 10.0 are required for benchmarks.",
      "player_id": 810,
      "metric": "points_per_game"
    },
    {
      "code": "minimum_games_not_met",
      "message": "Player has 6 games; 15 are required for benchmarks.",
      "player_id": 810,
      "metric": "rebounds_per_game"
    },
    {
      "code": "minimum_minutes_not_met",
      "message": "Player averages 5.5 minutes; 10.0 are required for benchmarks.",
      "player_id": 810,
      "metric": "rebounds_per_game"
    },
    {
      "code": "minimum_games_not_met",
      "message": "Player has 6 games; 15 are required for benchmarks.",
      "player_id": 810,
      "metric": "assists_per_game"
    },
    {
      "code": "minimum_minutes_not_met",
      "message": "Player averages 5.5 minutes; 10.0 are required for benchmarks.",
      "player_id": 810,
      "metric": "assists_per_game"
    },
    {
      "code": "minimum_games_not_met",
      "message": "Player has 6 games; 15 are required for benchmarks.",
      "player_id": 810,
      "metric": "minutes_per_game"
    },
    {
      "code": "minimum_minutes_not_met",
      "message": "Player averages 5.5 minutes; 10.0 are required for benchmarks.",
      "player_id": 810,
      "metric": "minutes_per_game"
    },
    {
      "code": "minimum_games_not_met",
      "message": "Player has 6 games; 15 are required for benchmarks.",
      "player_id": 810,
      "metric": "plus_minus_per_game"
    },
    {
      "code": "minimum_minutes_not_met",
      "message": "Player averages 5.5 minutes; 10.0 are required for benchmarks.",
      "player_id": 810,
      "metric": "plus_minus_per_game"
    },
    {
      "code": "minimum_games_not_met",
      "message": "Player has 6 games; 15 are required for benchmarks.",
      "player_id": 810,
      "metric": "true_shooting_percentage"
    },
    {
      "code": "minimum_minutes_not_met",
      "message": "Player averages 5.5 minutes; 10.0 are required for benchmarks.",
      "player_id": 810,
      "metric": "true_shooting_percentage"
    },
    {
      "code": "minimum_games_not_met",
      "message": "Player has 6 games; 15 are required for benchmarks.",
      "player_id": 810,
      "metric": "field_goal_percentage"
    },
    {
      "code": "minimum_minutes_not_met",
      "message": "Player averages 5.5 minutes; 10.0 are required for benchmarks.",
      "player_id": 810,
      "metric": "field_goal_percentage"
    },
    {
      "code": "minimum_games_not_met",
      "message": "Player has 6 games; 15 are required for benchmarks.",
      "player_id": 810,
      "metric": "three_point_percentage"
    },
    {
      "code": "minimum_minutes_not_met",
      "message": "Player averages 5.5 minutes; 10.0 are required for benchmarks.",
      "player_id": 810,
      "metric": "three_point_percentage"
    },
    {
      "code": "minimum_games_not_met",
      "message": "Player has 6 games; 15 are required for benchmarks.",
      "player_id": 810,
      "metric": "effective_field_goal_percentage"
    },
    {
      "code": "minimum_minutes_not_met",
      "message": "Player averages 5.5 minutes; 10.0 are required for benchmarks.",
      "player_id": 810,
      "metric": "effective_field_goal_percentage"
    },
    {
      "code": "minimum_games_not_met",
      "message": "Player has 6 games; 15 are required for benchmarks.",
      "player_id": 810,
      "metric": "steals_per_game"
    },
    {
      "code": "minimum_minutes_not_met",
      "message": "Player averages 5.5 minutes; 10.0 are required for benchmarks.",
      "player_id": 810,
      "metric": "steals_per_game"
    },
    {
      "code": "minimum_games_not_met",
      "message": "Player has 6 games; 15 are required for benchmarks.",
      "player_id": 810,
      "metric": "blocks_per_game"
    },
    {
      "code": "minimum_minutes_not_met",
      "message": "Player averages 5.5 minutes; 10.0 are required for benchmarks.",
      "player_id": 810,
      "metric": "blocks_per_game"
    },
    {
      "code": "minimum_games_not_met",
      "message": "Player has 6 games; 15 are required for benchmarks.",
      "player_id": 810,
      "metric": "turnovers_per_game"
    },
    {
      "code": "minimum_minutes_not_met",
      "message": "Player averages 5.5 minutes; 10.0 are required for benchmarks.",
      "player_id": 810,
      "metric": "turnovers_per_game"
    },
    {
      "code": "minimum_games_not_met",
      "message": "Player has 6 games; 15 are required for benchmarks.",
      "player_id": 810,
      "metric": "points_per_36"
    },
    {
      "code": "minimum_minutes_not_met",
      "message": "Player averages 5.5 minutes; 10.0 are required for benchmarks.",
      "player_id": 810,
      "metric": "points_per_36"
    },
    {
      "code": "minimum_games_not_met",
      "message": "Player has 6 games; 15 are required for benchmarks.",
      "player_id": 810,
      "metric": "rebounds_per_36"
    },
    {
      "code": "minimum_minutes_not_met",
      "message": "Player averages 5.5 minutes; 10.0 are required for benchmarks.",
      "player_id": 810,
      "metric": "rebounds_per_36"
    },
    {
      "code": "minimum_games_not_met",
      "message": "Player has 6 games; 15 are required for benchmarks.",
      "player_id": 810,
      "metric": "assists_per_36"
    },
    {
      "code": "minimum_minutes_not_met",
      "message": "Player averages 5.5 minutes; 10.0 are required for benchmarks.",
      "player_id": 810,
      "metric": "assists_per_36"
    },
    {
      "code": "minimum_games_not_met",
      "message": "Player has 6 games; 15 are required for benchmarks.",
      "player_id": 810,
      "metric": "turnovers_per_36"
    },
    {
      "code": "minimum_minutes_not_met",
      "message": "Player averages 5.5 minutes; 10.0 are required for benchmarks.",
      "player_id": 810,
      "metric": "turnovers_per_36"
    },
    {
      "code": "trend_small_sample",
      "message": "At least 10 games are required to compare recent five games to previous five.",
      "player_id": 810,
      "metric": null
    },
    {
      "code": "incomplete_game_logs",
      "message": "Player has 6 logs across 82 stored team games.",
      "player_id": 810,
      "metric": null
    },
    {
      "code": "traded_mid_season",
      "message": "Player represented multiple teams.",
      "player_id": 811,
      "metric": null
    },
    {
      "code": "incomplete_game_logs",
      "message": "Player has 33 logs across 82 stored team games.",
      "player_id": 811,
      "metric": null
    },
    {
      "code": "traded_mid_season",
      "message": "Player represented multiple teams.",
      "player_id": 812,
      "metric": null
    },
    {
      "code": "incomplete_game_logs",
      "message": "Player has 40 logs across 82 stored team games.",
      "player_id": 812,
      "metric": null
    },
    {
      "code": "incomplete_game_logs",
      "message": "Player has 54 logs across 82 stored team games.",
      "player_id": 813,
      "metric": null
    },
    {
      "code": "minimum_games_not_met",
      "message": "Player has 9 games; 15 are required for benchmarks.",
      "player_id": 814,
      "metric": "points_per_game"
    },
    {
      "code": "minimum_games_not_met",
      "message": "Player has 9 games; 15 are required for benchmarks.",
      "player_id": 814,
      "metric": "rebounds_per_game"
    },
    {
      "code": "minimum_games_not_met",
      "message": "Player has 9 games; 15 are required for benchmarks.",
      "player_id": 814,
      "metric": "assists_per_game"
    },
    {
      "code": "minimum_games_not_met",
      "message": "Player has 9 games; 15 are required for benchmarks.",
      "player_id": 814,
      "metric": "minutes_per_game"
    },
    {
      "code": "minimum_games_not_met",
      "message": "Player has 9 games; 15 are required for benchmarks.",
      "player_id": 814,
      "metric": "plus_minus_per_game"
    },
    {
      "code": "minimum_games_not_met",
      "message": "Player has 9 games; 15 are required for benchmarks.",
      "player_id": 814,
      "metric": "true_shooting_percentage"
    },
    {
      "code": "minimum_games_not_met",
      "message": "Player has 9 games; 15 are required for benchmarks.",
      "player_id": 814,
      "metric": "field_goal_percentage"
    },
    {
      "code": "minimum_games_not_met",
      "message": "Player has 9 games; 15 are required for benchmarks.",
      "player_id": 814,
      "metric": "three_point_percentage"
    },
    {
      "code": "minimum_games_not_met",
      "message": "Player has 9 games; 15 are required for benchmarks.",
      "player_id": 814,
      "metric": "effective_field_goal_percentage"
    },
    {
      "code": "minimum_games_not_met",
      "message": "Player has 9 games; 15 are required for benchmarks.",
      "player_id": 814,
      "metric": "steals_per_game"
    },
    {
      "code": "minimum_games_not_met",
      "message": "Player has 9 games; 15 are required for benchmarks.",
      "player_id": 814,
      "metric": "blocks_per_game"
    },
    {
      "code": "minimum_games_not_met",
      "message": "Player has 9 games; 15 are required for benchmarks.",
      "player_id": 814,
      "metric": "turnovers_per_game"
    },
    {
      "code": "minimum_games_not_met",
      "message": "Player has 9 games; 15 are required for benchmarks.",
      "player_id": 814,
      "metric": "points_per_36"
    },
    {
      "code": "minimum_games_not_met",
      "message": "Player has 9 games; 15 are required for benchmarks.",
      "player_id": 814,
      "metric": "rebounds_per_36"
    },
    {
      "code": "minimum_games_not_met",
      "message": "Player has 9 games; 15 are required for benchmarks.",
      "player_id": 814,
      "metric": "assists_per_36"
    },
    {
      "code": "minimum_games_not_met",
      "message": "Player has 9 games; 15 are required for benchmarks.",
      "player_id": 814,
      "metric": "turnovers_per_36"
    },
    {
      "code": "trend_small_sample",
      "message": "At least 10 games are required to compare recent five games to previous five.",
      "player_id": 814,
      "metric": null
    },
    {
      "code": "incomplete_game_logs",
      "message": "Player has 9 logs across 82 stored team games.",
      "player_id": 814,
      "metric": null
    },
    {
      "code": "traded_mid_season",
      "message": "Player represented multiple teams.",
      "player_id": 815,
      "metric": null
    },
    {
      "code": "incomplete_game_logs",
      "message": "Player has 24 logs across 82 stored team games.",
      "player_id": 815,
      "metric": null
    },
    {
      "code": "minimum_games_not_met",
      "message": "Player has 10 games; 15 are required for benchmarks.",
      "player_id": 816,
      "metric": "points_per_game"
    },
    {
      "code": "minimum_minutes_not_met",
      "message": "Player averages 7.5 minutes; 10.0 are required for benchmarks.",
      "player_id": 816,
      "metric": "points_per_game"
    },
    {
      "code": "minimum_games_not_met",
      "message": "Player has 10 games; 15 are required for benchmarks.",
      "player_id": 816,
      "metric": "rebounds_per_game"
    },
    {
      "code": "minimum_minutes_not_met",
      "message": "Player averages 7.5 minutes; 10.0 are required for benchmarks.",
      "player_id": 816,
      "metric": "rebounds_per_game"
    },
    {
      "code": "minimum_games_not_met",
      "message": "Player has 10 games; 15 are required for benchmarks.",
      "player_id": 816,
      "metric": "assists_per_game"
    },
    {
      "code": "minimum_minutes_not_met",
      "message": "Player averages 7.5 minutes; 10.0 are required for benchmarks.",
      "player_id": 816,
      "metric": "assists_per_game"
    },
    {
      "code": "minimum_games_not_met",
      "message": "Player has 10 games; 15 are required for benchmarks.",
      "player_id": 816,
      "metric": "minutes_per_game"
    },
    {
      "code": "minimum_minutes_not_met",
      "message": "Player averages 7.5 minutes; 10.0 are required for benchmarks.",
      "player_id": 816,
      "metric": "minutes_per_game"
    },
    {
      "code": "minimum_games_not_met",
      "message": "Player has 10 games; 15 are required for benchmarks.",
      "player_id": 816,
      "metric": "plus_minus_per_game"
    },
    {
      "code": "minimum_minutes_not_met",
      "message": "Player averages 7.5 minutes; 10.0 are required for benchmarks.",
      "player_id": 816,
      "metric": "plus_minus_per_game"
    },
    {
      "code": "minimum_games_not_met",
      "message": "Player has 10 games; 15 are required for benchmarks.",
      "player_id": 816,
      "metric": "true_shooting_percentage"
    },
    {
      "code": "minimum_minutes_not_met",
      "message": "Player averages 7.5 minutes; 10.0 are required for benchmarks.",
      "player_id": 816,
      "metric": "true_shooting_percentage"
    },
    {
      "code": "minimum_games_not_met",
      "message": "Player has 10 games; 15 are required for benchmarks.",
      "player_id": 816,
      "metric": "field_goal_percentage"
    },
    {
      "code": "minimum_minutes_not_met",
      "message": "Player averages 7.5 minutes; 10.0 are required for benchmarks.",
      "player_id": 816,
      "metric": "field_goal_percentage"
    },
    {
      "code": "minimum_games_not_met",
      "message": "Player has 10 games; 15 are required for benchmarks.",
      "player_id": 816,
      "metric": "three_point_percentage"
    },
    {
      "code": "minimum_minutes_not_met",
      "message": "Player averages 7.5 minutes; 10.0 are required for benchmarks.",
      "player_id": 816,
      "metric": "three_point_percentage"
    },
    {
      "code": "minimum_games_not_met",
      "message": "Player has 10 games; 15 are required for benchmarks.",
      "player_id": 816,
      "metric": "effective_field_goal_percentage"
    },
    {
      "code": "minimum_minutes_not_met",
      "message": "Player averages 7.5 minutes; 10.0 are required for benchmarks.",
      "player_id": 816,
      "metric": "effective_field_goal_percentage"
    },
    {
      "code": "minimum_games_not_met",
      "message": "Player has 10 games; 15 are required for benchmarks.",
      "player_id": 816,
      "metric": "steals_per_game"
    },
    {
      "code": "minimum_minutes_not_met",
      "message": "Player averages 7.5 minutes; 10.0 are required for benchmarks.",
      "player_id": 816,
      "metric": "steals_per_game"
    },
    {
      "code": "minimum_games_not_met",
      "message": "Player has 10 games; 15 are required for benchmarks.",
      "player_id": 816,
      "metric": "blocks_per_game"
    },
    {
      "code": "minimum_minutes_not_met",
      "message": "Player averages 7.5 minutes; 10.0 are required for benchmarks.",
      "player_id": 816,
      "metric": "blocks_per_game"
    },
    {
      "code": "minimum_games_not_met",
      "message": "Player has 10 games; 15 are required for benchmarks.",
      "player_id": 816,
      "metric": "turnovers_per_game"
    },
    {
      "code": "minimum_minutes_not_met",
      "message": "Player averages 7.5 minutes; 10.0 are required for benchmarks.",
      "player_id": 816,
      "metric": "turnovers_per_game"
    },
    {
      "code": "minimum_games_not_met",
      "message": "Player has 10 games; 15 are required for benchmarks.",
      "player_id": 816,
      "metric": "points_per_36"
    },
    {
      "code": "minimum_minutes_not_met",
      "message": "Player averages 7.5 minutes; 10.0 are required for benchmarks.",
      "player_id": 816,
      "metric": "points_per_36"
    },
    {
      "code": "minimum_games_not_met",
      "message": "Player has 10 games; 15 are required for benchmarks.",
      "player_id": 816,
      "metric": "rebounds_per_36"
    },
    {
      "code": "minimum_minutes_not_met",
      "message": "Player averages 7.5 minutes; 10.0 are required for benchmarks.",
      "player_id": 816,
      "metric": "rebounds_per_36"
    },
    {
      "code": "minimum_games_not_met",
      "message": "Player has 10 games; 15 are required for benchmarks.",
      "player_id": 816,
      "metric": "assists_per_36"
    },
    {
      "code": "minimum_minutes_not_met",
      "message": "Player averages 7.5 minutes; 10.0 are required for benchmarks.",
      "player_id": 816,
      "metric": "assists_per_36"
    },
    {
      "code": "minimum_games_not_met",
      "message": "Player has 10 games; 15 are required for benchmarks.",
      "player_id": 816,
      "metric": "turnovers_per_36"
    },
    {
      "code": "minimum_minutes_not_met",
      "message": "Player averages 7.5 minutes; 10.0 are required for benchmarks.",
      "player_id": 816,
      "metric": "turnovers_per_36"
    },
    {
      "code": "incomplete_game_logs",
      "message": "Player has 10 logs across 82 stored team games.",
      "player_id": 816,
      "metric": null
    },
    {
      "code": "incomplete_game_logs",
      "message": "Player has 47 logs across 82 stored team games.",
      "player_id": 817,
      "metric": null
    },
    {
      "code": "minimum_games_not_met",
      "message": "Player has 1 games; 15 are required for benchmarks.",
      "player_id": 818,
      "metric": "points_per_game"
    },
    {
      "code": "minimum_games_not_met",
      "message": "Player has 1 games; 15 are required for benchmarks.",
      "player_id": 818,
      "metric": "rebounds_per_game"
    },
    {
      "code": "minimum_games_not_met",
      "message": "Player has 1 games; 15 are required for benchmarks.",
      "player_id": 818,
      "metric": "assists_per_game"
    },
    {
      "code": "minimum_games_not_met",
      "message": "Player has 1 games; 15 are required for benchmarks.",
      "player_id": 818,
      "metric": "minutes_per_game"
    },
    {
      "code": "minimum_games_not_met",
      "message": "Player has 1 games; 15 are required for benchmarks.",
      "player_id": 818,
      "metric": "plus_minus_per_game"
    },
    {
      "code": "minimum_games_not_met",
      "message": "Player has 1 games; 15 are required for benchmarks.",
      "player_id": 818,
      "metric": "true_shooting_percentage"
    },
    {
      "code": "minimum_games_not_met",
      "message": "Player has 1 games; 15 are required for benchmarks.",
      "player_id": 818,
      "metric": "field_goal_percentage"
    },
    {
      "code": "minimum_games_not_met",
      "message": "Player has 1 games; 15 are required for benchmarks.",
      "player_id": 818,
      "metric": "three_point_percentage"
    },
    {
      "code": "minimum_games_not_met",
      "message": "Player has 1 games; 15 are required for benchmarks.",
      "player_id": 818,
      "metric": "effective_field_goal_percentage"
    },
    {
      "code": "minimum_games_not_met",
      "message": "Player has 1 games; 15 are required for benchmarks.",
      "player_id": 818,
      "metric": "steals_per_game"
    },
    {
      "code": "minimum_games_not_met",
      "message": "Player has 1 games; 15 are required for benchmarks.",
      "player_id": 818,
      "metric": "blocks_per_game"
    },
    {
      "code": "minimum_games_not_met",
      "message": "Player has 1 games; 15 are required for benchmarks.",
      "player_id": 818,
      "metric": "turnovers_per_game"
    },
    {
      "code": "minimum_games_not_met",
      "message": "Player has 1 games; 15 are required for benchmarks.",
      "player_id": 818,
      "metric": "points_per_36"
    },
    {
      "code": "minimum_games_not_met",
      "message": "Player has 1 games; 15 are required for benchmarks.",
      "player_id": 818,
      "metric": "rebounds_per_36"
    },
    {
      "code": "minimum_games_not_met",
      "message": "Player has 1 games; 15 are required for benchmarks.",
      "player_id": 818,
      "metric": "assists_per_36"
    },
    {
      "code": "minimum_games_not_met",
      "message": "Player has 1 games; 15 are required for benchmarks.",
      "player_id": 818,
      "metric": "turnovers_per_36"
    },
    {
      "code": "trend_small_sample",
      "message": "At least 10 games are required to compare recent five games to previous five.",
      "player_id": 818,
      "metric": null
    },
    {
      "code": "incomplete_game_logs",
      "message": "Player has 1 logs across 82 stored team games.",
      "player_id": 818,
      "metric": null
    },
    {
      "code": "incomplete_game_logs",
      "message": "Player has 20 logs across 82 stored team games.",
      "player_id": 819,
      "metric": null
    },
    {
      "code": "traded_mid_season",
      "message": "Player represented multiple teams.",
      "player_id": 820,
      "metric": null
    },
    {
      "code": "incomplete_game_logs",
      "message": "Player has 20 logs across 82 stored team games.",
      "player_id": 820,
      "metric": null
    },
    {
      "code": "minimum_games_not_met",
      "message": "Player has 9 games; 15 are required for benchmarks.",
      "player_id": 821,
      "metric": "points_per_game"
    },
    {
      "code": "minimum_minutes_not_met",
      "message": "Player averages 4.9 minutes; 10.0 are required for benchmarks.",
      "player_id": 821,
      "metric": "points_per_game"
    },
    {
      "code": "minimum_games_not_met",
      "message": "Player has 9 games; 15 are required for benchmarks.",
      "player_id": 821,
      "metric": "rebounds_per_game"
    },
    {
      "code": "minimum_minutes_not_met",
      "message": "Player averages 4.9 minutes; 10.0 are required for benchmarks.",
      "player_id": 821,
      "metric": "rebounds_per_game"
    },
    {
      "code": "minimum_games_not_met",
      "message": "Player has 9 games; 15 are required for benchmarks.",
      "player_id": 821,
      "metric": "assists_per_game"
    },
    {
      "code": "minimum_minutes_not_met",
      "message": "Player averages 4.9 minutes; 10.0 are required for benchmarks.",
      "player_id": 821,
      "metric": "assists_per_game"
    },
    {
      "code": "minimum_games_not_met",
      "message": "Player has 9 games; 15 are required for benchmarks.",
      "player_id": 821,
      "metric": "minutes_per_game"
    },
    {
      "code": "minimum_minutes_not_met",
      "message": "Player averages 4.9 minutes; 10.0 are required for benchmarks.",
      "player_id": 821,
      "metric": "minutes_per_game"
    },
    {
      "code": "minimum_games_not_met",
      "message": "Player has 9 games; 15 are required for benchmarks.",
      "player_id": 821,
      "metric": "plus_minus_per_game"
    },
    {
      "code": "minimum_minutes_not_met",
      "message": "Player averages 4.9 minutes; 10.0 are required for benchmarks.",
      "player_id": 821,
      "metric": "plus_minus_per_game"
    },
    {
      "code": "minimum_games_not_met",
      "message": "Player has 9 games; 15 are required for benchmarks.",
      "player_id": 821,
      "metric": "true_shooting_percentage"
    },
    {
      "code": "minimum_minutes_not_met",
      "message": "Player averages 4.9 minutes; 10.0 are required for benchmarks.",
      "player_id": 821,
      "metric": "true_shooting_percentage"
    },
    {
      "code": "minimum_games_not_met",
      "message": "Player has 9 games; 15 are required for benchmarks.",
      "player_id": 821,
      "metric": "field_goal_percentage"
    },
    {
      "code": "minimum_minutes_not_met",
      "message": "Player averages 4.9 minutes; 10.0 are required for benchmarks.",
      "player_id": 821,
      "metric": "field_goal_percentage"
    },
    {
      "code": "minimum_games_not_met",
      "message": "Player has 9 games; 15 are required for benchmarks.",
      "player_id": 821,
      "metric": "three_point_percentage"
    },
    {
      "code": "minimum_minutes_not_met",
      "message": "Player averages 4.9 minutes; 10.0 are required for benchmarks.",
      "player_id": 821,
      "metric": "three_point_percentage"
    },
    {
      "code": "minimum_games_not_met",
      "message": "Player has 9 games; 15 are required for benchmarks.",
      "player_id": 821,
      "metric": "effective_field_goal_percentage"
    },
    {
      "code": "minimum_minutes_not_met",
      "message": "Player averages 4.9 minutes; 10.0 are required for benchmarks.",
      "player_id": 821,
      "metric": "effective_field_goal_percentage"
    },
    {
      "code": "minimum_games_not_met",
      "message": "Player has 9 games; 15 are required for benchmarks.",
      "player_id": 821,
      "metric": "steals_per_game"
    },
    {
      "code": "minimum_minutes_not_met",
      "message": "Player averages 4.9 minutes; 10.0 are required for benchmarks.",
      "player_id": 821,
      "metric": "steals_per_game"
    },
    {
      "code": "minimum_games_not_met",
      "message": "Player has 9 games; 15 are required for benchmarks.",
      "player_id": 821,
      "metric": "blocks_per_game"
    },
    {
      "code": "minimum_minutes_not_met",
      "message": "Player averages 4.9 minutes; 10.0 are required for benchmarks.",
      "player_id": 821,
      "metric": "blocks_per_game"
    },
    {
      "code": "minimum_games_not_met",
      "message": "Player has 9 games; 15 are required for benchmarks.",
      "player_id": 821,
      "metric": "turnovers_per_game"
    },
    {
      "code": "minimum_minutes_not_met",
      "message": "Player averages 4.9 minutes; 10.0 are required for benchmarks.",
      "player_id": 821,
      "metric": "turnovers_per_game"
    },
    {
      "code": "minimum_games_not_met",
      "message": "Player has 9 games; 15 are required for benchmarks.",
      "player_id": 821,
      "metric": "points_per_36"
    },
    {
      "code": "minimum_minutes_not_met",
      "message": "Player averages 4.9 minutes; 10.0 are required for benchmarks.",
      "player_id": 821,
      "metric": "points_per_36"
    },
    {
      "code": "minimum_games_not_met",
      "message": "Player has 9 games; 15 are required for benchmarks.",
      "player_id": 821,
      "metric": "rebounds_per_36"
    },
    {
      "code": "minimum_minutes_not_met",
      "message": "Player averages 4.9 minutes; 10.0 are required for benchmarks.",
      "player_id": 821,
      "metric": "rebounds_per_36"
    },
    {
      "code": "minimum_games_not_met",
      "message": "Player has 9 games; 15 are required for benchmarks.",
      "player_id": 821,
      "metric": "assists_per_36"
    },
    {
      "code": "minimum_minutes_not_met",
      "message": "Player averages 4.9 minutes; 10.0 are required for benchmarks.",
      "player_id": 821,
      "metric": "assists_per_36"
    },
    {
      "code": "minimum_games_not_met",
      "message": "Player has 9 games; 15 are required for benchmarks.",
      "player_id": 821,
      "metric": "turnovers_per_36"
    },
    {
      "code": "minimum_minutes_not_met",
      "message": "Player averages 4.9 minutes; 10.0 are required for benchmarks.",
      "player_id": 821,
      "metric": "turnovers_per_36"
    },
    {
      "code": "trend_small_sample",
      "message": "At least 10 games are required to compare recent five games to previous five.",
      "player_id": 821,
      "metric": null
    },
    {
      "code": "incomplete_game_logs",
      "message": "Player has 9 logs across 82 stored team games.",
      "player_id": 821,
      "metric": null
    },
    {
      "code": "minimum_minutes_not_met",
      "message": "Player averages 8.5 minutes; 10.0 are required for benchmarks.",
      "player_id": 822,
      "metric": "points_per_game"
    },
    {
      "code": "minimum_minutes_not_met",
      "message": "Player averages 8.5 minutes; 10.0 are required for benchmarks.",
      "player_id": 822,
      "metric": "rebounds_per_game"
    },
    {
      "code": "minimum_minutes_not_met",
      "message": "Player averages 8.5 minutes; 10.0 are required for benchmarks.",
      "player_id": 822,
      "metric": "assists_per_game"
    },
    {
      "code": "minimum_minutes_not_met",
      "message": "Player averages 8.5 minutes; 10.0 are required for benchmarks.",
      "player_id": 822,
      "metric": "minutes_per_game"
    },
    {
      "code": "minimum_minutes_not_met",
      "message": "Player averages 8.5 minutes; 10.0 are required for benchmarks.",
      "player_id": 822,
      "metric": "plus_minus_per_game"
    },
    {
      "code": "minimum_minutes_not_met",
      "message": "Player averages 8.5 minutes; 10.0 are required for benchmarks.",
      "player_id": 822,
      "metric": "true_shooting_percentage"
    },
    {
      "code": "minimum_minutes_not_met",
      "message": "Player averages 8.5 minutes; 10.0 are required for benchmarks.",
      "player_id": 822,
      "metric": "field_goal_percentage"
    },
    {
      "code": "minimum_minutes_not_met",
      "message": "Player averages 8.5 minutes; 10.0 are required for benchmarks.",
      "player_id": 822,
      "metric": "three_point_percentage"
    },
    {
      "code": "minimum_minutes_not_met",
      "message": "Player averages 8.5 minutes; 10.0 are required for benchmarks.",
      "player_id": 822,
      "metric": "effective_field_goal_percentage"
    },
    {
      "code": "minimum_minutes_not_met",
      "message": "Player averages 8.5 minutes; 10.0 are required for benchmarks.",
      "player_id": 822,
      "metric": "steals_per_game"
    },
    {
      "code": "minimum_minutes_not_met",
      "message": "Player averages 8.5 minutes; 10.0 are required for benchmarks.",
      "player_id": 822,
      "metric": "blocks_per_game"
    },
    {
      "code": "minimum_minutes_not_met",
      "message": "Player averages 8.5 minutes; 10.0 are required for benchmarks.",
      "player_id": 822,
      "metric": "turnovers_per_game"
    },
    {
      "code": "minimum_minutes_not_met",
      "message": "Player averages 8.5 minutes; 10.0 are required for benchmarks.",
      "player_id": 822,
      "metric": "points_per_36"
    },
    {
      "code": "minimum_minutes_not_met",
      "message": "Player averages 8.5 minutes; 10.0 are required for benchmarks.",
      "player_id": 822,
      "metric": "rebounds_per_36"
    },
    {
      "code": "minimum_minutes_not_met",
      "message": "Player averages 8.5 minutes; 10.0 are required for benchmarks.",
      "player_id": 822,
      "metric": "assists_per_36"
    },
    {
      "code": "minimum_minutes_not_met",
      "message": "Player averages 8.5 minutes; 10.0 are required for benchmarks.",
      "player_id": 822,
      "metric": "turnovers_per_36"
    },
    {
      "code": "traded_mid_season",
      "message": "Player represented multiple teams.",
      "player_id": 822,
      "metric": null
    },
    {
      "code": "incomplete_game_logs",
      "message": "Player has 43 logs across 82 stored team games.",
      "player_id": 822,
      "metric": null
    },
    {
      "code": "minimum_games_not_met",
      "message": "Player has 9 games; 15 are required for benchmarks.",
      "player_id": 823,
      "metric": "points_per_game"
    },
    {
      "code": "minimum_games_not_met",
      "message": "Player has 9 games; 15 are required for benchmarks.",
      "player_id": 823,
      "metric": "rebounds_per_game"
    },
    {
      "code": "minimum_games_not_met",
      "message": "Player has 9 games; 15 are required for benchmarks.",
      "player_id": 823,
      "metric": "assists_per_game"
    },
    {
      "code": "minimum_games_not_met",
      "message": "Player has 9 games; 15 are required for benchmarks.",
      "player_id": 823,
      "metric": "minutes_per_game"
    },
    {
      "code": "minimum_games_not_met",
      "message": "Player has 9 games; 15 are required for benchmarks.",
      "player_id": 823,
      "metric": "plus_minus_per_game"
    },
    {
      "code": "minimum_games_not_met",
      "message": "Player has 9 games; 15 are required for benchmarks.",
      "player_id": 823,
      "metric": "true_shooting_percentage"
    },
    {
      "code": "minimum_games_not_met",
      "message": "Player has 9 games; 15 are required for benchmarks.",
      "player_id": 823,
      "metric": "field_goal_percentage"
    },
    {
      "code": "minimum_games_not_met",
      "message": "Player has 9 games; 15 are required for benchmarks.",
      "player_id": 823,
      "metric": "three_point_percentage"
    },
    {
      "code": "minimum_games_not_met",
      "message": "Player has 9 games; 15 are required for benchmarks.",
      "player_id": 823,
      "metric": "effective_field_goal_percentage"
    },
    {
      "code": "minimum_games_not_met",
      "message": "Player has 9 games; 15 are required for benchmarks.",
      "player_id": 823,
      "metric": "steals_per_game"
    },
    {
      "code": "minimum_games_not_met",
      "message": "Player has 9 games; 15 are required for benchmarks.",
      "player_id": 823,
      "metric": "blocks_per_game"
    },
    {
      "code": "minimum_games_not_met",
      "message": "Player has 9 games; 15 are required for benchmarks.",
      "player_id": 823,
      "metric": "turnovers_per_game"
    },
    {
      "code": "minimum_games_not_met",
      "message": "Player has 9 games; 15 are required for benchmarks.",
      "player_id": 823,
      "metric": "points_per_36"
    },
    {
      "code": "minimum_games_not_met",
      "message": "Player has 9 games; 15 are required for benchmarks.",
      "player_id": 823,
      "metric": "rebounds_per_36"
    },
    {
      "code": "minimum_games_not_met",
      "message": "Player has 9 games; 15 are required for benchmarks.",
      "player_id": 823,
      "metric": "assists_per_36"
    },
    {
      "code": "minimum_games_not_met",
      "message": "Player has 9 games; 15 are required for benchmarks.",
      "player_id": 823,
      "metric": "turnovers_per_36"
    },
    {
      "code": "trend_small_sample",
      "message": "At least 10 games are required to compare recent five games to previous five.",
      "player_id": 823,
      "metric": null
    },
    {
      "code": "incomplete_game_logs",
      "message": "Player has 9 logs across 82 stored team games.",
      "player_id": 823,
      "metric": null
    },
    {
      "code": "minimum_games_not_met",
      "message": "Player has 1 games; 15 are required for benchmarks.",
      "player_id": 824,
      "metric": "points_per_game"
    },
    {
      "code": "minimum_minutes_not_met",
      "message": "Player averages 3.0 minutes; 10.0 are required for benchmarks.",
      "player_id": 824,
      "metric": "points_per_game"
    },
    {
      "code": "minimum_games_not_met",
      "message": "Player has 1 games; 15 are required for benchmarks.",
      "player_id": 824,
      "metric": "rebounds_per_game"
    },
    {
      "code": "minimum_minutes_not_met",
      "message": "Player averages 3.0 minutes; 10.0 are required for benchmarks.",
      "player_id": 824,
      "metric": "rebounds_per_game"
    },
    {
      "code": "minimum_games_not_met",
      "message": "Player has 1 games; 15 are required for benchmarks.",
      "player_id": 824,
      "metric": "assists_per_game"
    },
    {
      "code": "minimum_minutes_not_met",
      "message": "Player averages 3.0 minutes; 10.0 are required for benchmarks.",
      "player_id": 824,
      "metric": "assists_per_game"
    },
    {
      "code": "minimum_games_not_met",
      "message": "Player has 1 games; 15 are required for benchmarks.",
      "player_id": 824,
      "metric": "minutes_per_game"
    },
    {
      "code": "minimum_minutes_not_met",
      "message": "Player averages 3.0 minutes; 10.0 are required for benchmarks.",
      "player_id": 824,
      "metric": "minutes_per_game"
    },
    {
      "code": "minimum_games_not_met",
      "message": "Player has 1 games; 15 are required for benchmarks.",
      "player_id": 824,
      "metric": "plus_minus_per_game"
    },
    {
      "code": "minimum_minutes_not_met",
      "message": "Player averages 3.0 minutes; 10.0 are required for benchmarks.",
      "player_id": 824,
      "metric": "plus_minus_per_game"
    },
    {
      "code": "minimum_games_not_met",
      "message": "Player has 1 games; 15 are required for benchmarks.",
      "player_id": 824,
      "metric": "true_shooting_percentage"
    },
    {
      "code": "minimum_minutes_not_met",
      "message": "Player averages 3.0 minutes; 10.0 are required for benchmarks.",
      "player_id": 824,
      "metric": "true_shooting_percentage"
    },
    {
      "code": "minimum_games_not_met",
      "message": "Player has 1 games; 15 are required for benchmarks.",
      "player_id": 824,
      "metric": "field_goal_percentage"
    },
    {
      "code": "minimum_minutes_not_met",
      "message": "Player averages 3.0 minutes; 10.0 are required for benchmarks.",
      "player_id": 824,
      "metric": "field_goal_percentage"
    },
    {
      "code": "minimum_games_not_met",
      "message": "Player has 1 games; 15 are required for benchmarks.",
      "player_id": 824,
      "metric": "three_point_percentage"
    },
    {
      "code": "minimum_minutes_not_met",
      "message": "Player averages 3.0 minutes; 10.0 are required for benchmarks.",
      "player_id": 824,
      "metric": "three_point_percentage"
    },
    {
      "code": "minimum_games_not_met",
      "message": "Player has 1 games; 15 are required for benchmarks.",
      "player_id": 824,
      "metric": "effective_field_goal_percentage"
    },
    {
      "code": "minimum_minutes_not_met",
      "message": "Player averages 3.0 minutes; 10.0 are required for benchmarks.",
      "player_id": 824,
      "metric": "effective_field_goal_percentage"
    },
    {
      "code": "minimum_games_not_met",
      "message": "Player has 1 games; 15 are required for benchmarks.",
      "player_id": 824,
      "metric": "steals_per_game"
    },
    {
      "code": "minimum_minutes_not_met",
      "message": "Player averages 3.0 minutes; 10.0 are required for benchmarks.",
      "player_id": 824,
      "metric": "steals_per_game"
    },
    {
      "code": "minimum_games_not_met",
      "message": "Player has 1 games; 15 are required for benchmarks.",
      "player_id": 824,
      "metric": "blocks_per_game"
    },
    {
      "code": "minimum_minutes_not_met",
      "message": "Player averages 3.0 minutes; 10.0 are required for benchmarks.",
      "player_id": 824,
      "metric": "blocks_per_game"
    },
    {
      "code": "minimum_games_not_met",
      "message": "Player has 1 games; 15 are required for benchmarks.",
      "player_id": 824,
      "metric": "turnovers_per_game"
    },
    {
      "code": "minimum_minutes_not_met",
      "message": "Player averages 3.0 minutes; 10.0 are required for benchmarks.",
      "player_id": 824,
      "metric": "turnovers_per_game"
    },
    {
      "code": "minimum_games_not_met",
      "message": "Player has 1 games; 15 are required for benchmarks.",
      "player_id": 824,
      "metric": "points_per_36"
    },
    {
      "code": "minimum_minutes_not_met",
      "message": "Player averages 3.0 minutes; 10.0 are required for benchmarks.",
      "player_id": 824,
      "metric": "points_per_36"
    },
    {
      "code": "minimum_games_not_met",
      "message": "Player has 1 games; 15 are required for benchmarks.",
      "player_id": 824,
      "metric": "rebounds_per_36"
    },
    {
      "code": "minimum_minutes_not_met",
      "message": "Player averages 3.0 minutes; 10.0 are required for benchmarks.",
      "player_id": 824,
      "metric": "rebounds_per_36"
    },
    {
      "code": "minimum_games_not_met",
      "message": "Player has 1 games; 15 are required for benchmarks.",
      "player_id": 824,
      "metric": "assists_per_36"
    },
    {
      "code": "minimum_minutes_not_met",
      "message": "Player averages 3.0 minutes; 10.0 are required for benchmarks.",
      "player_id": 824,
      "metric": "assists_per_36"
    },
    {
      "code": "minimum_games_not_met",
      "message": "Player has 1 games; 15 are required for benchmarks.",
      "player_id": 824,
      "metric": "turnovers_per_36"
    },
    {
      "code": "minimum_minutes_not_met",
      "message": "Player averages 3.0 minutes; 10.0 are required for benchmarks.",
      "player_id": 824,
      "metric": "turnovers_per_36"
    },
    {
      "code": "trend_small_sample",
      "message": "At least 10 games are required to compare recent five games to previous five.",
      "player_id": 824,
      "metric": null
    },
    {
      "code": "zero_shot_attempts",
      "message": "No field-goal attempts are available.",
      "player_id": 824,
      "metric": null
    },
    {
      "code": "incomplete_game_logs",
      "message": "Player has 1 logs across 82 stored team games.",
      "player_id": 824,
      "metric": null
    },
    {
      "code": "minimum_games_not_met",
      "message": "Player has 8 games; 15 are required for benchmarks.",
      "player_id": 825,
      "metric": "points_per_game"
    },
    {
      "code": "minimum_minutes_not_met",
      "message": "Player averages 3.9 minutes; 10.0 are required for benchmarks.",
      "player_id": 825,
      "metric": "points_per_game"
    },
    {
      "code": "minimum_games_not_met",
      "message": "Player has 8 games; 15 are required for benchmarks.",
      "player_id": 825,
      "metric": "rebounds_per_game"
    },
    {
      "code": "minimum_minutes_not_met",
      "message": "Player averages 3.9 minutes; 10.0 are required for benchmarks.",
      "player_id": 825,
      "metric": "rebounds_per_game"
    },
    {
      "code": "minimum_games_not_met",
      "message": "Player has 8 games; 15 are required for benchmarks.",
      "player_id": 825,
      "metric": "assists_per_game"
    },
    {
      "code": "minimum_minutes_not_met",
      "message": "Player averages 3.9 minutes; 10.0 are required for benchmarks.",
      "player_id": 825,
      "metric": "assists_per_game"
    },
    {
      "code": "minimum_games_not_met",
      "message": "Player has 8 games; 15 are required for benchmarks.",
      "player_id": 825,
      "metric": "minutes_per_game"
    },
    {
      "code": "minimum_minutes_not_met",
      "message": "Player averages 3.9 minutes; 10.0 are required for benchmarks.",
      "player_id": 825,
      "metric": "minutes_per_game"
    },
    {
      "code": "minimum_games_not_met",
      "message": "Player has 8 games; 15 are required for benchmarks.",
      "player_id": 825,
      "metric": "plus_minus_per_game"
    },
    {
      "code": "minimum_minutes_not_met",
      "message": "Player averages 3.9 minutes; 10.0 are required for benchmarks.",
      "player_id": 825,
      "metric": "plus_minus_per_game"
    },
    {
      "code": "minimum_games_not_met",
      "message": "Player has 8 games; 15 are required for benchmarks.",
      "player_id": 825,
      "metric": "true_shooting_percentage"
    },
    {
      "code": "minimum_minutes_not_met",
      "message": "Player averages 3.9 minutes; 10.0 are required for benchmarks.",
      "player_id": 825,
      "metric": "true_shooting_percentage"
    },
    {
      "code": "minimum_games_not_met",
      "message": "Player has 8 games; 15 are required for benchmarks.",
      "player_id": 825,
      "metric": "field_goal_percentage"
    },
    {
      "code": "minimum_minutes_not_met",
      "message": "Player averages 3.9 minutes; 10.0 are required for benchmarks.",
      "player_id": 825,
      "metric": "field_goal_percentage"
    },
    {
      "code": "minimum_games_not_met",
      "message": "Player has 8 games; 15 are required for benchmarks.",
      "player_id": 825,
      "metric": "three_point_percentage"
    },
    {
      "code": "minimum_minutes_not_met",
      "message": "Player averages 3.9 minutes; 10.0 are required for benchmarks.",
      "player_id": 825,
      "metric": "three_point_percentage"
    },
    {
      "code": "minimum_games_not_met",
      "message": "Player has 8 games; 15 are required for benchmarks.",
      "player_id": 825,
      "metric": "effective_field_goal_percentage"
    },
    {
      "code": "minimum_minutes_not_met",
      "message": "Player averages 3.9 minutes; 10.0 are required for benchmarks.",
      "player_id": 825,
      "metric": "effective_field_goal_percentage"
    },
    {
      "code": "minimum_games_not_met",
      "message": "Player has 8 games; 15 are required for benchmarks.",
      "player_id": 825,
      "metric": "steals_per_game"
    },
    {
      "code": "minimum_minutes_not_met",
      "message": "Player averages 3.9 minutes; 10.0 are required for benchmarks.",
      "player_id": 825,
      "metric": "steals_per_game"
    },
    {
      "code": "minimum_games_not_met",
      "message": "Player has 8 games; 15 are required for benchmarks.",
      "player_id": 825,
      "metric": "blocks_per_game"
    },
    {
      "code": "minimum_minutes_not_met",
      "message": "Player averages 3.9 minutes; 10.0 are required for benchmarks.",
      "player_id": 825,
      "metric": "blocks_per_game"
    },
    {
      "code": "minimum_games_not_met",
      "message": "Player has 8 games; 15 are required for benchmarks.",
      "player_id": 825,
      "metric": "turnovers_per_game"
    },
    {
      "code": "minimum_minutes_not_met",
      "message": "Player averages 3.9 minutes; 10.0 are required for benchmarks.",
      "player_id": 825,
      "metric": "turnovers_per_game"
    },
    {
      "code": "minimum_games_not_met",
      "message": "Player has 8 games; 15 are required for benchmarks.",
      "player_id": 825,
      "metric": "points_per_36"
    },
    {
      "code": "minimum_minutes_not_met",
      "message": "Player averages 3.9 minutes; 10.0 are required for benchmarks.",
      "player_id": 825,
      "metric": "points_per_36"
    },
    {
      "code": "minimum_games_not_met",
      "message": "Player has 8 games; 15 are required for benchmarks.",
      "player_id": 825,
      "metric": "rebounds_per_36"
    },
    {
      "code": "minimum_minutes_not_met",
      "message": "Player averages 3.9 minutes; 10.0 are required for benchmarks.",
      "player_id": 825,
      "metric": "rebounds_per_36"
    },
    {
      "code": "minimum_games_not_met",
      "message": "Player has 8 games; 15 are required for benchmarks.",
      "player_id": 825,
      "metric": "assists_per_36"
    },
    {
      "code": "minimum_minutes_not_met",
      "message": "Player averages 3.9 minutes; 10.0 are required for benchmarks.",
      "player_id": 825,
      "metric": "assists_per_36"
    },
    {
      "code": "minimum_games_not_met",
      "message": "Player has 8 games; 15 are required for benchmarks.",
      "player_id": 825,
      "metric": "turnovers_per_36"
    },
    {
      "code": "minimum_minutes_not_met",
      "message": "Player averages 3.9 minutes; 10.0 are required for benchmarks.",
      "player_id": 825,
      "metric": "turnovers_per_36"
    },
    {
      "code": "trend_small_sample",
      "message": "At least 10 games are required to compare recent five games to previous five.",
      "player_id": 825,
      "metric": null
    },
    {
      "code": "incomplete_game_logs",
      "message": "Player has 8 logs across 82 stored team games.",
      "player_id": 825,
      "metric": null
    },
    {
      "code": "traded_mid_season",
      "message": "Player represented multiple teams.",
      "player_id": 826,
      "metric": null
    },
    {
      "code": "incomplete_game_logs",
      "message": "Player has 15 logs across 82 stored team games.",
      "player_id": 826,
      "metric": null
    },
    {
      "code": "minimum_games_not_met",
      "message": "Player has 4 games; 15 are required for benchmarks.",
      "player_id": 827,
      "metric": "points_per_game"
    },
    {
      "code": "minimum_minutes_not_met",
      "message": "Player averages 1.8 minutes; 10.0 are required for benchmarks.",
      "player_id": 827,
      "metric": "points_per_game"
    },
    {
      "code": "minimum_games_not_met",
      "message": "Player has 4 games; 15 are required for benchmarks.",
      "player_id": 827,
      "metric": "rebounds_per_game"
    },
    {
      "code": "minimum_minutes_not_met",
      "message": "Player averages 1.8 minutes; 10.0 are required for benchmarks.",
      "player_id": 827,
      "metric": "rebounds_per_game"
    },
    {
      "code": "minimum_games_not_met",
      "message": "Player has 4 games; 15 are required for benchmarks.",
      "player_id": 827,
      "metric": "assists_per_game"
    },
    {
      "code": "minimum_minutes_not_met",
      "message": "Player averages 1.8 minutes; 10.0 are required for benchmarks.",
      "player_id": 827,
      "metric": "assists_per_game"
    },
    {
      "code": "minimum_games_not_met",
      "message": "Player has 4 games; 15 are required for benchmarks.",
      "player_id": 827,
      "metric": "minutes_per_game"
    },
    {
      "code": "minimum_minutes_not_met",
      "message": "Player averages 1.8 minutes; 10.0 are required for benchmarks.",
      "player_id": 827,
      "metric": "minutes_per_game"
    },
    {
      "code": "minimum_games_not_met",
      "message": "Player has 4 games; 15 are required for benchmarks.",
      "player_id": 827,
      "metric": "plus_minus_per_game"
    },
    {
      "code": "minimum_minutes_not_met",
      "message": "Player averages 1.8 minutes; 10.0 are required for benchmarks.",
      "player_id": 827,
      "metric": "plus_minus_per_game"
    },
    {
      "code": "minimum_games_not_met",
      "message": "Player has 4 games; 15 are required for benchmarks.",
      "player_id": 827,
      "metric": "true_shooting_percentage"
    },
    {
      "code": "minimum_minutes_not_met",
      "message": "Player averages 1.8 minutes; 10.0 are required for benchmarks.",
      "player_id": 827,
      "metric": "true_shooting_percentage"
    },
    {
      "code": "minimum_games_not_met",
      "message": "Player has 4 games; 15 are required for benchmarks.",
      "player_id": 827,
      "metric": "field_goal_percentage"
    },
    {
      "code": "minimum_minutes_not_met",
      "message": "Player averages 1.8 minutes; 10.0 are required for benchmarks.",
      "player_id": 827,
      "metric": "field_goal_percentage"
    },
    {
      "code": "minimum_games_not_met",
      "message": "Player has 4 games; 15 are required for benchmarks.",
      "player_id": 827,
      "metric": "three_point_percentage"
    },
    {
      "code": "minimum_minutes_not_met",
      "message": "Player averages 1.8 minutes; 10.0 are required for benchmarks.",
      "player_id": 827,
      "metric": "three_point_percentage"
    },
    {
      "code": "minimum_games_not_met",
      "message": "Player has 4 games; 15 are required for benchmarks.",
      "player_id": 827,
      "metric": "effective_field_goal_percentage"
    },
    {
      "code": "minimum_minutes_not_met",
      "message": "Player averages 1.8 minutes; 10.0 are required for benchmarks.",
      "player_id": 827,
      "metric": "effective_field_goal_percentage"
    },
    {
      "code": "minimum_games_not_met",
      "message": "Player has 4 games; 15 are required for benchmarks.",
      "player_id": 827,
      "metric": "steals_per_game"
    },
    {
      "code": "minimum_minutes_not_met",
      "message": "Player averages 1.8 minutes; 10.0 are required for benchmarks.",
      "player_id": 827,
      "metric": "steals_per_game"
    },
    {
      "code": "minimum_games_not_met",
      "message": "Player has 4 games; 15 are required for benchmarks.",
      "player_id": 827,
      "metric": "blocks_per_game"
    },
    {
      "code": "minimum_minutes_not_met",
      "message": "Player averages 1.8 minutes; 10.0 are required for benchmarks.",
      "player_id": 827,
      "metric": "blocks_per_game"
    },
    {
      "code": "minimum_games_not_met",
      "message": "Player has 4 games; 15 are required for benchmarks.",
      "player_id": 827,
      "metric": "turnovers_per_game"
    },
    {
      "code": "minimum_minutes_not_met",
      "message": "Player averages 1.8 minutes; 10.0 are required for benchmarks.",
      "player_id": 827,
      "metric": "turnovers_per_game"
    },
    {
      "code": "minimum_games_not_met",
      "message": "Player has 4 games; 15 are required for benchmarks.",
      "player_id": 827,
      "metric": "points_per_36"
    },
    {
      "code": "minimum_minutes_not_met",
      "message": "Player averages 1.8 minutes; 10.0 are required for benchmarks.",
      "player_id": 827,
      "metric": "points_per_36"
    },
    {
      "code": "minimum_games_not_met",
      "message": "Player has 4 games; 15 are required for benchmarks.",
      "player_id": 827,
      "metric": "rebounds_per_36"
    },
    {
      "code": "minimum_minutes_not_met",
      "message": "Player averages 1.8 minutes; 10.0 are required for benchmarks.",
      "player_id": 827,
      "metric": "rebounds_per_36"
    },
    {
      "code": "minimum_games_not_met",
      "message": "Player has 4 games; 15 are required for benchmarks.",
      "player_id": 827,
      "metric": "assists_per_36"
    },
    {
      "code": "minimum_minutes_not_met",
      "message": "Player averages 1.8 minutes; 10.0 are required for benchmarks.",
      "player_id": 827,
      "metric": "assists_per_36"
    },
    {
      "code": "minimum_games_not_met",
      "message": "Player has 4 games; 15 are required for benchmarks.",
      "player_id": 827,
      "metric": "turnovers_per_36"
    },
    {
      "code": "minimum_minutes_not_met",
      "message": "Player averages 1.8 minutes; 10.0 are required for benchmarks.",
      "player_id": 827,
      "metric": "turnovers_per_36"
    },
    {
      "code": "trend_small_sample",
      "message": "At least 10 games are required to compare recent five games to previous five.",
      "player_id": 827,
      "metric": null
    },
    {
      "code": "zero_shot_attempts",
      "message": "No field-goal attempts are available.",
      "player_id": 827,
      "metric": null
    },
    {
      "code": "incomplete_game_logs",
      "message": "Player has 4 logs across 82 stored team games.",
      "player_id": 827,
      "metric": null
    },
    {
      "code": "minimum_games_not_met",
      "message": "Player has 5 games; 15 are required for benchmarks.",
      "player_id": 828,
      "metric": "points_per_game"
    },
    {
      "code": "minimum_games_not_met",
      "message": "Player has 5 games; 15 are required for benchmarks.",
      "player_id": 828,
      "metric": "rebounds_per_game"
    },
    {
      "code": "minimum_games_not_met",
      "message": "Player has 5 games; 15 are required for benchmarks.",
      "player_id": 828,
      "metric": "assists_per_game"
    },
    {
      "code": "minimum_games_not_met",
      "message": "Player has 5 games; 15 are required for benchmarks.",
      "player_id": 828,
      "metric": "minutes_per_game"
    },
    {
      "code": "minimum_games_not_met",
      "message": "Player has 5 games; 15 are required for benchmarks.",
      "player_id": 828,
      "metric": "plus_minus_per_game"
    },
    {
      "code": "minimum_games_not_met",
      "message": "Player has 5 games; 15 are required for benchmarks.",
      "player_id": 828,
      "metric": "true_shooting_percentage"
    },
    {
      "code": "minimum_games_not_met",
      "message": "Player has 5 games; 15 are required for benchmarks.",
      "player_id": 828,
      "metric": "field_goal_percentage"
    },
    {
      "code": "minimum_games_not_met",
      "message": "Player has 5 games; 15 are required for benchmarks.",
      "player_id": 828,
      "metric": "three_point_percentage"
    },
    {
      "code": "minimum_games_not_met",
      "message": "Player has 5 games; 15 are required for benchmarks.",
      "player_id": 828,
      "metric": "effective_field_goal_percentage"
    },
    {
      "code": "minimum_games_not_met",
      "message": "Player has 5 games; 15 are required for benchmarks.",
      "player_id": 828,
      "metric": "steals_per_game"
    },
    {
      "code": "minimum_games_not_met",
      "message": "Player has 5 games; 15 are required for benchmarks.",
      "player_id": 828,
      "metric": "blocks_per_game"
    },
    {
      "code": "minimum_games_not_met",
      "message": "Player has 5 games; 15 are required for benchmarks.",
      "player_id": 828,
      "metric": "turnovers_per_game"
    },
    {
      "code": "minimum_games_not_met",
      "message": "Player has 5 games; 15 are required for benchmarks.",
      "player_id": 828,
      "metric": "points_per_36"
    },
    {
      "code": "minimum_games_not_met",
      "message": "Player has 5 games; 15 are required for benchmarks.",
      "player_id": 828,
      "metric": "rebounds_per_36"
    },
    {
      "code": "minimum_games_not_met",
      "message": "Player has 5 games; 15 are required for benchmarks.",
      "player_id": 828,
      "metric": "assists_per_36"
    },
    {
      "code": "minimum_games_not_met",
      "message": "Player has 5 games; 15 are required for benchmarks.",
      "player_id": 828,
      "metric": "turnovers_per_36"
    },
    {
      "code": "trend_small_sample",
      "message": "At least 10 games are required to compare recent five games to previous five.",
      "player_id": 828,
      "metric": null
    },
    {
      "code": "incomplete_game_logs",
      "message": "Player has 5 logs across 82 stored team games.",
      "player_id": 828,
      "metric": null
    },
    {
      "code": "minimum_games_not_met",
      "message": "Player has 12 games; 15 are required for benchmarks.",
      "player_id": 829,
      "metric": "points_per_game"
    },
    {
      "code": "minimum_minutes_not_met",
      "message": "Player averages 3.1 minutes; 10.0 are required for benchmarks.",
      "player_id": 829,
      "metric": "points_per_game"
    },
    {
      "code": "minimum_games_not_met",
      "message": "Player has 12 games; 15 are required for benchmarks.",
      "player_id": 829,
      "metric": "rebounds_per_game"
    },
    {
      "code": "minimum_minutes_not_met",
      "message": "Player averages 3.1 minutes; 10.0 are required for benchmarks.",
      "player_id": 829,
      "metric": "rebounds_per_game"
    },
    {
      "code": "minimum_games_not_met",
      "message": "Player has 12 games; 15 are required for benchmarks.",
      "player_id": 829,
      "metric": "assists_per_game"
    },
    {
      "code": "minimum_minutes_not_met",
      "message": "Player averages 3.1 minutes; 10.0 are required for benchmarks.",
      "player_id": 829,
      "metric": "assists_per_game"
    },
    {
      "code": "minimum_games_not_met",
      "message": "Player has 12 games; 15 are required for benchmarks.",
      "player_id": 829,
      "metric": "minutes_per_game"
    },
    {
      "code": "minimum_minutes_not_met",
      "message": "Player averages 3.1 minutes; 10.0 are required for benchmarks.",
      "player_id": 829,
      "metric": "minutes_per_game"
    },
    {
      "code": "minimum_games_not_met",
      "message": "Player has 12 games; 15 are required for benchmarks.",
      "player_id": 829,
      "metric": "plus_minus_per_game"
    },
    {
      "code": "minimum_minutes_not_met",
      "message": "Player averages 3.1 minutes; 10.0 are required for benchmarks.",
      "player_id": 829,
      "metric": "plus_minus_per_game"
    },
    {
      "code": "minimum_games_not_met",
      "message": "Player has 12 games; 15 are required for benchmarks.",
      "player_id": 829,
      "metric": "true_shooting_percentage"
    },
    {
      "code": "minimum_minutes_not_met",
      "message": "Player averages 3.1 minutes; 10.0 are required for benchmarks.",
      "player_id": 829,
      "metric": "true_shooting_percentage"
    },
    {
      "code": "minimum_games_not_met",
      "message": "Player has 12 games; 15 are required for benchmarks.",
      "player_id": 829,
      "metric": "field_goal_percentage"
    },
    {
      "code": "minimum_minutes_not_met",
      "message": "Player averages 3.1 minutes; 10.0 are required for benchmarks.",
      "player_id": 829,
      "metric": "field_goal_percentage"
    },
    {
      "code": "minimum_games_not_met",
      "message": "Player has 12 games; 15 are required for benchmarks.",
      "player_id": 829,
      "metric": "three_point_percentage"
    },
    {
      "code": "minimum_minutes_not_met",
      "message": "Player averages 3.1 minutes; 10.0 are required for benchmarks.",
      "player_id": 829,
      "metric": "three_point_percentage"
    },
    {
      "code": "minimum_games_not_met",
      "message": "Player has 12 games; 15 are required for benchmarks.",
      "player_id": 829,
      "metric": "effective_field_goal_percentage"
    },
    {
      "code": "minimum_minutes_not_met",
      "message": "Player averages 3.1 minutes; 10.0 are required for benchmarks.",
      "player_id": 829,
      "metric": "effective_field_goal_percentage"
    },
    {
      "code": "minimum_games_not_met",
      "message": "Player has 12 games; 15 are required for benchmarks.",
      "player_id": 829,
      "metric": "steals_per_game"
    },
    {
      "code": "minimum_minutes_not_met",
      "message": "Player averages 3.1 minutes; 10.0 are required for benchmarks.",
      "player_id": 829,
      "metric": "steals_per_game"
    },
    {
      "code": "minimum_games_not_met",
      "message": "Player has 12 games; 15 are required for benchmarks.",
      "player_id": 829,
      "metric": "blocks_per_game"
    },
    {
      "code": "minimum_minutes_not_met",
      "message": "Player averages 3.1 minutes; 10.0 are required for benchmarks.",
      "player_id": 829,
      "metric": "blocks_per_game"
    },
    {
      "code": "minimum_games_not_met",
      "message": "Player has 12 games; 15 are required for benchmarks.",
      "player_id": 829,
      "metric": "turnovers_per_game"
    },
    {
      "code": "minimum_minutes_not_met",
      "message": "Player averages 3.1 minutes; 10.0 are required for benchmarks.",
      "player_id": 829,
      "metric": "turnovers_per_game"
    },
    {
      "code": "minimum_games_not_met",
      "message": "Player has 12 games; 15 are required for benchmarks.",
      "player_id": 829,
      "metric": "points_per_36"
    },
    {
      "code": "minimum_minutes_not_met",
      "message": "Player averages 3.1 minutes; 10.0 are required for benchmarks.",
      "player_id": 829,
      "metric": "points_per_36"
    },
    {
      "code": "minimum_games_not_met",
      "message": "Player has 12 games; 15 are required for benchmarks.",
      "player_id": 829,
      "metric": "rebounds_per_36"
    },
    {
      "code": "minimum_minutes_not_met",
      "message": "Player averages 3.1 minutes; 10.0 are required for benchmarks.",
      "player_id": 829,
      "metric": "rebounds_per_36"
    },
    {
      "code": "minimum_games_not_met",
      "message": "Player has 12 games; 15 are required for benchmarks.",
      "player_id": 829,
      "metric": "assists_per_36"
    },
    {
      "code": "minimum_minutes_not_met",
      "message": "Player averages 3.1 minutes; 10.0 are required for benchmarks.",
      "player_id": 829,
      "metric": "assists_per_36"
    },
    {
      "code": "minimum_games_not_met",
      "message": "Player has 12 games; 15 are required for benchmarks.",
      "player_id": 829,
      "metric": "turnovers_per_36"
    },
    {
      "code": "minimum_minutes_not_met",
      "message": "Player averages 3.1 minutes; 10.0 are required for benchmarks.",
      "player_id": 829,
      "metric": "turnovers_per_36"
    },
    {
      "code": "incomplete_game_logs",
      "message": "Player has 12 logs across 82 stored team games.",
      "player_id": 829,
      "metric": null
    },
    {
      "code": "traded_mid_season",
      "message": "Player represented multiple teams.",
      "player_id": 830,
      "metric": null
    },
    {
      "code": "incomplete_game_logs",
      "message": "Player has 60 logs across 82 stored team games.",
      "player_id": 830,
      "metric": null
    },
    {
      "code": "minimum_games_not_met",
      "message": "Player has 14 games; 15 are required for benchmarks.",
      "player_id": 831,
      "metric": "points_per_game"
    },
    {
      "code": "minimum_games_not_met",
      "message": "Player has 14 games; 15 are required for benchmarks.",
      "player_id": 831,
      "metric": "rebounds_per_game"
    },
    {
      "code": "minimum_games_not_met",
      "message": "Player has 14 games; 15 are required for benchmarks.",
      "player_id": 831,
      "metric": "assists_per_game"
    },
    {
      "code": "minimum_games_not_met",
      "message": "Player has 14 games; 15 are required for benchmarks.",
      "player_id": 831,
      "metric": "minutes_per_game"
    },
    {
      "code": "minimum_games_not_met",
      "message": "Player has 14 games; 15 are required for benchmarks.",
      "player_id": 831,
      "metric": "plus_minus_per_game"
    },
    {
      "code": "minimum_games_not_met",
      "message": "Player has 14 games; 15 are required for benchmarks.",
      "player_id": 831,
      "metric": "true_shooting_percentage"
    },
    {
      "code": "minimum_games_not_met",
      "message": "Player has 14 games; 15 are required for benchmarks.",
      "player_id": 831,
      "metric": "field_goal_percentage"
    },
    {
      "code": "minimum_games_not_met",
      "message": "Player has 14 games; 15 are required for benchmarks.",
      "player_id": 831,
      "metric": "three_point_percentage"
    },
    {
      "code": "minimum_games_not_met",
      "message": "Player has 14 games; 15 are required for benchmarks.",
      "player_id": 831,
      "metric": "effective_field_goal_percentage"
    },
    {
      "code": "minimum_games_not_met",
      "message": "Player has 14 games; 15 are required for benchmarks.",
      "player_id": 831,
      "metric": "steals_per_game"
    },
    {
      "code": "minimum_games_not_met",
      "message": "Player has 14 games; 15 are required for benchmarks.",
      "player_id": 831,
      "metric": "blocks_per_game"
    },
    {
      "code": "minimum_games_not_met",
      "message": "Player has 14 games; 15 are required for benchmarks.",
      "player_id": 831,
      "metric": "turnovers_per_game"
    },
    {
      "code": "minimum_games_not_met",
      "message": "Player has 14 games; 15 are required for benchmarks.",
      "player_id": 831,
      "metric": "points_per_36"
    },
    {
      "code": "minimum_games_not_met",
      "message": "Player has 14 games; 15 are required for benchmarks.",
      "player_id": 831,
      "metric": "rebounds_per_36"
    },
    {
      "code": "minimum_games_not_met",
      "message": "Player has 14 games; 15 are required for benchmarks.",
      "player_id": 831,
      "metric": "assists_per_36"
    },
    {
      "code": "minimum_games_not_met",
      "message": "Player has 14 games; 15 are required for benchmarks.",
      "player_id": 831,
      "metric": "turnovers_per_36"
    },
    {
      "code": "traded_mid_season",
      "message": "Player represented multiple teams.",
      "player_id": 831,
      "metric": null
    },
    {
      "code": "incomplete_game_logs",
      "message": "Player has 14 logs across 82 stored team games.",
      "player_id": 831,
      "metric": null
    },
    {
      "code": "traded_mid_season",
      "message": "Player represented multiple teams.",
      "player_id": 832,
      "metric": null
    },
    {
      "code": "incomplete_game_logs",
      "message": "Player has 16 logs across 82 stored team games.",
      "player_id": 832,
      "metric": null
    },
    {
      "code": "minimum_games_not_met",
      "message": "Player has 8 games; 15 are required for benchmarks.",
      "player_id": 833,
      "metric": "points_per_game"
    },
    {
      "code": "minimum_games_not_met",
      "message": "Player has 8 games; 15 are required for benchmarks.",
      "player_id": 833,
      "metric": "rebounds_per_game"
    },
    {
      "code": "minimum_games_not_met",
      "message": "Player has 8 games; 15 are required for benchmarks.",
      "player_id": 833,
      "metric": "assists_per_game"
    },
    {
      "code": "minimum_games_not_met",
      "message": "Player has 8 games; 15 are required for benchmarks.",
      "player_id": 833,
      "metric": "minutes_per_game"
    },
    {
      "code": "minimum_games_not_met",
      "message": "Player has 8 games; 15 are required for benchmarks.",
      "player_id": 833,
      "metric": "plus_minus_per_game"
    },
    {
      "code": "minimum_games_not_met",
      "message": "Player has 8 games; 15 are required for benchmarks.",
      "player_id": 833,
      "metric": "true_shooting_percentage"
    },
    {
      "code": "minimum_games_not_met",
      "message": "Player has 8 games; 15 are required for benchmarks.",
      "player_id": 833,
      "metric": "field_goal_percentage"
    },
    {
      "code": "minimum_games_not_met",
      "message": "Player has 8 games; 15 are required for benchmarks.",
      "player_id": 833,
      "metric": "three_point_percentage"
    },
    {
      "code": "minimum_games_not_met",
      "message": "Player has 8 games; 15 are required for benchmarks.",
      "player_id": 833,
      "metric": "effective_field_goal_percentage"
    },
    {
      "code": "minimum_games_not_met",
      "message": "Player has 8 games; 15 are required for benchmarks.",
      "player_id": 833,
      "metric": "steals_per_game"
    },
    {
      "code": "minimum_games_not_met",
      "message": "Player has 8 games; 15 are required for benchmarks.",
      "player_id": 833,
      "metric": "blocks_per_game"
    },
    {
      "code": "minimum_games_not_met",
      "message": "Player has 8 games; 15 are required for benchmarks.",
      "player_id": 833,
      "metric": "turnovers_per_game"
    },
    {
      "code": "minimum_games_not_met",
      "message": "Player has 8 games; 15 are required for benchmarks.",
      "player_id": 833,
      "metric": "points_per_36"
    },
    {
      "code": "minimum_games_not_met",
      "message": "Player has 8 games; 15 are required for benchmarks.",
      "player_id": 833,
      "metric": "rebounds_per_36"
    },
    {
      "code": "minimum_games_not_met",
      "message": "Player has 8 games; 15 are required for benchmarks.",
      "player_id": 833,
      "metric": "assists_per_36"
    },
    {
      "code": "minimum_games_not_met",
      "message": "Player has 8 games; 15 are required for benchmarks.",
      "player_id": 833,
      "metric": "turnovers_per_36"
    },
    {
      "code": "trend_small_sample",
      "message": "At least 10 games are required to compare recent five games to previous five.",
      "player_id": 833,
      "metric": null
    },
    {
      "code": "incomplete_game_logs",
      "message": "Player has 8 logs across 82 stored team games.",
      "player_id": 833,
      "metric": null
    },
    {
      "code": "minimum_games_not_met",
      "message": "Player has 6 games; 15 are required for benchmarks.",
      "player_id": 834,
      "metric": "points_per_game"
    },
    {
      "code": "minimum_games_not_met",
      "message": "Player has 6 games; 15 are required for benchmarks.",
      "player_id": 834,
      "metric": "rebounds_per_game"
    },
    {
      "code": "minimum_games_not_met",
      "message": "Player has 6 games; 15 are required for benchmarks.",
      "player_id": 834,
      "metric": "assists_per_game"
    },
    {
      "code": "minimum_games_not_met",
      "message": "Player has 6 games; 15 are required for benchmarks.",
      "player_id": 834,
      "metric": "minutes_per_game"
    },
    {
      "code": "minimum_games_not_met",
      "message": "Player has 6 games; 15 are required for benchmarks.",
      "player_id": 834,
      "metric": "plus_minus_per_game"
    },
    {
      "code": "minimum_games_not_met",
      "message": "Player has 6 games; 15 are required for benchmarks.",
      "player_id": 834,
      "metric": "true_shooting_percentage"
    },
    {
      "code": "minimum_games_not_met",
      "message": "Player has 6 games; 15 are required for benchmarks.",
      "player_id": 834,
      "metric": "field_goal_percentage"
    },
    {
      "code": "minimum_games_not_met",
      "message": "Player has 6 games; 15 are required for benchmarks.",
      "player_id": 834,
      "metric": "three_point_percentage"
    },
    {
      "code": "minimum_games_not_met",
      "message": "Player has 6 games; 15 are required for benchmarks.",
      "player_id": 834,
      "metric": "effective_field_goal_percentage"
    },
    {
      "code": "minimum_games_not_met",
      "message": "Player has 6 games; 15 are required for benchmarks.",
      "player_id": 834,
      "metric": "steals_per_game"
    },
    {
      "code": "minimum_games_not_met",
      "message": "Player has 6 games; 15 are required for benchmarks.",
      "player_id": 834,
      "metric": "blocks_per_game"
    },
    {
      "code": "minimum_games_not_met",
      "message": "Player has 6 games; 15 are required for benchmarks.",
      "player_id": 834,
      "metric": "turnovers_per_game"
    },
    {
      "code": "minimum_games_not_met",
      "message": "Player has 6 games; 15 are required for benchmarks.",
      "player_id": 834,
      "metric": "points_per_36"
    },
    {
      "code": "minimum_games_not_met",
      "message": "Player has 6 games; 15 are required for benchmarks.",
      "player_id": 834,
      "metric": "rebounds_per_36"
    },
    {
      "code": "minimum_games_not_met",
      "message": "Player has 6 games; 15 are required for benchmarks.",
      "player_id": 834,
      "metric": "assists_per_36"
    },
    {
      "code": "minimum_games_not_met",
      "message": "Player has 6 games; 15 are required for benchmarks.",
      "player_id": 834,
      "metric": "turnovers_per_36"
    },
    {
      "code": "trend_small_sample",
      "message": "At least 10 games are required to compare recent five games to previous five.",
      "player_id": 834,
      "metric": null
    },
    {
      "code": "incomplete_game_logs",
      "message": "Player has 6 logs across 82 stored team games.",
      "player_id": 834,
      "metric": null
    },
    {
      "code": "minimum_minutes_not_met",
      "message": "Player averages 3.6 minutes; 10.0 are required for benchmarks.",
      "player_id": 835,
      "metric": "points_per_game"
    },
    {
      "code": "minimum_minutes_not_met",
      "message": "Player averages 3.6 minutes; 10.0 are required for benchmarks.",
      "player_id": 835,
      "metric": "rebounds_per_game"
    },
    {
      "code": "minimum_minutes_not_met",
      "message": "Player averages 3.6 minutes; 10.0 are required for benchmarks.",
      "player_id": 835,
      "metric": "assists_per_game"
    },
    {
      "code": "minimum_minutes_not_met",
      "message": "Player averages 3.6 minutes; 10.0 are required for benchmarks.",
      "player_id": 835,
      "metric": "minutes_per_game"
    },
    {
      "code": "minimum_minutes_not_met",
      "message": "Player averages 3.6 minutes; 10.0 are required for benchmarks.",
      "player_id": 835,
      "metric": "plus_minus_per_game"
    },
    {
      "code": "minimum_minutes_not_met",
      "message": "Player averages 3.6 minutes; 10.0 are required for benchmarks.",
      "player_id": 835,
      "metric": "true_shooting_percentage"
    },
    {
      "code": "minimum_minutes_not_met",
      "message": "Player averages 3.6 minutes; 10.0 are required for benchmarks.",
      "player_id": 835,
      "metric": "field_goal_percentage"
    },
    {
      "code": "minimum_minutes_not_met",
      "message": "Player averages 3.6 minutes; 10.0 are required for benchmarks.",
      "player_id": 835,
      "metric": "three_point_percentage"
    },
    {
      "code": "minimum_minutes_not_met",
      "message": "Player averages 3.6 minutes; 10.0 are required for benchmarks.",
      "player_id": 835,
      "metric": "effective_field_goal_percentage"
    },
    {
      "code": "minimum_minutes_not_met",
      "message": "Player averages 3.6 minutes; 10.0 are required for benchmarks.",
      "player_id": 835,
      "metric": "steals_per_game"
    },
    {
      "code": "minimum_minutes_not_met",
      "message": "Player averages 3.6 minutes; 10.0 are required for benchmarks.",
      "player_id": 835,
      "metric": "blocks_per_game"
    },
    {
      "code": "minimum_minutes_not_met",
      "message": "Player averages 3.6 minutes; 10.0 are required for benchmarks.",
      "player_id": 835,
      "metric": "turnovers_per_game"
    },
    {
      "code": "minimum_minutes_not_met",
      "message": "Player averages 3.6 minutes; 10.0 are required for benchmarks.",
      "player_id": 835,
      "metric": "points_per_36"
    },
    {
      "code": "minimum_minutes_not_met",
      "message": "Player averages 3.6 minutes; 10.0 are required for benchmarks.",
      "player_id": 835,
      "metric": "rebounds_per_36"
    },
    {
      "code": "minimum_minutes_not_met",
      "message": "Player averages 3.6 minutes; 10.0 are required for benchmarks.",
      "player_id": 835,
      "metric": "assists_per_36"
    },
    {
      "code": "minimum_minutes_not_met",
      "message": "Player averages 3.6 minutes; 10.0 are required for benchmarks.",
      "player_id": 835,
      "metric": "turnovers_per_36"
    },
    {
      "code": "incomplete_game_logs",
      "message": "Player has 16 logs across 82 stored team games.",
      "player_id": 835,
      "metric": null
    },
    {
      "code": "incomplete_game_logs",
      "message": "Player has 41 logs across 82 stored team games.",
      "player_id": 836,
      "metric": null
    },
    {
      "code": "minimum_games_not_met",
      "message": "Player has 2 games; 15 are required for benchmarks.",
      "player_id": 837,
      "metric": "points_per_game"
    },
    {
      "code": "minimum_minutes_not_met",
      "message": "Player averages 2.5 minutes; 10.0 are required for benchmarks.",
      "player_id": 837,
      "metric": "points_per_game"
    },
    {
      "code": "minimum_games_not_met",
      "message": "Player has 2 games; 15 are required for benchmarks.",
      "player_id": 837,
      "metric": "rebounds_per_game"
    },
    {
      "code": "minimum_minutes_not_met",
      "message": "Player averages 2.5 minutes; 10.0 are required for benchmarks.",
      "player_id": 837,
      "metric": "rebounds_per_game"
    },
    {
      "code": "minimum_games_not_met",
      "message": "Player has 2 games; 15 are required for benchmarks.",
      "player_id": 837,
      "metric": "assists_per_game"
    },
    {
      "code": "minimum_minutes_not_met",
      "message": "Player averages 2.5 minutes; 10.0 are required for benchmarks.",
      "player_id": 837,
      "metric": "assists_per_game"
    },
    {
      "code": "minimum_games_not_met",
      "message": "Player has 2 games; 15 are required for benchmarks.",
      "player_id": 837,
      "metric": "minutes_per_game"
    },
    {
      "code": "minimum_minutes_not_met",
      "message": "Player averages 2.5 minutes; 10.0 are required for benchmarks.",
      "player_id": 837,
      "metric": "minutes_per_game"
    },
    {
      "code": "minimum_games_not_met",
      "message": "Player has 2 games; 15 are required for benchmarks.",
      "player_id": 837,
      "metric": "plus_minus_per_game"
    },
    {
      "code": "minimum_minutes_not_met",
      "message": "Player averages 2.5 minutes; 10.0 are required for benchmarks.",
      "player_id": 837,
      "metric": "plus_minus_per_game"
    },
    {
      "code": "minimum_games_not_met",
      "message": "Player has 2 games; 15 are required for benchmarks.",
      "player_id": 837,
      "metric": "true_shooting_percentage"
    },
    {
      "code": "minimum_minutes_not_met",
      "message": "Player averages 2.5 minutes; 10.0 are required for benchmarks.",
      "player_id": 837,
      "metric": "true_shooting_percentage"
    },
    {
      "code": "minimum_games_not_met",
      "message": "Player has 2 games; 15 are required for benchmarks.",
      "player_id": 837,
      "metric": "field_goal_percentage"
    },
    {
      "code": "minimum_minutes_not_met",
      "message": "Player averages 2.5 minutes; 10.0 are required for benchmarks.",
      "player_id": 837,
      "metric": "field_goal_percentage"
    },
    {
      "code": "minimum_games_not_met",
      "message": "Player has 2 games; 15 are required for benchmarks.",
      "player_id": 837,
      "metric": "three_point_percentage"
    },
    {
      "code": "minimum_minutes_not_met",
      "message": "Player averages 2.5 minutes; 10.0 are required for benchmarks.",
      "player_id": 837,
      "metric": "three_point_percentage"
    },
    {
      "code": "minimum_games_not_met",
      "message": "Player has 2 games; 15 are required for benchmarks.",
      "player_id": 837,
      "metric": "effective_field_goal_percentage"
    },
    {
      "code": "minimum_minutes_not_met",
      "message": "Player averages 2.5 minutes; 10.0 are required for benchmarks.",
      "player_id": 837,
      "metric": "effective_field_goal_percentage"
    },
    {
      "code": "minimum_games_not_met",
      "message": "Player has 2 games; 15 are required for benchmarks.",
      "player_id": 837,
      "metric": "steals_per_game"
    },
    {
      "code": "minimum_minutes_not_met",
      "message": "Player averages 2.5 minutes; 10.0 are required for benchmarks.",
      "player_id": 837,
      "metric": "steals_per_game"
    },
    {
      "code": "minimum_games_not_met",
      "message": "Player has 2 games; 15 are required for benchmarks.",
      "player_id": 837,
      "metric": "blocks_per_game"
    },
    {
      "code": "minimum_minutes_not_met",
      "message": "Player averages 2.5 minutes; 10.0 are required for benchmarks.",
      "player_id": 837,
      "metric": "blocks_per_game"
    },
    {
      "code": "minimum_games_not_met",
      "message": "Player has 2 games; 15 are required for benchmarks.",
      "player_id": 837,
      "metric": "turnovers_per_game"
    },
    {
      "code": "minimum_minutes_not_met",
      "message": "Player averages 2.5 minutes; 10.0 are required for benchmarks.",
      "player_id": 837,
      "metric": "turnovers_per_game"
    },
    {
      "code": "minimum_games_not_met",
      "message": "Player has 2 games; 15 are required for benchmarks.",
      "player_id": 837,
      "metric": "points_per_36"
    },
    {
      "code": "minimum_minutes_not_met",
      "message": "Player averages 2.5 minutes; 10.0 are required for benchmarks.",
      "player_id": 837,
      "metric": "points_per_36"
    },
    {
      "code": "minimum_games_not_met",
      "message": "Player has 2 games; 15 are required for benchmarks.",
      "player_id": 837,
      "metric": "rebounds_per_36"
    },
    {
      "code": "minimum_minutes_not_met",
      "message": "Player averages 2.5 minutes; 10.0 are required for benchmarks.",
      "player_id": 837,
      "metric": "rebounds_per_36"
    },
    {
      "code": "minimum_games_not_met",
      "message": "Player has 2 games; 15 are required for benchmarks.",
      "player_id": 837,
      "metric": "assists_per_36"
    },
    {
      "code": "minimum_minutes_not_met",
      "message": "Player averages 2.5 minutes; 10.0 are required for benchmarks.",
      "player_id": 837,
      "metric": "assists_per_36"
    },
    {
      "code": "minimum_games_not_met",
      "message": "Player has 2 games; 15 are required for benchmarks.",
      "player_id": 837,
      "metric": "turnovers_per_36"
    },
    {
      "code": "minimum_minutes_not_met",
      "message": "Player averages 2.5 minutes; 10.0 are required for benchmarks.",
      "player_id": 837,
      "metric": "turnovers_per_36"
    },
    {
      "code": "trend_small_sample",
      "message": "At least 10 games are required to compare recent five games to previous five.",
      "player_id": 837,
      "metric": null
    },
    {
      "code": "zero_shot_attempts",
      "message": "No field-goal attempts are available.",
      "player_id": 837,
      "metric": null
    },
    {
      "code": "incomplete_game_logs",
      "message": "Player has 2 logs across 82 stored team games.",
      "player_id": 837,
      "metric": null
    },
    {
      "code": "minimum_minutes_not_met",
      "message": "Player averages 7.1 minutes; 10.0 are required for benchmarks.",
      "player_id": 838,
      "metric": "points_per_game"
    },
    {
      "code": "minimum_minutes_not_met",
      "message": "Player averages 7.1 minutes; 10.0 are required for benchmarks.",
      "player_id": 838,
      "metric": "rebounds_per_game"
    },
    {
      "code": "minimum_minutes_not_met",
      "message": "Player averages 7.1 minutes; 10.0 are required for benchmarks.",
      "player_id": 838,
      "metric": "assists_per_game"
    },
    {
      "code": "minimum_minutes_not_met",
      "message": "Player averages 7.1 minutes; 10.0 are required for benchmarks.",
      "player_id": 838,
      "metric": "minutes_per_game"
    },
    {
      "code": "minimum_minutes_not_met",
      "message": "Player averages 7.1 minutes; 10.0 are required for benchmarks.",
      "player_id": 838,
      "metric": "plus_minus_per_game"
    },
    {
      "code": "minimum_minutes_not_met",
      "message": "Player averages 7.1 minutes; 10.0 are required for benchmarks.",
      "player_id": 838,
      "metric": "true_shooting_percentage"
    },
    {
      "code": "minimum_minutes_not_met",
      "message": "Player averages 7.1 minutes; 10.0 are required for benchmarks.",
      "player_id": 838,
      "metric": "field_goal_percentage"
    },
    {
      "code": "minimum_minutes_not_met",
      "message": "Player averages 7.1 minutes; 10.0 are required for benchmarks.",
      "player_id": 838,
      "metric": "three_point_percentage"
    },
    {
      "code": "minimum_minutes_not_met",
      "message": "Player averages 7.1 minutes; 10.0 are required for benchmarks.",
      "player_id": 838,
      "metric": "effective_field_goal_percentage"
    },
    {
      "code": "minimum_minutes_not_met",
      "message": "Player averages 7.1 minutes; 10.0 are required for benchmarks.",
      "player_id": 838,
      "metric": "steals_per_game"
    },
    {
      "code": "minimum_minutes_not_met",
      "message": "Player averages 7.1 minutes; 10.0 are required for benchmarks.",
      "player_id": 838,
      "metric": "blocks_per_game"
    },
    {
      "code": "minimum_minutes_not_met",
      "message": "Player averages 7.1 minutes; 10.0 are required for benchmarks.",
      "player_id": 838,
      "metric": "turnovers_per_game"
    },
    {
      "code": "minimum_minutes_not_met",
      "message": "Player averages 7.1 minutes; 10.0 are required for benchmarks.",
      "player_id": 838,
      "metric": "points_per_36"
    },
    {
      "code": "minimum_minutes_not_met",
      "message": "Player averages 7.1 minutes; 10.0 are required for benchmarks.",
      "player_id": 838,
      "metric": "rebounds_per_36"
    },
    {
      "code": "minimum_minutes_not_met",
      "message": "Player averages 7.1 minutes; 10.0 are required for benchmarks.",
      "player_id": 838,
      "metric": "assists_per_36"
    },
    {
      "code": "minimum_minutes_not_met",
      "message": "Player averages 7.1 minutes; 10.0 are required for benchmarks.",
      "player_id": 838,
      "metric": "turnovers_per_36"
    },
    {
      "code": "incomplete_game_logs",
      "message": "Player has 34 logs across 82 stored team games.",
      "player_id": 838,
      "metric": null
    },
    {
      "code": "minimum_games_not_met",
      "message": "Player has 14 games; 15 are required for benchmarks.",
      "player_id": 839,
      "metric": "points_per_game"
    },
    {
      "code": "minimum_minutes_not_met",
      "message": "Player averages 5.0 minutes; 10.0 are required for benchmarks.",
      "player_id": 839,
      "metric": "points_per_game"
    },
    {
      "code": "minimum_games_not_met",
      "message": "Player has 14 games; 15 are required for benchmarks.",
      "player_id": 839,
      "metric": "rebounds_per_game"
    },
    {
      "code": "minimum_minutes_not_met",
      "message": "Player averages 5.0 minutes; 10.0 are required for benchmarks.",
      "player_id": 839,
      "metric": "rebounds_per_game"
    },
    {
      "code": "minimum_games_not_met",
      "message": "Player has 14 games; 15 are required for benchmarks.",
      "player_id": 839,
      "metric": "assists_per_game"
    },
    {
      "code": "minimum_minutes_not_met",
      "message": "Player averages 5.0 minutes; 10.0 are required for benchmarks.",
      "player_id": 839,
      "metric": "assists_per_game"
    },
    {
      "code": "minimum_games_not_met",
      "message": "Player has 14 games; 15 are required for benchmarks.",
      "player_id": 839,
      "metric": "minutes_per_game"
    },
    {
      "code": "minimum_minutes_not_met",
      "message": "Player averages 5.0 minutes; 10.0 are required for benchmarks.",
      "player_id": 839,
      "metric": "minutes_per_game"
    },
    {
      "code": "minimum_games_not_met",
      "message": "Player has 14 games; 15 are required for benchmarks.",
      "player_id": 839,
      "metric": "plus_minus_per_game"
    },
    {
      "code": "minimum_minutes_not_met",
      "message": "Player averages 5.0 minutes; 10.0 are required for benchmarks.",
      "player_id": 839,
      "metric": "plus_minus_per_game"
    },
    {
      "code": "minimum_games_not_met",
      "message": "Player has 14 games; 15 are required for benchmarks.",
      "player_id": 839,
      "metric": "true_shooting_percentage"
    },
    {
      "code": "minimum_minutes_not_met",
      "message": "Player averages 5.0 minutes; 10.0 are required for benchmarks.",
      "player_id": 839,
      "metric": "true_shooting_percentage"
    },
    {
      "code": "minimum_games_not_met",
      "message": "Player has 14 games; 15 are required for benchmarks.",
      "player_id": 839,
      "metric": "field_goal_percentage"
    },
    {
      "code": "minimum_minutes_not_met",
      "message": "Player averages 5.0 minutes; 10.0 are required for benchmarks.",
      "player_id": 839,
      "metric": "field_goal_percentage"
    },
    {
      "code": "minimum_games_not_met",
      "message": "Player has 14 games; 15 are required for benchmarks.",
      "player_id": 839,
      "metric": "three_point_percentage"
    },
    {
      "code": "minimum_minutes_not_met",
      "message": "Player averages 5.0 minutes; 10.0 are required for benchmarks.",
      "player_id": 839,
      "metric": "three_point_percentage"
    },
    {
      "code": "minimum_games_not_met",
      "message": "Player has 14 games; 15 are required for benchmarks.",
      "player_id": 839,
      "metric": "effective_field_goal_percentage"
    },
    {
      "code": "minimum_minutes_not_met",
      "message": "Player averages 5.0 minutes; 10.0 are required for benchmarks.",
      "player_id": 839,
      "metric": "effective_field_goal_percentage"
    },
    {
      "code": "minimum_games_not_met",
      "message": "Player has 14 games; 15 are required for benchmarks.",
      "player_id": 839,
      "metric": "steals_per_game"
    },
    {
      "code": "minimum_minutes_not_met",
      "message": "Player averages 5.0 minutes; 10.0 are required for benchmarks.",
      "player_id": 839,
      "metric": "steals_per_game"
    },
    {
      "code": "minimum_games_not_met",
      "message": "Player has 14 games; 15 are required for benchmarks.",
      "player_id": 839,
      "metric": "blocks_per_game"
    },
    {
      "code": "minimum_minutes_not_met",
      "message": "Player averages 5.0 minutes; 10.0 are required for benchmarks.",
      "player_id": 839,
      "metric": "blocks_per_game"
    },
    {
      "code": "minimum_games_not_met",
      "message": "Player has 14 games; 15 are required for benchmarks.",
      "player_id": 839,
      "metric": "turnovers_per_game"
    },
    {
      "code": "minimum_minutes_not_met",
      "message": "Player averages 5.0 minutes; 10.0 are required for benchmarks.",
      "player_id": 839,
      "metric": "turnovers_per_game"
    },
    {
      "code": "minimum_games_not_met",
      "message": "Player has 14 games; 15 are required for benchmarks.",
      "player_id": 839,
      "metric": "points_per_36"
    },
    {
      "code": "minimum_minutes_not_met",
      "message": "Player averages 5.0 minutes; 10.0 are required for benchmarks.",
      "player_id": 839,
      "metric": "points_per_36"
    },
    {
      "code": "minimum_games_not_met",
      "message": "Player has 14 games; 15 are required for benchmarks.",
      "player_id": 839,
      "metric": "rebounds_per_36"
    },
    {
      "code": "minimum_minutes_not_met",
      "message": "Player averages 5.0 minutes; 10.0 are required for benchmarks.",
      "player_id": 839,
      "metric": "rebounds_per_36"
    },
    {
      "code": "minimum_games_not_met",
      "message": "Player has 14 games; 15 are required for benchmarks.",
      "player_id": 839,
      "metric": "assists_per_36"
    },
    {
      "code": "minimum_minutes_not_met",
      "message": "Player averages 5.0 minutes; 10.0 are required for benchmarks.",
      "player_id": 839,
      "metric": "assists_per_36"
    },
    {
      "code": "minimum_games_not_met",
      "message": "Player has 14 games; 15 are required for benchmarks.",
      "player_id": 839,
      "metric": "turnovers_per_36"
    },
    {
      "code": "minimum_minutes_not_met",
      "message": "Player averages 5.0 minutes; 10.0 are required for benchmarks.",
      "player_id": 839,
      "metric": "turnovers_per_36"
    },
    {
      "code": "incomplete_game_logs",
      "message": "Player has 14 logs across 82 stored team games.",
      "player_id": 839,
      "metric": null
    },
    {
      "code": "minimum_games_not_met",
      "message": "Player has 8 games; 15 are required for benchmarks.",
      "player_id": 840,
      "metric": "points_per_game"
    },
    {
      "code": "minimum_games_not_met",
      "message": "Player has 8 games; 15 are required for benchmarks.",
      "player_id": 840,
      "metric": "rebounds_per_game"
    },
    {
      "code": "minimum_games_not_met",
      "message": "Player has 8 games; 15 are required for benchmarks.",
      "player_id": 840,
      "metric": "assists_per_game"
    },
    {
      "code": "minimum_games_not_met",
      "message": "Player has 8 games; 15 are required for benchmarks.",
      "player_id": 840,
      "metric": "minutes_per_game"
    },
    {
      "code": "minimum_games_not_met",
      "message": "Player has 8 games; 15 are required for benchmarks.",
      "player_id": 840,
      "metric": "plus_minus_per_game"
    },
    {
      "code": "minimum_games_not_met",
      "message": "Player has 8 games; 15 are required for benchmarks.",
      "player_id": 840,
      "metric": "true_shooting_percentage"
    },
    {
      "code": "minimum_games_not_met",
      "message": "Player has 8 games; 15 are required for benchmarks.",
      "player_id": 840,
      "metric": "field_goal_percentage"
    },
    {
      "code": "minimum_games_not_met",
      "message": "Player has 8 games; 15 are required for benchmarks.",
      "player_id": 840,
      "metric": "three_point_percentage"
    },
    {
      "code": "minimum_games_not_met",
      "message": "Player has 8 games; 15 are required for benchmarks.",
      "player_id": 840,
      "metric": "effective_field_goal_percentage"
    },
    {
      "code": "minimum_games_not_met",
      "message": "Player has 8 games; 15 are required for benchmarks.",
      "player_id": 840,
      "metric": "steals_per_game"
    },
    {
      "code": "minimum_games_not_met",
      "message": "Player has 8 games; 15 are required for benchmarks.",
      "player_id": 840,
      "metric": "blocks_per_game"
    },
    {
      "code": "minimum_games_not_met",
      "message": "Player has 8 games; 15 are required for benchmarks.",
      "player_id": 840,
      "metric": "turnovers_per_game"
    },
    {
      "code": "minimum_games_not_met",
      "message": "Player has 8 games; 15 are required for benchmarks.",
      "player_id": 840,
      "metric": "points_per_36"
    },
    {
      "code": "minimum_games_not_met",
      "message": "Player has 8 games; 15 are required for benchmarks.",
      "player_id": 840,
      "metric": "rebounds_per_36"
    },
    {
      "code": "minimum_games_not_met",
      "message": "Player has 8 games; 15 are required for benchmarks.",
      "player_id": 840,
      "metric": "assists_per_36"
    },
    {
      "code": "minimum_games_not_met",
      "message": "Player has 8 games; 15 are required for benchmarks.",
      "player_id": 840,
      "metric": "turnovers_per_36"
    },
    {
      "code": "trend_small_sample",
      "message": "At least 10 games are required to compare recent five games to previous five.",
      "player_id": 840,
      "metric": null
    },
    {
      "code": "incomplete_game_logs",
      "message": "Player has 8 logs across 82 stored team games.",
      "player_id": 840,
      "metric": null
    },
    {
      "code": "minimum_minutes_not_met",
      "message": "Player averages 5.2 minutes; 10.0 are required for benchmarks.",
      "player_id": 841,
      "metric": "points_per_game"
    },
    {
      "code": "minimum_minutes_not_met",
      "message": "Player averages 5.2 minutes; 10.0 are required for benchmarks.",
      "player_id": 841,
      "metric": "rebounds_per_game"
    },
    {
      "code": "minimum_minutes_not_met",
      "message": "Player averages 5.2 minutes; 10.0 are required for benchmarks.",
      "player_id": 841,
      "metric": "assists_per_game"
    },
    {
      "code": "minimum_minutes_not_met",
      "message": "Player averages 5.2 minutes; 10.0 are required for benchmarks.",
      "player_id": 841,
      "metric": "minutes_per_game"
    },
    {
      "code": "minimum_minutes_not_met",
      "message": "Player averages 5.2 minutes; 10.0 are required for benchmarks.",
      "player_id": 841,
      "metric": "plus_minus_per_game"
    },
    {
      "code": "minimum_minutes_not_met",
      "message": "Player averages 5.2 minutes; 10.0 are required for benchmarks.",
      "player_id": 841,
      "metric": "true_shooting_percentage"
    },
    {
      "code": "minimum_minutes_not_met",
      "message": "Player averages 5.2 minutes; 10.0 are required for benchmarks.",
      "player_id": 841,
      "metric": "field_goal_percentage"
    },
    {
      "code": "minimum_minutes_not_met",
      "message": "Player averages 5.2 minutes; 10.0 are required for benchmarks.",
      "player_id": 841,
      "metric": "three_point_percentage"
    },
    {
      "code": "minimum_minutes_not_met",
      "message": "Player averages 5.2 minutes; 10.0 are required for benchmarks.",
      "player_id": 841,
      "metric": "effective_field_goal_percentage"
    },
    {
      "code": "minimum_minutes_not_met",
      "message": "Player averages 5.2 minutes; 10.0 are required for benchmarks.",
      "player_id": 841,
      "metric": "steals_per_game"
    },
    {
      "code": "minimum_minutes_not_met",
      "message": "Player averages 5.2 minutes; 10.0 are required for benchmarks.",
      "player_id": 841,
      "metric": "blocks_per_game"
    },
    {
      "code": "minimum_minutes_not_met",
      "message": "Player averages 5.2 minutes; 10.0 are required for benchmarks.",
      "player_id": 841,
      "metric": "turnovers_per_game"
    },
    {
      "code": "minimum_minutes_not_met",
      "message": "Player averages 5.2 minutes; 10.0 are required for benchmarks.",
      "player_id": 841,
      "metric": "points_per_36"
    },
    {
      "code": "minimum_minutes_not_met",
      "message": "Player averages 5.2 minutes; 10.0 are required for benchmarks.",
      "player_id": 841,
      "metric": "rebounds_per_36"
    },
    {
      "code": "minimum_minutes_not_met",
      "message": "Player averages 5.2 minutes; 10.0 are required for benchmarks.",
      "player_id": 841,
      "metric": "assists_per_36"
    },
    {
      "code": "minimum_minutes_not_met",
      "message": "Player averages 5.2 minutes; 10.0 are required for benchmarks.",
      "player_id": 841,
      "metric": "turnovers_per_36"
    },
    {
      "code": "incomplete_game_logs",
      "message": "Player has 19 logs across 82 stored team games.",
      "player_id": 841,
      "metric": null
    },
    {
      "code": "traded_mid_season",
      "message": "Player represented multiple teams.",
      "player_id": 842,
      "metric": null
    },
    {
      "code": "incomplete_game_logs",
      "message": "Player has 43 logs across 82 stored team games.",
      "player_id": 842,
      "metric": null
    },
    {
      "code": "traded_mid_season",
      "message": "Player represented multiple teams.",
      "player_id": 843,
      "metric": null
    },
    {
      "code": "incomplete_game_logs",
      "message": "Player has 40 logs across 82 stored team games.",
      "player_id": 843,
      "metric": null
    },
    {
      "code": "minimum_games_not_met",
      "message": "Player has 14 games; 15 are required for benchmarks.",
      "player_id": 844,
      "metric": "points_per_game"
    },
    {
      "code": "minimum_games_not_met",
      "message": "Player has 14 games; 15 are required for benchmarks.",
      "player_id": 844,
      "metric": "rebounds_per_game"
    },
    {
      "code": "minimum_games_not_met",
      "message": "Player has 14 games; 15 are required for benchmarks.",
      "player_id": 844,
      "metric": "assists_per_game"
    },
    {
      "code": "minimum_games_not_met",
      "message": "Player has 14 games; 15 are required for benchmarks.",
      "player_id": 844,
      "metric": "minutes_per_game"
    },
    {
      "code": "minimum_games_not_met",
      "message": "Player has 14 games; 15 are required for benchmarks.",
      "player_id": 844,
      "metric": "plus_minus_per_game"
    },
    {
      "code": "minimum_games_not_met",
      "message": "Player has 14 games; 15 are required for benchmarks.",
      "player_id": 844,
      "metric": "true_shooting_percentage"
    },
    {
      "code": "minimum_games_not_met",
      "message": "Player has 14 games; 15 are required for benchmarks.",
      "player_id": 844,
      "metric": "field_goal_percentage"
    },
    {
      "code": "minimum_games_not_met",
      "message": "Player has 14 games; 15 are required for benchmarks.",
      "player_id": 844,
      "metric": "three_point_percentage"
    },
    {
      "code": "minimum_games_not_met",
      "message": "Player has 14 games; 15 are required for benchmarks.",
      "player_id": 844,
      "metric": "effective_field_goal_percentage"
    },
    {
      "code": "minimum_games_not_met",
      "message": "Player has 14 games; 15 are required for benchmarks.",
      "player_id": 844,
      "metric": "steals_per_game"
    },
    {
      "code": "minimum_games_not_met",
      "message": "Player has 14 games; 15 are required for benchmarks.",
      "player_id": 844,
      "metric": "blocks_per_game"
    },
    {
      "code": "minimum_games_not_met",
      "message": "Player has 14 games; 15 are required for benchmarks.",
      "player_id": 844,
      "metric": "turnovers_per_game"
    },
    {
      "code": "minimum_games_not_met",
      "message": "Player has 14 games; 15 are required for benchmarks.",
      "player_id": 844,
      "metric": "points_per_36"
    },
    {
      "code": "minimum_games_not_met",
      "message": "Player has 14 games; 15 are required for benchmarks.",
      "player_id": 844,
      "metric": "rebounds_per_36"
    },
    {
      "code": "minimum_games_not_met",
      "message": "Player has 14 games; 15 are required for benchmarks.",
      "player_id": 844,
      "metric": "assists_per_36"
    },
    {
      "code": "minimum_games_not_met",
      "message": "Player has 14 games; 15 are required for benchmarks.",
      "player_id": 844,
      "metric": "turnovers_per_36"
    },
    {
      "code": "incomplete_game_logs",
      "message": "Player has 14 logs across 82 stored team games.",
      "player_id": 844,
      "metric": null
    },
    {
      "code": "incomplete_game_logs",
      "message": "Player has 79 logs across 82 stored team games.",
      "player_id": 845,
      "metric": null
    },
    {
      "code": "incomplete_game_logs",
      "message": "Player has 40 logs across 82 stored team games.",
      "player_id": 846,
      "metric": null
    },
    {
      "code": "minimum_games_not_met",
      "message": "Player has 14 games; 15 are required for benchmarks.",
      "player_id": 847,
      "metric": "points_per_game"
    },
    {
      "code": "minimum_minutes_not_met",
      "message": "Player averages 6.0 minutes; 10.0 are required for benchmarks.",
      "player_id": 847,
      "metric": "points_per_game"
    },
    {
      "code": "minimum_games_not_met",
      "message": "Player has 14 games; 15 are required for benchmarks.",
      "player_id": 847,
      "metric": "rebounds_per_game"
    },
    {
      "code": "minimum_minutes_not_met",
      "message": "Player averages 6.0 minutes; 10.0 are required for benchmarks.",
      "player_id": 847,
      "metric": "rebounds_per_game"
    },
    {
      "code": "minimum_games_not_met",
      "message": "Player has 14 games; 15 are required for benchmarks.",
      "player_id": 847,
      "metric": "assists_per_game"
    },
    {
      "code": "minimum_minutes_not_met",
      "message": "Player averages 6.0 minutes; 10.0 are required for benchmarks.",
      "player_id": 847,
      "metric": "assists_per_game"
    },
    {
      "code": "minimum_games_not_met",
      "message": "Player has 14 games; 15 are required for benchmarks.",
      "player_id": 847,
      "metric": "minutes_per_game"
    },
    {
      "code": "minimum_minutes_not_met",
      "message": "Player averages 6.0 minutes; 10.0 are required for benchmarks.",
      "player_id": 847,
      "metric": "minutes_per_game"
    },
    {
      "code": "minimum_games_not_met",
      "message": "Player has 14 games; 15 are required for benchmarks.",
      "player_id": 847,
      "metric": "plus_minus_per_game"
    },
    {
      "code": "minimum_minutes_not_met",
      "message": "Player averages 6.0 minutes; 10.0 are required for benchmarks.",
      "player_id": 847,
      "metric": "plus_minus_per_game"
    },
    {
      "code": "minimum_games_not_met",
      "message": "Player has 14 games; 15 are required for benchmarks.",
      "player_id": 847,
      "metric": "true_shooting_percentage"
    },
    {
      "code": "minimum_minutes_not_met",
      "message": "Player averages 6.0 minutes; 10.0 are required for benchmarks.",
      "player_id": 847,
      "metric": "true_shooting_percentage"
    },
    {
      "code": "minimum_games_not_met",
      "message": "Player has 14 games; 15 are required for benchmarks.",
      "player_id": 847,
      "metric": "field_goal_percentage"
    },
    {
      "code": "minimum_minutes_not_met",
      "message": "Player averages 6.0 minutes; 10.0 are required for benchmarks.",
      "player_id": 847,
      "metric": "field_goal_percentage"
    },
    {
      "code": "minimum_games_not_met",
      "message": "Player has 14 games; 15 are required for benchmarks.",
      "player_id": 847,
      "metric": "three_point_percentage"
    },
    {
      "code": "minimum_minutes_not_met",
      "message": "Player averages 6.0 minutes; 10.0 are required for benchmarks.",
      "player_id": 847,
      "metric": "three_point_percentage"
    },
    {
      "code": "minimum_games_not_met",
      "message": "Player has 14 games; 15 are required for benchmarks.",
      "player_id": 847,
      "metric": "effective_field_goal_percentage"
    },
    {
      "code": "minimum_minutes_not_met",
      "message": "Player averages 6.0 minutes; 10.0 are required for benchmarks.",
      "player_id": 847,
      "metric": "effective_field_goal_percentage"
    },
    {
      "code": "minimum_games_not_met",
      "message": "Player has 14 games; 15 are required for benchmarks.",
      "player_id": 847,
      "metric": "steals_per_game"
    },
    {
      "code": "minimum_minutes_not_met",
      "message": "Player averages 6.0 minutes; 10.0 are required for benchmarks.",
      "player_id": 847,
      "metric": "steals_per_game"
    },
    {
      "code": "minimum_games_not_met",
      "message": "Player has 14 games; 15 are required for benchmarks.",
      "player_id": 847,
      "metric": "blocks_per_game"
    },
    {
      "code": "minimum_minutes_not_met",
      "message": "Player averages 6.0 minutes; 10.0 are required for benchmarks.",
      "player_id": 847,
      "metric": "blocks_per_game"
    },
    {
      "code": "minimum_games_not_met",
      "message": "Player has 14 games; 15 are required for benchmarks.",
      "player_id": 847,
      "metric": "turnovers_per_game"
    },
    {
      "code": "minimum_minutes_not_met",
      "message": "Player averages 6.0 minutes; 10.0 are required for benchmarks.",
      "player_id": 847,
      "metric": "turnovers_per_game"
    },
    {
      "code": "minimum_games_not_met",
      "message": "Player has 14 games; 15 are required for benchmarks.",
      "player_id": 847,
      "metric": "points_per_36"
    },
    {
      "code": "minimum_minutes_not_met",
      "message": "Player averages 6.0 minutes; 10.0 are required for benchmarks.",
      "player_id": 847,
      "metric": "points_per_36"
    },
    {
      "code": "minimum_games_not_met",
      "message": "Player has 14 games; 15 are required for benchmarks.",
      "player_id": 847,
      "metric": "rebounds_per_36"
    },
    {
      "code": "minimum_minutes_not_met",
      "message": "Player averages 6.0 minutes; 10.0 are required for benchmarks.",
      "player_id": 847,
      "metric": "rebounds_per_36"
    },
    {
      "code": "minimum_games_not_met",
      "message": "Player has 14 games; 15 are required for benchmarks.",
      "player_id": 847,
      "metric": "assists_per_36"
    },
    {
      "code": "minimum_minutes_not_met",
      "message": "Player averages 6.0 minutes; 10.0 are required for benchmarks.",
      "player_id": 847,
      "metric": "assists_per_36"
    },
    {
      "code": "minimum_games_not_met",
      "message": "Player has 14 games; 15 are required for benchmarks.",
      "player_id": 847,
      "metric": "turnovers_per_36"
    },
    {
      "code": "minimum_minutes_not_met",
      "message": "Player averages 6.0 minutes; 10.0 are required for benchmarks.",
      "player_id": 847,
      "metric": "turnovers_per_36"
    },
    {
      "code": "incomplete_game_logs",
      "message": "Player has 14 logs across 82 stored team games.",
      "player_id": 847,
      "metric": null
    },
    {
      "code": "minimum_games_not_met",
      "message": "Player has 6 games; 15 are required for benchmarks.",
      "player_id": 848,
      "metric": "points_per_game"
    },
    {
      "code": "minimum_games_not_met",
      "message": "Player has 6 games; 15 are required for benchmarks.",
      "player_id": 848,
      "metric": "rebounds_per_game"
    },
    {
      "code": "minimum_games_not_met",
      "message": "Player has 6 games; 15 are required for benchmarks.",
      "player_id": 848,
      "metric": "assists_per_game"
    },
    {
      "code": "minimum_games_not_met",
      "message": "Player has 6 games; 15 are required for benchmarks.",
      "player_id": 848,
      "metric": "minutes_per_game"
    },
    {
      "code": "minimum_games_not_met",
      "message": "Player has 6 games; 15 are required for benchmarks.",
      "player_id": 848,
      "metric": "plus_minus_per_game"
    },
    {
      "code": "minimum_games_not_met",
      "message": "Player has 6 games; 15 are required for benchmarks.",
      "player_id": 848,
      "metric": "true_shooting_percentage"
    },
    {
      "code": "minimum_games_not_met",
      "message": "Player has 6 games; 15 are required for benchmarks.",
      "player_id": 848,
      "metric": "field_goal_percentage"
    },
    {
      "code": "minimum_games_not_met",
      "message": "Player has 6 games; 15 are required for benchmarks.",
      "player_id": 848,
      "metric": "three_point_percentage"
    },
    {
      "code": "minimum_games_not_met",
      "message": "Player has 6 games; 15 are required for benchmarks.",
      "player_id": 848,
      "metric": "effective_field_goal_percentage"
    },
    {
      "code": "minimum_games_not_met",
      "message": "Player has 6 games; 15 are required for benchmarks.",
      "player_id": 848,
      "metric": "steals_per_game"
    },
    {
      "code": "minimum_games_not_met",
      "message": "Player has 6 games; 15 are required for benchmarks.",
      "player_id": 848,
      "metric": "blocks_per_game"
    },
    {
      "code": "minimum_games_not_met",
      "message": "Player has 6 games; 15 are required for benchmarks.",
      "player_id": 848,
      "metric": "turnovers_per_game"
    },
    {
      "code": "minimum_games_not_met",
      "message": "Player has 6 games; 15 are required for benchmarks.",
      "player_id": 848,
      "metric": "points_per_36"
    },
    {
      "code": "minimum_games_not_met",
      "message": "Player has 6 games; 15 are required for benchmarks.",
      "player_id": 848,
      "metric": "rebounds_per_36"
    },
    {
      "code": "minimum_games_not_met",
      "message": "Player has 6 games; 15 are required for benchmarks.",
      "player_id": 848,
      "metric": "assists_per_36"
    },
    {
      "code": "minimum_games_not_met",
      "message": "Player has 6 games; 15 are required for benchmarks.",
      "player_id": 848,
      "metric": "turnovers_per_36"
    },
    {
      "code": "trend_small_sample",
      "message": "At least 10 games are required to compare recent five games to previous five.",
      "player_id": 848,
      "metric": null
    },
    {
      "code": "incomplete_game_logs",
      "message": "Player has 6 logs across 82 stored team games.",
      "player_id": 848,
      "metric": null
    },
    {
      "code": "minimum_games_not_met",
      "message": "Player has 10 games; 15 are required for benchmarks.",
      "player_id": 849,
      "metric": "points_per_game"
    },
    {
      "code": "minimum_games_not_met",
      "message": "Player has 10 games; 15 are required for benchmarks.",
      "player_id": 849,
      "metric": "rebounds_per_game"
    },
    {
      "code": "minimum_games_not_met",
      "message": "Player has 10 games; 15 are required for benchmarks.",
      "player_id": 849,
      "metric": "assists_per_game"
    },
    {
      "code": "minimum_games_not_met",
      "message": "Player has 10 games; 15 are required for benchmarks.",
      "player_id": 849,
      "metric": "minutes_per_game"
    },
    {
      "code": "minimum_games_not_met",
      "message": "Player has 10 games; 15 are required for benchmarks.",
      "player_id": 849,
      "metric": "plus_minus_per_game"
    },
    {
      "code": "minimum_games_not_met",
      "message": "Player has 10 games; 15 are required for benchmarks.",
      "player_id": 849,
      "metric": "true_shooting_percentage"
    },
    {
      "code": "minimum_games_not_met",
      "message": "Player has 10 games; 15 are required for benchmarks.",
      "player_id": 849,
      "metric": "field_goal_percentage"
    },
    {
      "code": "minimum_games_not_met",
      "message": "Player has 10 games; 15 are required for benchmarks.",
      "player_id": 849,
      "metric": "three_point_percentage"
    },
    {
      "code": "minimum_games_not_met",
      "message": "Player has 10 games; 15 are required for benchmarks.",
      "player_id": 849,
      "metric": "effective_field_goal_percentage"
    },
    {
      "code": "minimum_games_not_met",
      "message": "Player has 10 games; 15 are required for benchmarks.",
      "player_id": 849,
      "metric": "steals_per_game"
    },
    {
      "code": "minimum_games_not_met",
      "message": "Player has 10 games; 15 are required for benchmarks.",
      "player_id": 849,
      "metric": "blocks_per_game"
    },
    {
      "code": "minimum_games_not_met",
      "message": "Player has 10 games; 15 are required for benchmarks.",
      "player_id": 849,
      "metric": "turnovers_per_game"
    },
    {
      "code": "minimum_games_not_met",
      "message": "Player has 10 games; 15 are required for benchmarks.",
      "player_id": 849,
      "metric": "points_per_36"
    },
    {
      "code": "minimum_games_not_met",
      "message": "Player has 10 games; 15 are required for benchmarks.",
      "player_id": 849,
      "metric": "rebounds_per_36"
    },
    {
      "code": "minimum_games_not_met",
      "message": "Player has 10 games; 15 are required for benchmarks.",
      "player_id": 849,
      "metric": "assists_per_36"
    },
    {
      "code": "minimum_games_not_met",
      "message": "Player has 10 games; 15 are required for benchmarks.",
      "player_id": 849,
      "metric": "turnovers_per_36"
    },
    {
      "code": "incomplete_game_logs",
      "message": "Player has 10 logs across 82 stored team games.",
      "player_id": 849,
      "metric": null
    },
    {
      "code": "minimum_games_not_met",
      "message": "Player has 11 games; 15 are required for benchmarks.",
      "player_id": 850,
      "metric": "points_per_game"
    },
    {
      "code": "minimum_games_not_met",
      "message": "Player has 11 games; 15 are required for benchmarks.",
      "player_id": 850,
      "metric": "rebounds_per_game"
    },
    {
      "code": "minimum_games_not_met",
      "message": "Player has 11 games; 15 are required for benchmarks.",
      "player_id": 850,
      "metric": "assists_per_game"
    },
    {
      "code": "minimum_games_not_met",
      "message": "Player has 11 games; 15 are required for benchmarks.",
      "player_id": 850,
      "metric": "minutes_per_game"
    },
    {
      "code": "minimum_games_not_met",
      "message": "Player has 11 games; 15 are required for benchmarks.",
      "player_id": 850,
      "metric": "plus_minus_per_game"
    },
    {
      "code": "minimum_games_not_met",
      "message": "Player has 11 games; 15 are required for benchmarks.",
      "player_id": 850,
      "metric": "true_shooting_percentage"
    },
    {
      "code": "minimum_games_not_met",
      "message": "Player has 11 games; 15 are required for benchmarks.",
      "player_id": 850,
      "metric": "field_goal_percentage"
    },
    {
      "code": "minimum_games_not_met",
      "message": "Player has 11 games; 15 are required for benchmarks.",
      "player_id": 850,
      "metric": "three_point_percentage"
    },
    {
      "code": "minimum_games_not_met",
      "message": "Player has 11 games; 15 are required for benchmarks.",
      "player_id": 850,
      "metric": "effective_field_goal_percentage"
    },
    {
      "code": "minimum_games_not_met",
      "message": "Player has 11 games; 15 are required for benchmarks.",
      "player_id": 850,
      "metric": "steals_per_game"
    },
    {
      "code": "minimum_games_not_met",
      "message": "Player has 11 games; 15 are required for benchmarks.",
      "player_id": 850,
      "metric": "blocks_per_game"
    },
    {
      "code": "minimum_games_not_met",
      "message": "Player has 11 games; 15 are required for benchmarks.",
      "player_id": 850,
      "metric": "turnovers_per_game"
    },
    {
      "code": "minimum_games_not_met",
      "message": "Player has 11 games; 15 are required for benchmarks.",
      "player_id": 850,
      "metric": "points_per_36"
    },
    {
      "code": "minimum_games_not_met",
      "message": "Player has 11 games; 15 are required for benchmarks.",
      "player_id": 850,
      "metric": "rebounds_per_36"
    },
    {
      "code": "minimum_games_not_met",
      "message": "Player has 11 games; 15 are required for benchmarks.",
      "player_id": 850,
      "metric": "assists_per_36"
    },
    {
      "code": "minimum_games_not_met",
      "message": "Player has 11 games; 15 are required for benchmarks.",
      "player_id": 850,
      "metric": "turnovers_per_36"
    },
    {
      "code": "traded_mid_season",
      "message": "Player represented multiple teams.",
      "player_id": 850,
      "metric": null
    },
    {
      "code": "incomplete_game_logs",
      "message": "Player has 11 logs across 82 stored team games.",
      "player_id": 850,
      "metric": null
    },
    {
      "code": "minimum_minutes_not_met",
      "message": "Player averages 9.1 minutes; 10.0 are required for benchmarks.",
      "player_id": 851,
      "metric": "points_per_game"
    },
    {
      "code": "minimum_minutes_not_met",
      "message": "Player averages 9.1 minutes; 10.0 are required for benchmarks.",
      "player_id": 851,
      "metric": "rebounds_per_game"
    },
    {
      "code": "minimum_minutes_not_met",
      "message": "Player averages 9.1 minutes; 10.0 are required for benchmarks.",
      "player_id": 851,
      "metric": "assists_per_game"
    },
    {
      "code": "minimum_minutes_not_met",
      "message": "Player averages 9.1 minutes; 10.0 are required for benchmarks.",
      "player_id": 851,
      "metric": "minutes_per_game"
    },
    {
      "code": "minimum_minutes_not_met",
      "message": "Player averages 9.1 minutes; 10.0 are required for benchmarks.",
      "player_id": 851,
      "metric": "plus_minus_per_game"
    },
    {
      "code": "minimum_minutes_not_met",
      "message": "Player averages 9.1 minutes; 10.0 are required for benchmarks.",
      "player_id": 851,
      "metric": "true_shooting_percentage"
    },
    {
      "code": "minimum_minutes_not_met",
      "message": "Player averages 9.1 minutes; 10.0 are required for benchmarks.",
      "player_id": 851,
      "metric": "field_goal_percentage"
    },
    {
      "code": "minimum_minutes_not_met",
      "message": "Player averages 9.1 minutes; 10.0 are required for benchmarks.",
      "player_id": 851,
      "metric": "three_point_percentage"
    },
    {
      "code": "minimum_minutes_not_met",
      "message": "Player averages 9.1 minutes; 10.0 are required for benchmarks.",
      "player_id": 851,
      "metric": "effective_field_goal_percentage"
    },
    {
      "code": "minimum_minutes_not_met",
      "message": "Player averages 9.1 minutes; 10.0 are required for benchmarks.",
      "player_id": 851,
      "metric": "steals_per_game"
    },
    {
      "code": "minimum_minutes_not_met",
      "message": "Player averages 9.1 minutes; 10.0 are required for benchmarks.",
      "player_id": 851,
      "metric": "blocks_per_game"
    },
    {
      "code": "minimum_minutes_not_met",
      "message": "Player averages 9.1 minutes; 10.0 are required for benchmarks.",
      "player_id": 851,
      "metric": "turnovers_per_game"
    },
    {
      "code": "minimum_minutes_not_met",
      "message": "Player averages 9.1 minutes; 10.0 are required for benchmarks.",
      "player_id": 851,
      "metric": "points_per_36"
    },
    {
      "code": "minimum_minutes_not_met",
      "message": "Player averages 9.1 minutes; 10.0 are required for benchmarks.",
      "player_id": 851,
      "metric": "rebounds_per_36"
    },
    {
      "code": "minimum_minutes_not_met",
      "message": "Player averages 9.1 minutes; 10.0 are required for benchmarks.",
      "player_id": 851,
      "metric": "assists_per_36"
    },
    {
      "code": "minimum_minutes_not_met",
      "message": "Player averages 9.1 minutes; 10.0 are required for benchmarks.",
      "player_id": 851,
      "metric": "turnovers_per_36"
    },
    {
      "code": "incomplete_game_logs",
      "message": "Player has 17 logs across 82 stored team games.",
      "player_id": 851,
      "metric": null
    },
    {
      "code": "minimum_games_not_met",
      "message": "Player has 13 games; 15 are required for benchmarks.",
      "player_id": 852,
      "metric": "points_per_game"
    },
    {
      "code": "minimum_games_not_met",
      "message": "Player has 13 games; 15 are required for benchmarks.",
      "player_id": 852,
      "metric": "rebounds_per_game"
    },
    {
      "code": "minimum_games_not_met",
      "message": "Player has 13 games; 15 are required for benchmarks.",
      "player_id": 852,
      "metric": "assists_per_game"
    },
    {
      "code": "minimum_games_not_met",
      "message": "Player has 13 games; 15 are required for benchmarks.",
      "player_id": 852,
      "metric": "minutes_per_game"
    },
    {
      "code": "minimum_games_not_met",
      "message": "Player has 13 games; 15 are required for benchmarks.",
      "player_id": 852,
      "metric": "plus_minus_per_game"
    },
    {
      "code": "minimum_games_not_met",
      "message": "Player has 13 games; 15 are required for benchmarks.",
      "player_id": 852,
      "metric": "true_shooting_percentage"
    },
    {
      "code": "minimum_games_not_met",
      "message": "Player has 13 games; 15 are required for benchmarks.",
      "player_id": 852,
      "metric": "field_goal_percentage"
    },
    {
      "code": "minimum_games_not_met",
      "message": "Player has 13 games; 15 are required for benchmarks.",
      "player_id": 852,
      "metric": "three_point_percentage"
    },
    {
      "code": "minimum_games_not_met",
      "message": "Player has 13 games; 15 are required for benchmarks.",
      "player_id": 852,
      "metric": "effective_field_goal_percentage"
    },
    {
      "code": "minimum_games_not_met",
      "message": "Player has 13 games; 15 are required for benchmarks.",
      "player_id": 852,
      "metric": "steals_per_game"
    },
    {
      "code": "minimum_games_not_met",
      "message": "Player has 13 games; 15 are required for benchmarks.",
      "player_id": 852,
      "metric": "blocks_per_game"
    },
    {
      "code": "minimum_games_not_met",
      "message": "Player has 13 games; 15 are required for benchmarks.",
      "player_id": 852,
      "metric": "turnovers_per_game"
    },
    {
      "code": "minimum_games_not_met",
      "message": "Player has 13 games; 15 are required for benchmarks.",
      "player_id": 852,
      "metric": "points_per_36"
    },
    {
      "code": "minimum_games_not_met",
      "message": "Player has 13 games; 15 are required for benchmarks.",
      "player_id": 852,
      "metric": "rebounds_per_36"
    },
    {
      "code": "minimum_games_not_met",
      "message": "Player has 13 games; 15 are required for benchmarks.",
      "player_id": 852,
      "metric": "assists_per_36"
    },
    {
      "code": "minimum_games_not_met",
      "message": "Player has 13 games; 15 are required for benchmarks.",
      "player_id": 852,
      "metric": "turnovers_per_36"
    },
    {
      "code": "traded_mid_season",
      "message": "Player represented multiple teams.",
      "player_id": 852,
      "metric": null
    },
    {
      "code": "incomplete_game_logs",
      "message": "Player has 13 logs across 82 stored team games.",
      "player_id": 852,
      "metric": null
    },
    {
      "code": "minimum_games_not_met",
      "message": "Player has 13 games; 15 are required for benchmarks.",
      "player_id": 853,
      "metric": "points_per_game"
    },
    {
      "code": "minimum_minutes_not_met",
      "message": "Player averages 4.5 minutes; 10.0 are required for benchmarks.",
      "player_id": 853,
      "metric": "points_per_game"
    },
    {
      "code": "minimum_games_not_met",
      "message": "Player has 13 games; 15 are required for benchmarks.",
      "player_id": 853,
      "metric": "rebounds_per_game"
    },
    {
      "code": "minimum_minutes_not_met",
      "message": "Player averages 4.5 minutes; 10.0 are required for benchmarks.",
      "player_id": 853,
      "metric": "rebounds_per_game"
    },
    {
      "code": "minimum_games_not_met",
      "message": "Player has 13 games; 15 are required for benchmarks.",
      "player_id": 853,
      "metric": "assists_per_game"
    },
    {
      "code": "minimum_minutes_not_met",
      "message": "Player averages 4.5 minutes; 10.0 are required for benchmarks.",
      "player_id": 853,
      "metric": "assists_per_game"
    },
    {
      "code": "minimum_games_not_met",
      "message": "Player has 13 games; 15 are required for benchmarks.",
      "player_id": 853,
      "metric": "minutes_per_game"
    },
    {
      "code": "minimum_minutes_not_met",
      "message": "Player averages 4.5 minutes; 10.0 are required for benchmarks.",
      "player_id": 853,
      "metric": "minutes_per_game"
    },
    {
      "code": "minimum_games_not_met",
      "message": "Player has 13 games; 15 are required for benchmarks.",
      "player_id": 853,
      "metric": "plus_minus_per_game"
    },
    {
      "code": "minimum_minutes_not_met",
      "message": "Player averages 4.5 minutes; 10.0 are required for benchmarks.",
      "player_id": 853,
      "metric": "plus_minus_per_game"
    },
    {
      "code": "minimum_games_not_met",
      "message": "Player has 13 games; 15 are required for benchmarks.",
      "player_id": 853,
      "metric": "true_shooting_percentage"
    },
    {
      "code": "minimum_minutes_not_met",
      "message": "Player averages 4.5 minutes; 10.0 are required for benchmarks.",
      "player_id": 853,
      "metric": "true_shooting_percentage"
    },
    {
      "code": "minimum_games_not_met",
      "message": "Player has 13 games; 15 are required for benchmarks.",
      "player_id": 853,
      "metric": "field_goal_percentage"
    },
    {
      "code": "minimum_minutes_not_met",
      "message": "Player averages 4.5 minutes; 10.0 are required for benchmarks.",
      "player_id": 853,
      "metric": "field_goal_percentage"
    },
    {
      "code": "minimum_games_not_met",
      "message": "Player has 13 games; 15 are required for benchmarks.",
      "player_id": 853,
      "metric": "three_point_percentage"
    },
    {
      "code": "minimum_minutes_not_met",
      "message": "Player averages 4.5 minutes; 10.0 are required for benchmarks.",
      "player_id": 853,
      "metric": "three_point_percentage"
    },
    {
      "code": "minimum_games_not_met",
      "message": "Player has 13 games; 15 are required for benchmarks.",
      "player_id": 853,
      "metric": "effective_field_goal_percentage"
    },
    {
      "code": "minimum_minutes_not_met",
      "message": "Player averages 4.5 minutes; 10.0 are required for benchmarks.",
      "player_id": 853,
      "metric": "effective_field_goal_percentage"
    },
    {
      "code": "minimum_games_not_met",
      "message": "Player has 13 games; 15 are required for benchmarks.",
      "player_id": 853,
      "metric": "steals_per_game"
    },
    {
      "code": "minimum_minutes_not_met",
      "message": "Player averages 4.5 minutes; 10.0 are required for benchmarks.",
      "player_id": 853,
      "metric": "steals_per_game"
    },
    {
      "code": "minimum_games_not_met",
      "message": "Player has 13 games; 15 are required for benchmarks.",
      "player_id": 853,
      "metric": "blocks_per_game"
    },
    {
      "code": "minimum_minutes_not_met",
      "message": "Player averages 4.5 minutes; 10.0 are required for benchmarks.",
      "player_id": 853,
      "metric": "blocks_per_game"
    },
    {
      "code": "minimum_games_not_met",
      "message": "Player has 13 games; 15 are required for benchmarks.",
      "player_id": 853,
      "metric": "turnovers_per_game"
    },
    {
      "code": "minimum_minutes_not_met",
      "message": "Player averages 4.5 minutes; 10.0 are required for benchmarks.",
      "player_id": 853,
      "metric": "turnovers_per_game"
    },
    {
      "code": "minimum_games_not_met",
      "message": "Player has 13 games; 15 are required for benchmarks.",
      "player_id": 853,
      "metric": "points_per_36"
    },
    {
      "code": "minimum_minutes_not_met",
      "message": "Player averages 4.5 minutes; 10.0 are required for benchmarks.",
      "player_id": 853,
      "metric": "points_per_36"
    },
    {
      "code": "minimum_games_not_met",
      "message": "Player has 13 games; 15 are required for benchmarks.",
      "player_id": 853,
      "metric": "rebounds_per_36"
    },
    {
      "code": "minimum_minutes_not_met",
      "message": "Player averages 4.5 minutes; 10.0 are required for benchmarks.",
      "player_id": 853,
      "metric": "rebounds_per_36"
    },
    {
      "code": "minimum_games_not_met",
      "message": "Player has 13 games; 15 are required for benchmarks.",
      "player_id": 853,
      "metric": "assists_per_36"
    },
    {
      "code": "minimum_minutes_not_met",
      "message": "Player averages 4.5 minutes; 10.0 are required for benchmarks.",
      "player_id": 853,
      "metric": "assists_per_36"
    },
    {
      "code": "minimum_games_not_met",
      "message": "Player has 13 games; 15 are required for benchmarks.",
      "player_id": 853,
      "metric": "turnovers_per_36"
    },
    {
      "code": "minimum_minutes_not_met",
      "message": "Player averages 4.5 minutes; 10.0 are required for benchmarks.",
      "player_id": 853,
      "metric": "turnovers_per_36"
    },
    {
      "code": "incomplete_game_logs",
      "message": "Player has 13 logs across 82 stored team games.",
      "player_id": 853,
      "metric": null
    },
    {
      "code": "incomplete_game_logs",
      "message": "Player has 20 logs across 82 stored team games.",
      "player_id": 854,
      "metric": null
    },
    {
      "code": "minimum_games_not_met",
      "message": "Player has 4 games; 15 are required for benchmarks.",
      "player_id": 855,
      "metric": "points_per_game"
    },
    {
      "code": "minimum_games_not_met",
      "message": "Player has 4 games; 15 are required for benchmarks.",
      "player_id": 855,
      "metric": "rebounds_per_game"
    },
    {
      "code": "minimum_games_not_met",
      "message": "Player has 4 games; 15 are required for benchmarks.",
      "player_id": 855,
      "metric": "assists_per_game"
    },
    {
      "code": "minimum_games_not_met",
      "message": "Player has 4 games; 15 are required for benchmarks.",
      "player_id": 855,
      "metric": "minutes_per_game"
    },
    {
      "code": "minimum_games_not_met",
      "message": "Player has 4 games; 15 are required for benchmarks.",
      "player_id": 855,
      "metric": "plus_minus_per_game"
    },
    {
      "code": "minimum_games_not_met",
      "message": "Player has 4 games; 15 are required for benchmarks.",
      "player_id": 855,
      "metric": "true_shooting_percentage"
    },
    {
      "code": "minimum_games_not_met",
      "message": "Player has 4 games; 15 are required for benchmarks.",
      "player_id": 855,
      "metric": "field_goal_percentage"
    },
    {
      "code": "minimum_games_not_met",
      "message": "Player has 4 games; 15 are required for benchmarks.",
      "player_id": 855,
      "metric": "three_point_percentage"
    },
    {
      "code": "minimum_games_not_met",
      "message": "Player has 4 games; 15 are required for benchmarks.",
      "player_id": 855,
      "metric": "effective_field_goal_percentage"
    },
    {
      "code": "minimum_games_not_met",
      "message": "Player has 4 games; 15 are required for benchmarks.",
      "player_id": 855,
      "metric": "steals_per_game"
    },
    {
      "code": "minimum_games_not_met",
      "message": "Player has 4 games; 15 are required for benchmarks.",
      "player_id": 855,
      "metric": "blocks_per_game"
    },
    {
      "code": "minimum_games_not_met",
      "message": "Player has 4 games; 15 are required for benchmarks.",
      "player_id": 855,
      "metric": "turnovers_per_game"
    },
    {
      "code": "minimum_games_not_met",
      "message": "Player has 4 games; 15 are required for benchmarks.",
      "player_id": 855,
      "metric": "points_per_36"
    },
    {
      "code": "minimum_games_not_met",
      "message": "Player has 4 games; 15 are required for benchmarks.",
      "player_id": 855,
      "metric": "rebounds_per_36"
    },
    {
      "code": "minimum_games_not_met",
      "message": "Player has 4 games; 15 are required for benchmarks.",
      "player_id": 855,
      "metric": "assists_per_36"
    },
    {
      "code": "minimum_games_not_met",
      "message": "Player has 4 games; 15 are required for benchmarks.",
      "player_id": 855,
      "metric": "turnovers_per_36"
    },
    {
      "code": "trend_small_sample",
      "message": "At least 10 games are required to compare recent five games to previous five.",
      "player_id": 855,
      "metric": null
    },
    {
      "code": "incomplete_game_logs",
      "message": "Player has 4 logs across 82 stored team games.",
      "player_id": 855,
      "metric": null
    },
    {
      "code": "incomplete_game_logs",
      "message": "Player has 24 logs across 82 stored team games.",
      "player_id": 856,
      "metric": null
    },
    {
      "code": "minimum_games_not_met",
      "message": "Player has 6 games; 15 are required for benchmarks.",
      "player_id": 857,
      "metric": "points_per_game"
    },
    {
      "code": "minimum_minutes_not_met",
      "message": "Player averages 3.3 minutes; 10.0 are required for benchmarks.",
      "player_id": 857,
      "metric": "points_per_game"
    },
    {
      "code": "minimum_games_not_met",
      "message": "Player has 6 games; 15 are required for benchmarks.",
      "player_id": 857,
      "metric": "rebounds_per_game"
    },
    {
      "code": "minimum_minutes_not_met",
      "message": "Player averages 3.3 minutes; 10.0 are required for benchmarks.",
      "player_id": 857,
      "metric": "rebounds_per_game"
    },
    {
      "code": "minimum_games_not_met",
      "message": "Player has 6 games; 15 are required for benchmarks.",
      "player_id": 857,
      "metric": "assists_per_game"
    },
    {
      "code": "minimum_minutes_not_met",
      "message": "Player averages 3.3 minutes; 10.0 are required for benchmarks.",
      "player_id": 857,
      "metric": "assists_per_game"
    },
    {
      "code": "minimum_games_not_met",
      "message": "Player has 6 games; 15 are required for benchmarks.",
      "player_id": 857,
      "metric": "minutes_per_game"
    },
    {
      "code": "minimum_minutes_not_met",
      "message": "Player averages 3.3 minutes; 10.0 are required for benchmarks.",
      "player_id": 857,
      "metric": "minutes_per_game"
    },
    {
      "code": "minimum_games_not_met",
      "message": "Player has 6 games; 15 are required for benchmarks.",
      "player_id": 857,
      "metric": "plus_minus_per_game"
    },
    {
      "code": "minimum_minutes_not_met",
      "message": "Player averages 3.3 minutes; 10.0 are required for benchmarks.",
      "player_id": 857,
      "metric": "plus_minus_per_game"
    },
    {
      "code": "minimum_games_not_met",
      "message": "Player has 6 games; 15 are required for benchmarks.",
      "player_id": 857,
      "metric": "true_shooting_percentage"
    },
    {
      "code": "minimum_minutes_not_met",
      "message": "Player averages 3.3 minutes; 10.0 are required for benchmarks.",
      "player_id": 857,
      "metric": "true_shooting_percentage"
    },
    {
      "code": "minimum_games_not_met",
      "message": "Player has 6 games; 15 are required for benchmarks.",
      "player_id": 857,
      "metric": "field_goal_percentage"
    },
    {
      "code": "minimum_minutes_not_met",
      "message": "Player averages 3.3 minutes; 10.0 are required for benchmarks.",
      "player_id": 857,
      "metric": "field_goal_percentage"
    },
    {
      "code": "minimum_games_not_met",
      "message": "Player has 6 games; 15 are required for benchmarks.",
      "player_id": 857,
      "metric": "three_point_percentage"
    },
    {
      "code": "minimum_minutes_not_met",
      "message": "Player averages 3.3 minutes; 10.0 are required for benchmarks.",
      "player_id": 857,
      "metric": "three_point_percentage"
    },
    {
      "code": "minimum_games_not_met",
      "message": "Player has 6 games; 15 are required for benchmarks.",
      "player_id": 857,
      "metric": "effective_field_goal_percentage"
    },
    {
      "code": "minimum_minutes_not_met",
      "message": "Player averages 3.3 minutes; 10.0 are required for benchmarks.",
      "player_id": 857,
      "metric": "effective_field_goal_percentage"
    },
    {
      "code": "minimum_games_not_met",
      "message": "Player has 6 games; 15 are required for benchmarks.",
      "player_id": 857,
      "metric": "steals_per_game"
    },
    {
      "code": "minimum_minutes_not_met",
      "message": "Player averages 3.3 minutes; 10.0 are required for benchmarks.",
      "player_id": 857,
      "metric": "steals_per_game"
    },
    {
      "code": "minimum_games_not_met",
      "message": "Player has 6 games; 15 are required for benchmarks.",
      "player_id": 857,
      "metric": "blocks_per_game"
    },
    {
      "code": "minimum_minutes_not_met",
      "message": "Player averages 3.3 minutes; 10.0 are required for benchmarks.",
      "player_id": 857,
      "metric": "blocks_per_game"
    },
    {
      "code": "minimum_games_not_met",
      "message": "Player has 6 games; 15 are required for benchmarks.",
      "player_id": 857,
      "metric": "turnovers_per_game"
    },
    {
      "code": "minimum_minutes_not_met",
      "message": "Player averages 3.3 minutes; 10.0 are required for benchmarks.",
      "player_id": 857,
      "metric": "turnovers_per_game"
    },
    {
      "code": "minimum_games_not_met",
      "message": "Player has 6 games; 15 are required for benchmarks.",
      "player_id": 857,
      "metric": "points_per_36"
    },
    {
      "code": "minimum_minutes_not_met",
      "message": "Player averages 3.3 minutes; 10.0 are required for benchmarks.",
      "player_id": 857,
      "metric": "points_per_36"
    },
    {
      "code": "minimum_games_not_met",
      "message": "Player has 6 games; 15 are required for benchmarks.",
      "player_id": 857,
      "metric": "rebounds_per_36"
    },
    {
      "code": "minimum_minutes_not_met",
      "message": "Player averages 3.3 minutes; 10.0 are required for benchmarks.",
      "player_id": 857,
      "metric": "rebounds_per_36"
    },
    {
      "code": "minimum_games_not_met",
      "message": "Player has 6 games; 15 are required for benchmarks.",
      "player_id": 857,
      "metric": "assists_per_36"
    },
    {
      "code": "minimum_minutes_not_met",
      "message": "Player averages 3.3 minutes; 10.0 are required for benchmarks.",
      "player_id": 857,
      "metric": "assists_per_36"
    },
    {
      "code": "minimum_games_not_met",
      "message": "Player has 6 games; 15 are required for benchmarks.",
      "player_id": 857,
      "metric": "turnovers_per_36"
    },
    {
      "code": "minimum_minutes_not_met",
      "message": "Player averages 3.3 minutes; 10.0 are required for benchmarks.",
      "player_id": 857,
      "metric": "turnovers_per_36"
    },
    {
      "code": "trend_small_sample",
      "message": "At least 10 games are required to compare recent five games to previous five.",
      "player_id": 857,
      "metric": null
    },
    {
      "code": "incomplete_game_logs",
      "message": "Player has 6 logs across 82 stored team games.",
      "player_id": 857,
      "metric": null
    },
    {
      "code": "minimum_minutes_not_met",
      "message": "Player averages 4.6 minutes; 10.0 are required for benchmarks.",
      "player_id": 859,
      "metric": "points_per_game"
    },
    {
      "code": "minimum_minutes_not_met",
      "message": "Player averages 4.6 minutes; 10.0 are required for benchmarks.",
      "player_id": 859,
      "metric": "rebounds_per_game"
    },
    {
      "code": "minimum_minutes_not_met",
      "message": "Player averages 4.6 minutes; 10.0 are required for benchmarks.",
      "player_id": 859,
      "metric": "assists_per_game"
    },
    {
      "code": "minimum_minutes_not_met",
      "message": "Player averages 4.6 minutes; 10.0 are required for benchmarks.",
      "player_id": 859,
      "metric": "minutes_per_game"
    },
    {
      "code": "minimum_minutes_not_met",
      "message": "Player averages 4.6 minutes; 10.0 are required for benchmarks.",
      "player_id": 859,
      "metric": "plus_minus_per_game"
    },
    {
      "code": "minimum_minutes_not_met",
      "message": "Player averages 4.6 minutes; 10.0 are required for benchmarks.",
      "player_id": 859,
      "metric": "true_shooting_percentage"
    },
    {
      "code": "minimum_minutes_not_met",
      "message": "Player averages 4.6 minutes; 10.0 are required for benchmarks.",
      "player_id": 859,
      "metric": "field_goal_percentage"
    },
    {
      "code": "minimum_minutes_not_met",
      "message": "Player averages 4.6 minutes; 10.0 are required for benchmarks.",
      "player_id": 859,
      "metric": "three_point_percentage"
    },
    {
      "code": "minimum_minutes_not_met",
      "message": "Player averages 4.6 minutes; 10.0 are required for benchmarks.",
      "player_id": 859,
      "metric": "effective_field_goal_percentage"
    },
    {
      "code": "minimum_minutes_not_met",
      "message": "Player averages 4.6 minutes; 10.0 are required for benchmarks.",
      "player_id": 859,
      "metric": "steals_per_game"
    },
    {
      "code": "minimum_minutes_not_met",
      "message": "Player averages 4.6 minutes; 10.0 are required for benchmarks.",
      "player_id": 859,
      "metric": "blocks_per_game"
    },
    {
      "code": "minimum_minutes_not_met",
      "message": "Player averages 4.6 minutes; 10.0 are required for benchmarks.",
      "player_id": 859,
      "metric": "turnovers_per_game"
    },
    {
      "code": "minimum_minutes_not_met",
      "message": "Player averages 4.6 minutes; 10.0 are required for benchmarks.",
      "player_id": 859,
      "metric": "points_per_36"
    },
    {
      "code": "minimum_minutes_not_met",
      "message": "Player averages 4.6 minutes; 10.0 are required for benchmarks.",
      "player_id": 859,
      "metric": "rebounds_per_36"
    },
    {
      "code": "minimum_minutes_not_met",
      "message": "Player averages 4.6 minutes; 10.0 are required for benchmarks.",
      "player_id": 859,
      "metric": "assists_per_36"
    },
    {
      "code": "minimum_minutes_not_met",
      "message": "Player averages 4.6 minutes; 10.0 are required for benchmarks.",
      "player_id": 859,
      "metric": "turnovers_per_36"
    },
    {
      "code": "traded_mid_season",
      "message": "Player represented multiple teams.",
      "player_id": 859,
      "metric": null
    },
    {
      "code": "incomplete_game_logs",
      "message": "Player has 35 logs across 82 stored team games.",
      "player_id": 859,
      "metric": null
    },
    {
      "code": "minimum_games_not_met",
      "message": "Player has 10 games; 15 are required for benchmarks.",
      "player_id": 860,
      "metric": "points_per_game"
    },
    {
      "code": "minimum_games_not_met",
      "message": "Player has 10 games; 15 are required for benchmarks.",
      "player_id": 860,
      "metric": "rebounds_per_game"
    },
    {
      "code": "minimum_games_not_met",
      "message": "Player has 10 games; 15 are required for benchmarks.",
      "player_id": 860,
      "metric": "assists_per_game"
    },
    {
      "code": "minimum_games_not_met",
      "message": "Player has 10 games; 15 are required for benchmarks.",
      "player_id": 860,
      "metric": "minutes_per_game"
    },
    {
      "code": "minimum_games_not_met",
      "message": "Player has 10 games; 15 are required for benchmarks.",
      "player_id": 860,
      "metric": "plus_minus_per_game"
    },
    {
      "code": "minimum_games_not_met",
      "message": "Player has 10 games; 15 are required for benchmarks.",
      "player_id": 860,
      "metric": "true_shooting_percentage"
    },
    {
      "code": "minimum_games_not_met",
      "message": "Player has 10 games; 15 are required for benchmarks.",
      "player_id": 860,
      "metric": "field_goal_percentage"
    },
    {
      "code": "minimum_games_not_met",
      "message": "Player has 10 games; 15 are required for benchmarks.",
      "player_id": 860,
      "metric": "three_point_percentage"
    },
    {
      "code": "minimum_games_not_met",
      "message": "Player has 10 games; 15 are required for benchmarks.",
      "player_id": 860,
      "metric": "effective_field_goal_percentage"
    },
    {
      "code": "minimum_games_not_met",
      "message": "Player has 10 games; 15 are required for benchmarks.",
      "player_id": 860,
      "metric": "steals_per_game"
    },
    {
      "code": "minimum_games_not_met",
      "message": "Player has 10 games; 15 are required for benchmarks.",
      "player_id": 860,
      "metric": "blocks_per_game"
    },
    {
      "code": "minimum_games_not_met",
      "message": "Player has 10 games; 15 are required for benchmarks.",
      "player_id": 860,
      "metric": "turnovers_per_game"
    },
    {
      "code": "minimum_games_not_met",
      "message": "Player has 10 games; 15 are required for benchmarks.",
      "player_id": 860,
      "metric": "points_per_36"
    },
    {
      "code": "minimum_games_not_met",
      "message": "Player has 10 games; 15 are required for benchmarks.",
      "player_id": 860,
      "metric": "rebounds_per_36"
    },
    {
      "code": "minimum_games_not_met",
      "message": "Player has 10 games; 15 are required for benchmarks.",
      "player_id": 860,
      "metric": "assists_per_36"
    },
    {
      "code": "minimum_games_not_met",
      "message": "Player has 10 games; 15 are required for benchmarks.",
      "player_id": 860,
      "metric": "turnovers_per_36"
    },
    {
      "code": "incomplete_game_logs",
      "message": "Player has 10 logs across 82 stored team games.",
      "player_id": 860,
      "metric": null
    },
    {
      "code": "minimum_games_not_met",
      "message": "Player has 4 games; 15 are required for benchmarks.",
      "player_id": 861,
      "metric": "points_per_game"
    },
    {
      "code": "minimum_games_not_met",
      "message": "Player has 4 games; 15 are required for benchmarks.",
      "player_id": 861,
      "metric": "rebounds_per_game"
    },
    {
      "code": "minimum_games_not_met",
      "message": "Player has 4 games; 15 are required for benchmarks.",
      "player_id": 861,
      "metric": "assists_per_game"
    },
    {
      "code": "minimum_games_not_met",
      "message": "Player has 4 games; 15 are required for benchmarks.",
      "player_id": 861,
      "metric": "minutes_per_game"
    },
    {
      "code": "minimum_games_not_met",
      "message": "Player has 4 games; 15 are required for benchmarks.",
      "player_id": 861,
      "metric": "plus_minus_per_game"
    },
    {
      "code": "minimum_games_not_met",
      "message": "Player has 4 games; 15 are required for benchmarks.",
      "player_id": 861,
      "metric": "true_shooting_percentage"
    },
    {
      "code": "minimum_games_not_met",
      "message": "Player has 4 games; 15 are required for benchmarks.",
      "player_id": 861,
      "metric": "field_goal_percentage"
    },
    {
      "code": "minimum_games_not_met",
      "message": "Player has 4 games; 15 are required for benchmarks.",
      "player_id": 861,
      "metric": "three_point_percentage"
    },
    {
      "code": "minimum_games_not_met",
      "message": "Player has 4 games; 15 are required for benchmarks.",
      "player_id": 861,
      "metric": "effective_field_goal_percentage"
    },
    {
      "code": "minimum_games_not_met",
      "message": "Player has 4 games; 15 are required for benchmarks.",
      "player_id": 861,
      "metric": "steals_per_game"
    },
    {
      "code": "minimum_games_not_met",
      "message": "Player has 4 games; 15 are required for benchmarks.",
      "player_id": 861,
      "metric": "blocks_per_game"
    },
    {
      "code": "minimum_games_not_met",
      "message": "Player has 4 games; 15 are required for benchmarks.",
      "player_id": 861,
      "metric": "turnovers_per_game"
    },
    {
      "code": "minimum_games_not_met",
      "message": "Player has 4 games; 15 are required for benchmarks.",
      "player_id": 861,
      "metric": "points_per_36"
    },
    {
      "code": "minimum_games_not_met",
      "message": "Player has 4 games; 15 are required for benchmarks.",
      "player_id": 861,
      "metric": "rebounds_per_36"
    },
    {
      "code": "minimum_games_not_met",
      "message": "Player has 4 games; 15 are required for benchmarks.",
      "player_id": 861,
      "metric": "assists_per_36"
    },
    {
      "code": "minimum_games_not_met",
      "message": "Player has 4 games; 15 are required for benchmarks.",
      "player_id": 861,
      "metric": "turnovers_per_36"
    },
    {
      "code": "trend_small_sample",
      "message": "At least 10 games are required to compare recent five games to previous five.",
      "player_id": 861,
      "metric": null
    },
    {
      "code": "incomplete_game_logs",
      "message": "Player has 4 logs across 82 stored team games.",
      "player_id": 861,
      "metric": null
    },
    {
      "code": "minimum_minutes_not_met",
      "message": "Player averages 8.7 minutes; 10.0 are required for benchmarks.",
      "player_id": 862,
      "metric": "points_per_game"
    },
    {
      "code": "minimum_minutes_not_met",
      "message": "Player averages 8.7 minutes; 10.0 are required for benchmarks.",
      "player_id": 862,
      "metric": "rebounds_per_game"
    },
    {
      "code": "minimum_minutes_not_met",
      "message": "Player averages 8.7 minutes; 10.0 are required for benchmarks.",
      "player_id": 862,
      "metric": "assists_per_game"
    },
    {
      "code": "minimum_minutes_not_met",
      "message": "Player averages 8.7 minutes; 10.0 are required for benchmarks.",
      "player_id": 862,
      "metric": "minutes_per_game"
    },
    {
      "code": "minimum_minutes_not_met",
      "message": "Player averages 8.7 minutes; 10.0 are required for benchmarks.",
      "player_id": 862,
      "metric": "plus_minus_per_game"
    },
    {
      "code": "minimum_minutes_not_met",
      "message": "Player averages 8.7 minutes; 10.0 are required for benchmarks.",
      "player_id": 862,
      "metric": "true_shooting_percentage"
    },
    {
      "code": "minimum_minutes_not_met",
      "message": "Player averages 8.7 minutes; 10.0 are required for benchmarks.",
      "player_id": 862,
      "metric": "field_goal_percentage"
    },
    {
      "code": "minimum_minutes_not_met",
      "message": "Player averages 8.7 minutes; 10.0 are required for benchmarks.",
      "player_id": 862,
      "metric": "three_point_percentage"
    },
    {
      "code": "minimum_minutes_not_met",
      "message": "Player averages 8.7 minutes; 10.0 are required for benchmarks.",
      "player_id": 862,
      "metric": "effective_field_goal_percentage"
    },
    {
      "code": "minimum_minutes_not_met",
      "message": "Player averages 8.7 minutes; 10.0 are required for benchmarks.",
      "player_id": 862,
      "metric": "steals_per_game"
    },
    {
      "code": "minimum_minutes_not_met",
      "message": "Player averages 8.7 minutes; 10.0 are required for benchmarks.",
      "player_id": 862,
      "metric": "blocks_per_game"
    },
    {
      "code": "minimum_minutes_not_met",
      "message": "Player averages 8.7 minutes; 10.0 are required for benchmarks.",
      "player_id": 862,
      "metric": "turnovers_per_game"
    },
    {
      "code": "minimum_minutes_not_met",
      "message": "Player averages 8.7 minutes; 10.0 are required for benchmarks.",
      "player_id": 862,
      "metric": "points_per_36"
    },
    {
      "code": "minimum_minutes_not_met",
      "message": "Player averages 8.7 minutes; 10.0 are required for benchmarks.",
      "player_id": 862,
      "metric": "rebounds_per_36"
    },
    {
      "code": "minimum_minutes_not_met",
      "message": "Player averages 8.7 minutes; 10.0 are required for benchmarks.",
      "player_id": 862,
      "metric": "assists_per_36"
    },
    {
      "code": "minimum_minutes_not_met",
      "message": "Player averages 8.7 minutes; 10.0 are required for benchmarks.",
      "player_id": 862,
      "metric": "turnovers_per_36"
    },
    {
      "code": "incomplete_game_logs",
      "message": "Player has 21 logs across 82 stored team games.",
      "player_id": 862,
      "metric": null
    },
    {
      "code": "traded_mid_season",
      "message": "Player represented multiple teams.",
      "player_id": 863,
      "metric": null
    },
    {
      "code": "incomplete_game_logs",
      "message": "Player has 15 logs across 82 stored team games.",
      "player_id": 863,
      "metric": null
    },
    {
      "code": "minimum_games_not_met",
      "message": "Player has 10 games; 15 are required for benchmarks.",
      "player_id": 864,
      "metric": "points_per_game"
    },
    {
      "code": "minimum_minutes_not_met",
      "message": "Player averages 4.6 minutes; 10.0 are required for benchmarks.",
      "player_id": 864,
      "metric": "points_per_game"
    },
    {
      "code": "minimum_games_not_met",
      "message": "Player has 10 games; 15 are required for benchmarks.",
      "player_id": 864,
      "metric": "rebounds_per_game"
    },
    {
      "code": "minimum_minutes_not_met",
      "message": "Player averages 4.6 minutes; 10.0 are required for benchmarks.",
      "player_id": 864,
      "metric": "rebounds_per_game"
    },
    {
      "code": "minimum_games_not_met",
      "message": "Player has 10 games; 15 are required for benchmarks.",
      "player_id": 864,
      "metric": "assists_per_game"
    },
    {
      "code": "minimum_minutes_not_met",
      "message": "Player averages 4.6 minutes; 10.0 are required for benchmarks.",
      "player_id": 864,
      "metric": "assists_per_game"
    },
    {
      "code": "minimum_games_not_met",
      "message": "Player has 10 games; 15 are required for benchmarks.",
      "player_id": 864,
      "metric": "minutes_per_game"
    },
    {
      "code": "minimum_minutes_not_met",
      "message": "Player averages 4.6 minutes; 10.0 are required for benchmarks.",
      "player_id": 864,
      "metric": "minutes_per_game"
    },
    {
      "code": "minimum_games_not_met",
      "message": "Player has 10 games; 15 are required for benchmarks.",
      "player_id": 864,
      "metric": "plus_minus_per_game"
    },
    {
      "code": "minimum_minutes_not_met",
      "message": "Player averages 4.6 minutes; 10.0 are required for benchmarks.",
      "player_id": 864,
      "metric": "plus_minus_per_game"
    },
    {
      "code": "minimum_games_not_met",
      "message": "Player has 10 games; 15 are required for benchmarks.",
      "player_id": 864,
      "metric": "true_shooting_percentage"
    },
    {
      "code": "minimum_minutes_not_met",
      "message": "Player averages 4.6 minutes; 10.0 are required for benchmarks.",
      "player_id": 864,
      "metric": "true_shooting_percentage"
    },
    {
      "code": "minimum_games_not_met",
      "message": "Player has 10 games; 15 are required for benchmarks.",
      "player_id": 864,
      "metric": "field_goal_percentage"
    },
    {
      "code": "minimum_minutes_not_met",
      "message": "Player averages 4.6 minutes; 10.0 are required for benchmarks.",
      "player_id": 864,
      "metric": "field_goal_percentage"
    },
    {
      "code": "minimum_games_not_met",
      "message": "Player has 10 games; 15 are required for benchmarks.",
      "player_id": 864,
      "metric": "three_point_percentage"
    },
    {
      "code": "minimum_minutes_not_met",
      "message": "Player averages 4.6 minutes; 10.0 are required for benchmarks.",
      "player_id": 864,
      "metric": "three_point_percentage"
    },
    {
      "code": "minimum_games_not_met",
      "message": "Player has 10 games; 15 are required for benchmarks.",
      "player_id": 864,
      "metric": "effective_field_goal_percentage"
    },
    {
      "code": "minimum_minutes_not_met",
      "message": "Player averages 4.6 minutes; 10.0 are required for benchmarks.",
      "player_id": 864,
      "metric": "effective_field_goal_percentage"
    },
    {
      "code": "minimum_games_not_met",
      "message": "Player has 10 games; 15 are required for benchmarks.",
      "player_id": 864,
      "metric": "steals_per_game"
    },
    {
      "code": "minimum_minutes_not_met",
      "message": "Player averages 4.6 minutes; 10.0 are required for benchmarks.",
      "player_id": 864,
      "metric": "steals_per_game"
    },
    {
      "code": "minimum_games_not_met",
      "message": "Player has 10 games; 15 are required for benchmarks.",
      "player_id": 864,
      "metric": "blocks_per_game"
    },
    {
      "code": "minimum_minutes_not_met",
      "message": "Player averages 4.6 minutes; 10.0 are required for benchmarks.",
      "player_id": 864,
      "metric": "blocks_per_game"
    },
    {
      "code": "minimum_games_not_met",
      "message": "Player has 10 games; 15 are required for benchmarks.",
      "player_id": 864,
      "metric": "turnovers_per_game"
    },
    {
      "code": "minimum_minutes_not_met",
      "message": "Player averages 4.6 minutes; 10.0 are required for benchmarks.",
      "player_id": 864,
      "metric": "turnovers_per_game"
    },
    {
      "code": "minimum_games_not_met",
      "message": "Player has 10 games; 15 are required for benchmarks.",
      "player_id": 864,
      "metric": "points_per_36"
    },
    {
      "code": "minimum_minutes_not_met",
      "message": "Player averages 4.6 minutes; 10.0 are required for benchmarks.",
      "player_id": 864,
      "metric": "points_per_36"
    },
    {
      "code": "minimum_games_not_met",
      "message": "Player has 10 games; 15 are required for benchmarks.",
      "player_id": 864,
      "metric": "rebounds_per_36"
    },
    {
      "code": "minimum_minutes_not_met",
      "message": "Player averages 4.6 minutes; 10.0 are required for benchmarks.",
      "player_id": 864,
      "metric": "rebounds_per_36"
    },
    {
      "code": "minimum_games_not_met",
      "message": "Player has 10 games; 15 are required for benchmarks.",
      "player_id": 864,
      "metric": "assists_per_36"
    },
    {
      "code": "minimum_minutes_not_met",
      "message": "Player averages 4.6 minutes; 10.0 are required for benchmarks.",
      "player_id": 864,
      "metric": "assists_per_36"
    },
    {
      "code": "minimum_games_not_met",
      "message": "Player has 10 games; 15 are required for benchmarks.",
      "player_id": 864,
      "metric": "turnovers_per_36"
    },
    {
      "code": "minimum_minutes_not_met",
      "message": "Player averages 4.6 minutes; 10.0 are required for benchmarks.",
      "player_id": 864,
      "metric": "turnovers_per_36"
    },
    {
      "code": "incomplete_game_logs",
      "message": "Player has 10 logs across 82 stored team games.",
      "player_id": 864,
      "metric": null
    },
    {
      "code": "minimum_minutes_not_met",
      "message": "Player averages 3.6 minutes; 10.0 are required for benchmarks.",
      "player_id": 865,
      "metric": "points_per_game"
    },
    {
      "code": "minimum_minutes_not_met",
      "message": "Player averages 3.6 minutes; 10.0 are required for benchmarks.",
      "player_id": 865,
      "metric": "rebounds_per_game"
    },
    {
      "code": "minimum_minutes_not_met",
      "message": "Player averages 3.6 minutes; 10.0 are required for benchmarks.",
      "player_id": 865,
      "metric": "assists_per_game"
    },
    {
      "code": "minimum_minutes_not_met",
      "message": "Player averages 3.6 minutes; 10.0 are required for benchmarks.",
      "player_id": 865,
      "metric": "minutes_per_game"
    },
    {
      "code": "minimum_minutes_not_met",
      "message": "Player averages 3.6 minutes; 10.0 are required for benchmarks.",
      "player_id": 865,
      "metric": "plus_minus_per_game"
    },
    {
      "code": "minimum_minutes_not_met",
      "message": "Player averages 3.6 minutes; 10.0 are required for benchmarks.",
      "player_id": 865,
      "metric": "true_shooting_percentage"
    },
    {
      "code": "minimum_minutes_not_met",
      "message": "Player averages 3.6 minutes; 10.0 are required for benchmarks.",
      "player_id": 865,
      "metric": "field_goal_percentage"
    },
    {
      "code": "minimum_minutes_not_met",
      "message": "Player averages 3.6 minutes; 10.0 are required for benchmarks.",
      "player_id": 865,
      "metric": "three_point_percentage"
    },
    {
      "code": "minimum_minutes_not_met",
      "message": "Player averages 3.6 minutes; 10.0 are required for benchmarks.",
      "player_id": 865,
      "metric": "effective_field_goal_percentage"
    },
    {
      "code": "minimum_minutes_not_met",
      "message": "Player averages 3.6 minutes; 10.0 are required for benchmarks.",
      "player_id": 865,
      "metric": "steals_per_game"
    },
    {
      "code": "minimum_minutes_not_met",
      "message": "Player averages 3.6 minutes; 10.0 are required for benchmarks.",
      "player_id": 865,
      "metric": "blocks_per_game"
    },
    {
      "code": "minimum_minutes_not_met",
      "message": "Player averages 3.6 minutes; 10.0 are required for benchmarks.",
      "player_id": 865,
      "metric": "turnovers_per_game"
    },
    {
      "code": "minimum_minutes_not_met",
      "message": "Player averages 3.6 minutes; 10.0 are required for benchmarks.",
      "player_id": 865,
      "metric": "points_per_36"
    },
    {
      "code": "minimum_minutes_not_met",
      "message": "Player averages 3.6 minutes; 10.0 are required for benchmarks.",
      "player_id": 865,
      "metric": "rebounds_per_36"
    },
    {
      "code": "minimum_minutes_not_met",
      "message": "Player averages 3.6 minutes; 10.0 are required for benchmarks.",
      "player_id": 865,
      "metric": "assists_per_36"
    },
    {
      "code": "minimum_minutes_not_met",
      "message": "Player averages 3.6 minutes; 10.0 are required for benchmarks.",
      "player_id": 865,
      "metric": "turnovers_per_36"
    },
    {
      "code": "incomplete_game_logs",
      "message": "Player has 19 logs across 82 stored team games.",
      "player_id": 865,
      "metric": null
    },
    {
      "code": "traded_mid_season",
      "message": "Player represented multiple teams.",
      "player_id": 866,
      "metric": null
    },
    {
      "code": "incomplete_game_logs",
      "message": "Player has 28 logs across 82 stored team games.",
      "player_id": 866,
      "metric": null
    },
    {
      "code": "incomplete_game_logs",
      "message": "Player has 38 logs across 82 stored team games.",
      "player_id": 867,
      "metric": null
    },
    {
      "code": "minimum_games_not_met",
      "message": "Player has 3 games; 15 are required for benchmarks.",
      "player_id": 868,
      "metric": "points_per_game"
    },
    {
      "code": "minimum_games_not_met",
      "message": "Player has 3 games; 15 are required for benchmarks.",
      "player_id": 868,
      "metric": "rebounds_per_game"
    },
    {
      "code": "minimum_games_not_met",
      "message": "Player has 3 games; 15 are required for benchmarks.",
      "player_id": 868,
      "metric": "assists_per_game"
    },
    {
      "code": "minimum_games_not_met",
      "message": "Player has 3 games; 15 are required for benchmarks.",
      "player_id": 868,
      "metric": "minutes_per_game"
    },
    {
      "code": "minimum_games_not_met",
      "message": "Player has 3 games; 15 are required for benchmarks.",
      "player_id": 868,
      "metric": "plus_minus_per_game"
    },
    {
      "code": "minimum_games_not_met",
      "message": "Player has 3 games; 15 are required for benchmarks.",
      "player_id": 868,
      "metric": "true_shooting_percentage"
    },
    {
      "code": "minimum_games_not_met",
      "message": "Player has 3 games; 15 are required for benchmarks.",
      "player_id": 868,
      "metric": "field_goal_percentage"
    },
    {
      "code": "minimum_games_not_met",
      "message": "Player has 3 games; 15 are required for benchmarks.",
      "player_id": 868,
      "metric": "three_point_percentage"
    },
    {
      "code": "minimum_games_not_met",
      "message": "Player has 3 games; 15 are required for benchmarks.",
      "player_id": 868,
      "metric": "effective_field_goal_percentage"
    },
    {
      "code": "minimum_games_not_met",
      "message": "Player has 3 games; 15 are required for benchmarks.",
      "player_id": 868,
      "metric": "steals_per_game"
    },
    {
      "code": "minimum_games_not_met",
      "message": "Player has 3 games; 15 are required for benchmarks.",
      "player_id": 868,
      "metric": "blocks_per_game"
    },
    {
      "code": "minimum_games_not_met",
      "message": "Player has 3 games; 15 are required for benchmarks.",
      "player_id": 868,
      "metric": "turnovers_per_game"
    },
    {
      "code": "minimum_games_not_met",
      "message": "Player has 3 games; 15 are required for benchmarks.",
      "player_id": 868,
      "metric": "points_per_36"
    },
    {
      "code": "minimum_games_not_met",
      "message": "Player has 3 games; 15 are required for benchmarks.",
      "player_id": 868,
      "metric": "rebounds_per_36"
    },
    {
      "code": "minimum_games_not_met",
      "message": "Player has 3 games; 15 are required for benchmarks.",
      "player_id": 868,
      "metric": "assists_per_36"
    },
    {
      "code": "minimum_games_not_met",
      "message": "Player has 3 games; 15 are required for benchmarks.",
      "player_id": 868,
      "metric": "turnovers_per_36"
    },
    {
      "code": "trend_small_sample",
      "message": "At least 10 games are required to compare recent five games to previous five.",
      "player_id": 868,
      "metric": null
    },
    {
      "code": "incomplete_game_logs",
      "message": "Player has 3 logs across 82 stored team games.",
      "player_id": 868,
      "metric": null
    },
    {
      "code": "traded_mid_season",
      "message": "Player represented multiple teams.",
      "player_id": 869,
      "metric": null
    },
    {
      "code": "incomplete_game_logs",
      "message": "Player has 32 logs across 82 stored team games.",
      "player_id": 869,
      "metric": null
    },
    {
      "code": "minimum_games_not_met",
      "message": "Player has 13 games; 15 are required for benchmarks.",
      "player_id": 870,
      "metric": "points_per_game"
    },
    {
      "code": "minimum_minutes_not_met",
      "message": "Player averages 9.2 minutes; 10.0 are required for benchmarks.",
      "player_id": 870,
      "metric": "points_per_game"
    },
    {
      "code": "minimum_games_not_met",
      "message": "Player has 13 games; 15 are required for benchmarks.",
      "player_id": 870,
      "metric": "rebounds_per_game"
    },
    {
      "code": "minimum_minutes_not_met",
      "message": "Player averages 9.2 minutes; 10.0 are required for benchmarks.",
      "player_id": 870,
      "metric": "rebounds_per_game"
    },
    {
      "code": "minimum_games_not_met",
      "message": "Player has 13 games; 15 are required for benchmarks.",
      "player_id": 870,
      "metric": "assists_per_game"
    },
    {
      "code": "minimum_minutes_not_met",
      "message": "Player averages 9.2 minutes; 10.0 are required for benchmarks.",
      "player_id": 870,
      "metric": "assists_per_game"
    },
    {
      "code": "minimum_games_not_met",
      "message": "Player has 13 games; 15 are required for benchmarks.",
      "player_id": 870,
      "metric": "minutes_per_game"
    },
    {
      "code": "minimum_minutes_not_met",
      "message": "Player averages 9.2 minutes; 10.0 are required for benchmarks.",
      "player_id": 870,
      "metric": "minutes_per_game"
    },
    {
      "code": "minimum_games_not_met",
      "message": "Player has 13 games; 15 are required for benchmarks.",
      "player_id": 870,
      "metric": "plus_minus_per_game"
    },
    {
      "code": "minimum_minutes_not_met",
      "message": "Player averages 9.2 minutes; 10.0 are required for benchmarks.",
      "player_id": 870,
      "metric": "plus_minus_per_game"
    },
    {
      "code": "minimum_games_not_met",
      "message": "Player has 13 games; 15 are required for benchmarks.",
      "player_id": 870,
      "metric": "true_shooting_percentage"
    },
    {
      "code": "minimum_minutes_not_met",
      "message": "Player averages 9.2 minutes; 10.0 are required for benchmarks.",
      "player_id": 870,
      "metric": "true_shooting_percentage"
    },
    {
      "code": "minimum_games_not_met",
      "message": "Player has 13 games; 15 are required for benchmarks.",
      "player_id": 870,
      "metric": "field_goal_percentage"
    },
    {
      "code": "minimum_minutes_not_met",
      "message": "Player averages 9.2 minutes; 10.0 are required for benchmarks.",
      "player_id": 870,
      "metric": "field_goal_percentage"
    },
    {
      "code": "minimum_games_not_met",
      "message": "Player has 13 games; 15 are required for benchmarks.",
      "player_id": 870,
      "metric": "three_point_percentage"
    },
    {
      "code": "minimum_minutes_not_met",
      "message": "Player averages 9.2 minutes; 10.0 are required for benchmarks.",
      "player_id": 870,
      "metric": "three_point_percentage"
    },
    {
      "code": "minimum_games_not_met",
      "message": "Player has 13 games; 15 are required for benchmarks.",
      "player_id": 870,
      "metric": "effective_field_goal_percentage"
    },
    {
      "code": "minimum_minutes_not_met",
      "message": "Player averages 9.2 minutes; 10.0 are required for benchmarks.",
      "player_id": 870,
      "metric": "effective_field_goal_percentage"
    },
    {
      "code": "minimum_games_not_met",
      "message": "Player has 13 games; 15 are required for benchmarks.",
      "player_id": 870,
      "metric": "steals_per_game"
    },
    {
      "code": "minimum_minutes_not_met",
      "message": "Player averages 9.2 minutes; 10.0 are required for benchmarks.",
      "player_id": 870,
      "metric": "steals_per_game"
    },
    {
      "code": "minimum_games_not_met",
      "message": "Player has 13 games; 15 are required for benchmarks.",
      "player_id": 870,
      "metric": "blocks_per_game"
    },
    {
      "code": "minimum_minutes_not_met",
      "message": "Player averages 9.2 minutes; 10.0 are required for benchmarks.",
      "player_id": 870,
      "metric": "blocks_per_game"
    },
    {
      "code": "minimum_games_not_met",
      "message": "Player has 13 games; 15 are required for benchmarks.",
      "player_id": 870,
      "metric": "turnovers_per_game"
    },
    {
      "code": "minimum_minutes_not_met",
      "message": "Player averages 9.2 minutes; 10.0 are required for benchmarks.",
      "player_id": 870,
      "metric": "turnovers_per_game"
    },
    {
      "code": "minimum_games_not_met",
      "message": "Player has 13 games; 15 are required for benchmarks.",
      "player_id": 870,
      "metric": "points_per_36"
    },
    {
      "code": "minimum_minutes_not_met",
      "message": "Player averages 9.2 minutes; 10.0 are required for benchmarks.",
      "player_id": 870,
      "metric": "points_per_36"
    },
    {
      "code": "minimum_games_not_met",
      "message": "Player has 13 games; 15 are required for benchmarks.",
      "player_id": 870,
      "metric": "rebounds_per_36"
    },
    {
      "code": "minimum_minutes_not_met",
      "message": "Player averages 9.2 minutes; 10.0 are required for benchmarks.",
      "player_id": 870,
      "metric": "rebounds_per_36"
    },
    {
      "code": "minimum_games_not_met",
      "message": "Player has 13 games; 15 are required for benchmarks.",
      "player_id": 870,
      "metric": "assists_per_36"
    },
    {
      "code": "minimum_minutes_not_met",
      "message": "Player averages 9.2 minutes; 10.0 are required for benchmarks.",
      "player_id": 870,
      "metric": "assists_per_36"
    },
    {
      "code": "minimum_games_not_met",
      "message": "Player has 13 games; 15 are required for benchmarks.",
      "player_id": 870,
      "metric": "turnovers_per_36"
    },
    {
      "code": "minimum_minutes_not_met",
      "message": "Player averages 9.2 minutes; 10.0 are required for benchmarks.",
      "player_id": 870,
      "metric": "turnovers_per_36"
    },
    {
      "code": "traded_mid_season",
      "message": "Player represented multiple teams.",
      "player_id": 870,
      "metric": null
    },
    {
      "code": "incomplete_game_logs",
      "message": "Player has 13 logs across 82 stored team games.",
      "player_id": 870,
      "metric": null
    },
    {
      "code": "minimum_minutes_not_met",
      "message": "Player averages 7.3 minutes; 10.0 are required for benchmarks.",
      "player_id": 871,
      "metric": "points_per_game"
    },
    {
      "code": "minimum_minutes_not_met",
      "message": "Player averages 7.3 minutes; 10.0 are required for benchmarks.",
      "player_id": 871,
      "metric": "rebounds_per_game"
    },
    {
      "code": "minimum_minutes_not_met",
      "message": "Player averages 7.3 minutes; 10.0 are required for benchmarks.",
      "player_id": 871,
      "metric": "assists_per_game"
    },
    {
      "code": "minimum_minutes_not_met",
      "message": "Player averages 7.3 minutes; 10.0 are required for benchmarks.",
      "player_id": 871,
      "metric": "minutes_per_game"
    },
    {
      "code": "minimum_minutes_not_met",
      "message": "Player averages 7.3 minutes; 10.0 are required for benchmarks.",
      "player_id": 871,
      "metric": "plus_minus_per_game"
    },
    {
      "code": "minimum_minutes_not_met",
      "message": "Player averages 7.3 minutes; 10.0 are required for benchmarks.",
      "player_id": 871,
      "metric": "true_shooting_percentage"
    },
    {
      "code": "minimum_minutes_not_met",
      "message": "Player averages 7.3 minutes; 10.0 are required for benchmarks.",
      "player_id": 871,
      "metric": "field_goal_percentage"
    },
    {
      "code": "minimum_minutes_not_met",
      "message": "Player averages 7.3 minutes; 10.0 are required for benchmarks.",
      "player_id": 871,
      "metric": "three_point_percentage"
    },
    {
      "code": "minimum_minutes_not_met",
      "message": "Player averages 7.3 minutes; 10.0 are required for benchmarks.",
      "player_id": 871,
      "metric": "effective_field_goal_percentage"
    },
    {
      "code": "minimum_minutes_not_met",
      "message": "Player averages 7.3 minutes; 10.0 are required for benchmarks.",
      "player_id": 871,
      "metric": "steals_per_game"
    },
    {
      "code": "minimum_minutes_not_met",
      "message": "Player averages 7.3 minutes; 10.0 are required for benchmarks.",
      "player_id": 871,
      "metric": "blocks_per_game"
    },
    {
      "code": "minimum_minutes_not_met",
      "message": "Player averages 7.3 minutes; 10.0 are required for benchmarks.",
      "player_id": 871,
      "metric": "turnovers_per_game"
    },
    {
      "code": "minimum_minutes_not_met",
      "message": "Player averages 7.3 minutes; 10.0 are required for benchmarks.",
      "player_id": 871,
      "metric": "points_per_36"
    },
    {
      "code": "minimum_minutes_not_met",
      "message": "Player averages 7.3 minutes; 10.0 are required for benchmarks.",
      "player_id": 871,
      "metric": "rebounds_per_36"
    },
    {
      "code": "minimum_minutes_not_met",
      "message": "Player averages 7.3 minutes; 10.0 are required for benchmarks.",
      "player_id": 871,
      "metric": "assists_per_36"
    },
    {
      "code": "minimum_minutes_not_met",
      "message": "Player averages 7.3 minutes; 10.0 are required for benchmarks.",
      "player_id": 871,
      "metric": "turnovers_per_36"
    },
    {
      "code": "incomplete_game_logs",
      "message": "Player has 20 logs across 82 stored team games.",
      "player_id": 871,
      "metric": null
    },
    {
      "code": "minimum_games_not_met",
      "message": "Player has 6 games; 15 are required for benchmarks.",
      "player_id": 872,
      "metric": "points_per_game"
    },
    {
      "code": "minimum_games_not_met",
      "message": "Player has 6 games; 15 are required for benchmarks.",
      "player_id": 872,
      "metric": "rebounds_per_game"
    },
    {
      "code": "minimum_games_not_met",
      "message": "Player has 6 games; 15 are required for benchmarks.",
      "player_id": 872,
      "metric": "assists_per_game"
    },
    {
      "code": "minimum_games_not_met",
      "message": "Player has 6 games; 15 are required for benchmarks.",
      "player_id": 872,
      "metric": "minutes_per_game"
    },
    {
      "code": "minimum_games_not_met",
      "message": "Player has 6 games; 15 are required for benchmarks.",
      "player_id": 872,
      "metric": "plus_minus_per_game"
    },
    {
      "code": "minimum_games_not_met",
      "message": "Player has 6 games; 15 are required for benchmarks.",
      "player_id": 872,
      "metric": "true_shooting_percentage"
    },
    {
      "code": "minimum_games_not_met",
      "message": "Player has 6 games; 15 are required for benchmarks.",
      "player_id": 872,
      "metric": "field_goal_percentage"
    },
    {
      "code": "minimum_games_not_met",
      "message": "Player has 6 games; 15 are required for benchmarks.",
      "player_id": 872,
      "metric": "three_point_percentage"
    },
    {
      "code": "minimum_games_not_met",
      "message": "Player has 6 games; 15 are required for benchmarks.",
      "player_id": 872,
      "metric": "effective_field_goal_percentage"
    },
    {
      "code": "minimum_games_not_met",
      "message": "Player has 6 games; 15 are required for benchmarks.",
      "player_id": 872,
      "metric": "steals_per_game"
    },
    {
      "code": "minimum_games_not_met",
      "message": "Player has 6 games; 15 are required for benchmarks.",
      "player_id": 872,
      "metric": "blocks_per_game"
    },
    {
      "code": "minimum_games_not_met",
      "message": "Player has 6 games; 15 are required for benchmarks.",
      "player_id": 872,
      "metric": "turnovers_per_game"
    },
    {
      "code": "minimum_games_not_met",
      "message": "Player has 6 games; 15 are required for benchmarks.",
      "player_id": 872,
      "metric": "points_per_36"
    },
    {
      "code": "minimum_games_not_met",
      "message": "Player has 6 games; 15 are required for benchmarks.",
      "player_id": 872,
      "metric": "rebounds_per_36"
    },
    {
      "code": "minimum_games_not_met",
      "message": "Player has 6 games; 15 are required for benchmarks.",
      "player_id": 872,
      "metric": "assists_per_36"
    },
    {
      "code": "minimum_games_not_met",
      "message": "Player has 6 games; 15 are required for benchmarks.",
      "player_id": 872,
      "metric": "turnovers_per_36"
    },
    {
      "code": "trend_small_sample",
      "message": "At least 10 games are required to compare recent five games to previous five.",
      "player_id": 872,
      "metric": null
    },
    {
      "code": "incomplete_game_logs",
      "message": "Player has 6 logs across 82 stored team games.",
      "player_id": 872,
      "metric": null
    },
    {
      "code": "minimum_games_not_met",
      "message": "Player has 3 games; 15 are required for benchmarks.",
      "player_id": 873,
      "metric": "points_per_game"
    },
    {
      "code": "minimum_games_not_met",
      "message": "Player has 3 games; 15 are required for benchmarks.",
      "player_id": 873,
      "metric": "rebounds_per_game"
    },
    {
      "code": "minimum_games_not_met",
      "message": "Player has 3 games; 15 are required for benchmarks.",
      "player_id": 873,
      "metric": "assists_per_game"
    },
    {
      "code": "minimum_games_not_met",
      "message": "Player has 3 games; 15 are required for benchmarks.",
      "player_id": 873,
      "metric": "minutes_per_game"
    },
    {
      "code": "minimum_games_not_met",
      "message": "Player has 3 games; 15 are required for benchmarks.",
      "player_id": 873,
      "metric": "plus_minus_per_game"
    },
    {
      "code": "minimum_games_not_met",
      "message": "Player has 3 games; 15 are required for benchmarks.",
      "player_id": 873,
      "metric": "true_shooting_percentage"
    },
    {
      "code": "minimum_games_not_met",
      "message": "Player has 3 games; 15 are required for benchmarks.",
      "player_id": 873,
      "metric": "field_goal_percentage"
    },
    {
      "code": "minimum_games_not_met",
      "message": "Player has 3 games; 15 are required for benchmarks.",
      "player_id": 873,
      "metric": "three_point_percentage"
    },
    {
      "code": "minimum_games_not_met",
      "message": "Player has 3 games; 15 are required for benchmarks.",
      "player_id": 873,
      "metric": "effective_field_goal_percentage"
    },
    {
      "code": "minimum_games_not_met",
      "message": "Player has 3 games; 15 are required for benchmarks.",
      "player_id": 873,
      "metric": "steals_per_game"
    },
    {
      "code": "minimum_games_not_met",
      "message": "Player has 3 games; 15 are required for benchmarks.",
      "player_id": 873,
      "metric": "blocks_per_game"
    },
    {
      "code": "minimum_games_not_met",
      "message": "Player has 3 games; 15 are required for benchmarks.",
      "player_id": 873,
      "metric": "turnovers_per_game"
    },
    {
      "code": "minimum_games_not_met",
      "message": "Player has 3 games; 15 are required for benchmarks.",
      "player_id": 873,
      "metric": "points_per_36"
    },
    {
      "code": "minimum_games_not_met",
      "message": "Player has 3 games; 15 are required for benchmarks.",
      "player_id": 873,
      "metric": "rebounds_per_36"
    },
    {
      "code": "minimum_games_not_met",
      "message": "Player has 3 games; 15 are required for benchmarks.",
      "player_id": 873,
      "metric": "assists_per_36"
    },
    {
      "code": "minimum_games_not_met",
      "message": "Player has 3 games; 15 are required for benchmarks.",
      "player_id": 873,
      "metric": "turnovers_per_36"
    },
    {
      "code": "trend_small_sample",
      "message": "At least 10 games are required to compare recent five games to previous five.",
      "player_id": 873,
      "metric": null
    },
    {
      "code": "incomplete_game_logs",
      "message": "Player has 3 logs across 82 stored team games.",
      "player_id": 873,
      "metric": null
    },
    {
      "code": "minimum_games_not_met",
      "message": "Player has 9 games; 15 are required for benchmarks.",
      "player_id": 874,
      "metric": "points_per_game"
    },
    {
      "code": "minimum_minutes_not_met",
      "message": "Player averages 4.0 minutes; 10.0 are required for benchmarks.",
      "player_id": 874,
      "metric": "points_per_game"
    },
    {
      "code": "minimum_games_not_met",
      "message": "Player has 9 games; 15 are required for benchmarks.",
      "player_id": 874,
      "metric": "rebounds_per_game"
    },
    {
      "code": "minimum_minutes_not_met",
      "message": "Player averages 4.0 minutes; 10.0 are required for benchmarks.",
      "player_id": 874,
      "metric": "rebounds_per_game"
    },
    {
      "code": "minimum_games_not_met",
      "message": "Player has 9 games; 15 are required for benchmarks.",
      "player_id": 874,
      "metric": "assists_per_game"
    },
    {
      "code": "minimum_minutes_not_met",
      "message": "Player averages 4.0 minutes; 10.0 are required for benchmarks.",
      "player_id": 874,
      "metric": "assists_per_game"
    },
    {
      "code": "minimum_games_not_met",
      "message": "Player has 9 games; 15 are required for benchmarks.",
      "player_id": 874,
      "metric": "minutes_per_game"
    },
    {
      "code": "minimum_minutes_not_met",
      "message": "Player averages 4.0 minutes; 10.0 are required for benchmarks.",
      "player_id": 874,
      "metric": "minutes_per_game"
    },
    {
      "code": "minimum_games_not_met",
      "message": "Player has 9 games; 15 are required for benchmarks.",
      "player_id": 874,
      "metric": "plus_minus_per_game"
    },
    {
      "code": "minimum_minutes_not_met",
      "message": "Player averages 4.0 minutes; 10.0 are required for benchmarks.",
      "player_id": 874,
      "metric": "plus_minus_per_game"
    },
    {
      "code": "minimum_games_not_met",
      "message": "Player has 9 games; 15 are required for benchmarks.",
      "player_id": 874,
      "metric": "true_shooting_percentage"
    },
    {
      "code": "minimum_minutes_not_met",
      "message": "Player averages 4.0 minutes; 10.0 are required for benchmarks.",
      "player_id": 874,
      "metric": "true_shooting_percentage"
    },
    {
      "code": "minimum_games_not_met",
      "message": "Player has 9 games; 15 are required for benchmarks.",
      "player_id": 874,
      "metric": "field_goal_percentage"
    },
    {
      "code": "minimum_minutes_not_met",
      "message": "Player averages 4.0 minutes; 10.0 are required for benchmarks.",
      "player_id": 874,
      "metric": "field_goal_percentage"
    },
    {
      "code": "minimum_games_not_met",
      "message": "Player has 9 games; 15 are required for benchmarks.",
      "player_id": 874,
      "metric": "three_point_percentage"
    },
    {
      "code": "minimum_minutes_not_met",
      "message": "Player averages 4.0 minutes; 10.0 are required for benchmarks.",
      "player_id": 874,
      "metric": "three_point_percentage"
    },
    {
      "code": "minimum_games_not_met",
      "message": "Player has 9 games; 15 are required for benchmarks.",
      "player_id": 874,
      "metric": "effective_field_goal_percentage"
    },
    {
      "code": "minimum_minutes_not_met",
      "message": "Player averages 4.0 minutes; 10.0 are required for benchmarks.",
      "player_id": 874,
      "metric": "effective_field_goal_percentage"
    },
    {
      "code": "minimum_games_not_met",
      "message": "Player has 9 games; 15 are required for benchmarks.",
      "player_id": 874,
      "metric": "steals_per_game"
    },
    {
      "code": "minimum_minutes_not_met",
      "message": "Player averages 4.0 minutes; 10.0 are required for benchmarks.",
      "player_id": 874,
      "metric": "steals_per_game"
    },
    {
      "code": "minimum_games_not_met",
      "message": "Player has 9 games; 15 are required for benchmarks.",
      "player_id": 874,
      "metric": "blocks_per_game"
    },
    {
      "code": "minimum_minutes_not_met",
      "message": "Player averages 4.0 minutes; 10.0 are required for benchmarks.",
      "player_id": 874,
      "metric": "blocks_per_game"
    },
    {
      "code": "minimum_games_not_met",
      "message": "Player has 9 games; 15 are required for benchmarks.",
      "player_id": 874,
      "metric": "turnovers_per_game"
    },
    {
      "code": "minimum_minutes_not_met",
      "message": "Player averages 4.0 minutes; 10.0 are required for benchmarks.",
      "player_id": 874,
      "metric": "turnovers_per_game"
    },
    {
      "code": "minimum_games_not_met",
      "message": "Player has 9 games; 15 are required for benchmarks.",
      "player_id": 874,
      "metric": "points_per_36"
    },
    {
      "code": "minimum_minutes_not_met",
      "message": "Player averages 4.0 minutes; 10.0 are required for benchmarks.",
      "player_id": 874,
      "metric": "points_per_36"
    },
    {
      "code": "minimum_games_not_met",
      "message": "Player has 9 games; 15 are required for benchmarks.",
      "player_id": 874,
      "metric": "rebounds_per_36"
    },
    {
      "code": "minimum_minutes_not_met",
      "message": "Player averages 4.0 minutes; 10.0 are required for benchmarks.",
      "player_id": 874,
      "metric": "rebounds_per_36"
    },
    {
      "code": "minimum_games_not_met",
      "message": "Player has 9 games; 15 are required for benchmarks.",
      "player_id": 874,
      "metric": "assists_per_36"
    },
    {
      "code": "minimum_minutes_not_met",
      "message": "Player averages 4.0 minutes; 10.0 are required for benchmarks.",
      "player_id": 874,
      "metric": "assists_per_36"
    },
    {
      "code": "minimum_games_not_met",
      "message": "Player has 9 games; 15 are required for benchmarks.",
      "player_id": 874,
      "metric": "turnovers_per_36"
    },
    {
      "code": "minimum_minutes_not_met",
      "message": "Player averages 4.0 minutes; 10.0 are required for benchmarks.",
      "player_id": 874,
      "metric": "turnovers_per_36"
    },
    {
      "code": "trend_small_sample",
      "message": "At least 10 games are required to compare recent five games to previous five.",
      "player_id": 874,
      "metric": null
    },
    {
      "code": "incomplete_game_logs",
      "message": "Player has 9 logs across 82 stored team games.",
      "player_id": 874,
      "metric": null
    },
    {
      "code": "minimum_minutes_not_met",
      "message": "Player averages 4.5 minutes; 10.0 are required for benchmarks.",
      "player_id": 875,
      "metric": "points_per_game"
    },
    {
      "code": "minimum_minutes_not_met",
      "message": "Player averages 4.5 minutes; 10.0 are required for benchmarks.",
      "player_id": 875,
      "metric": "rebounds_per_game"
    },
    {
      "code": "minimum_minutes_not_met",
      "message": "Player averages 4.5 minutes; 10.0 are required for benchmarks.",
      "player_id": 875,
      "metric": "assists_per_game"
    },
    {
      "code": "minimum_minutes_not_met",
      "message": "Player averages 4.5 minutes; 10.0 are required for benchmarks.",
      "player_id": 875,
      "metric": "minutes_per_game"
    },
    {
      "code": "minimum_minutes_not_met",
      "message": "Player averages 4.5 minutes; 10.0 are required for benchmarks.",
      "player_id": 875,
      "metric": "plus_minus_per_game"
    },
    {
      "code": "minimum_minutes_not_met",
      "message": "Player averages 4.5 minutes; 10.0 are required for benchmarks.",
      "player_id": 875,
      "metric": "true_shooting_percentage"
    },
    {
      "code": "minimum_minutes_not_met",
      "message": "Player averages 4.5 minutes; 10.0 are required for benchmarks.",
      "player_id": 875,
      "metric": "field_goal_percentage"
    },
    {
      "code": "minimum_minutes_not_met",
      "message": "Player averages 4.5 minutes; 10.0 are required for benchmarks.",
      "player_id": 875,
      "metric": "three_point_percentage"
    },
    {
      "code": "minimum_minutes_not_met",
      "message": "Player averages 4.5 minutes; 10.0 are required for benchmarks.",
      "player_id": 875,
      "metric": "effective_field_goal_percentage"
    },
    {
      "code": "minimum_minutes_not_met",
      "message": "Player averages 4.5 minutes; 10.0 are required for benchmarks.",
      "player_id": 875,
      "metric": "steals_per_game"
    },
    {
      "code": "minimum_minutes_not_met",
      "message": "Player averages 4.5 minutes; 10.0 are required for benchmarks.",
      "player_id": 875,
      "metric": "blocks_per_game"
    },
    {
      "code": "minimum_minutes_not_met",
      "message": "Player averages 4.5 minutes; 10.0 are required for benchmarks.",
      "player_id": 875,
      "metric": "turnovers_per_game"
    },
    {
      "code": "minimum_minutes_not_met",
      "message": "Player averages 4.5 minutes; 10.0 are required for benchmarks.",
      "player_id": 875,
      "metric": "points_per_36"
    },
    {
      "code": "minimum_minutes_not_met",
      "message": "Player averages 4.5 minutes; 10.0 are required for benchmarks.",
      "player_id": 875,
      "metric": "rebounds_per_36"
    },
    {
      "code": "minimum_minutes_not_met",
      "message": "Player averages 4.5 minutes; 10.0 are required for benchmarks.",
      "player_id": 875,
      "metric": "assists_per_36"
    },
    {
      "code": "minimum_minutes_not_met",
      "message": "Player averages 4.5 minutes; 10.0 are required for benchmarks.",
      "player_id": 875,
      "metric": "turnovers_per_36"
    },
    {
      "code": "traded_mid_season",
      "message": "Player represented multiple teams.",
      "player_id": 875,
      "metric": null
    },
    {
      "code": "incomplete_game_logs",
      "message": "Player has 24 logs across 82 stored team games.",
      "player_id": 875,
      "metric": null
    },
    {
      "code": "traded_mid_season",
      "message": "Player represented multiple teams.",
      "player_id": 876,
      "metric": null
    },
    {
      "code": "incomplete_game_logs",
      "message": "Player has 29 logs across 82 stored team games.",
      "player_id": 876,
      "metric": null
    },
    {
      "code": "minimum_games_not_met",
      "message": "Player has 5 games; 15 are required for benchmarks.",
      "player_id": 877,
      "metric": "points_per_game"
    },
    {
      "code": "minimum_minutes_not_met",
      "message": "Player averages 8.8 minutes; 10.0 are required for benchmarks.",
      "player_id": 877,
      "metric": "points_per_game"
    },
    {
      "code": "minimum_games_not_met",
      "message": "Player has 5 games; 15 are required for benchmarks.",
      "player_id": 877,
      "metric": "rebounds_per_game"
    },
    {
      "code": "minimum_minutes_not_met",
      "message": "Player averages 8.8 minutes; 10.0 are required for benchmarks.",
      "player_id": 877,
      "metric": "rebounds_per_game"
    },
    {
      "code": "minimum_games_not_met",
      "message": "Player has 5 games; 15 are required for benchmarks.",
      "player_id": 877,
      "metric": "assists_per_game"
    },
    {
      "code": "minimum_minutes_not_met",
      "message": "Player averages 8.8 minutes; 10.0 are required for benchmarks.",
      "player_id": 877,
      "metric": "assists_per_game"
    },
    {
      "code": "minimum_games_not_met",
      "message": "Player has 5 games; 15 are required for benchmarks.",
      "player_id": 877,
      "metric": "minutes_per_game"
    },
    {
      "code": "minimum_minutes_not_met",
      "message": "Player averages 8.8 minutes; 10.0 are required for benchmarks.",
      "player_id": 877,
      "metric": "minutes_per_game"
    },
    {
      "code": "minimum_games_not_met",
      "message": "Player has 5 games; 15 are required for benchmarks.",
      "player_id": 877,
      "metric": "plus_minus_per_game"
    },
    {
      "code": "minimum_minutes_not_met",
      "message": "Player averages 8.8 minutes; 10.0 are required for benchmarks.",
      "player_id": 877,
      "metric": "plus_minus_per_game"
    },
    {
      "code": "minimum_games_not_met",
      "message": "Player has 5 games; 15 are required for benchmarks.",
      "player_id": 877,
      "metric": "true_shooting_percentage"
    },
    {
      "code": "minimum_minutes_not_met",
      "message": "Player averages 8.8 minutes; 10.0 are required for benchmarks.",
      "player_id": 877,
      "metric": "true_shooting_percentage"
    },
    {
      "code": "minimum_games_not_met",
      "message": "Player has 5 games; 15 are required for benchmarks.",
      "player_id": 877,
      "metric": "field_goal_percentage"
    },
    {
      "code": "minimum_minutes_not_met",
      "message": "Player averages 8.8 minutes; 10.0 are required for benchmarks.",
      "player_id": 877,
      "metric": "field_goal_percentage"
    },
    {
      "code": "minimum_games_not_met",
      "message": "Player has 5 games; 15 are required for benchmarks.",
      "player_id": 877,
      "metric": "three_point_percentage"
    },
    {
      "code": "minimum_minutes_not_met",
      "message": "Player averages 8.8 minutes; 10.0 are required for benchmarks.",
      "player_id": 877,
      "metric": "three_point_percentage"
    },
    {
      "code": "minimum_games_not_met",
      "message": "Player has 5 games; 15 are required for benchmarks.",
      "player_id": 877,
      "metric": "effective_field_goal_percentage"
    },
    {
      "code": "minimum_minutes_not_met",
      "message": "Player averages 8.8 minutes; 10.0 are required for benchmarks.",
      "player_id": 877,
      "metric": "effective_field_goal_percentage"
    },
    {
      "code": "minimum_games_not_met",
      "message": "Player has 5 games; 15 are required for benchmarks.",
      "player_id": 877,
      "metric": "steals_per_game"
    },
    {
      "code": "minimum_minutes_not_met",
      "message": "Player averages 8.8 minutes; 10.0 are required for benchmarks.",
      "player_id": 877,
      "metric": "steals_per_game"
    },
    {
      "code": "minimum_games_not_met",
      "message": "Player has 5 games; 15 are required for benchmarks.",
      "player_id": 877,
      "metric": "blocks_per_game"
    },
    {
      "code": "minimum_minutes_not_met",
      "message": "Player averages 8.8 minutes; 10.0 are required for benchmarks.",
      "player_id": 877,
      "metric": "blocks_per_game"
    },
    {
      "code": "minimum_games_not_met",
      "message": "Player has 5 games; 15 are required for benchmarks.",
      "player_id": 877,
      "metric": "turnovers_per_game"
    },
    {
      "code": "minimum_minutes_not_met",
      "message": "Player averages 8.8 minutes; 10.0 are required for benchmarks.",
      "player_id": 877,
      "metric": "turnovers_per_game"
    },
    {
      "code": "minimum_games_not_met",
      "message": "Player has 5 games; 15 are required for benchmarks.",
      "player_id": 877,
      "metric": "points_per_36"
    },
    {
      "code": "minimum_minutes_not_met",
      "message": "Player averages 8.8 minutes; 10.0 are required for benchmarks.",
      "player_id": 877,
      "metric": "points_per_36"
    },
    {
      "code": "minimum_games_not_met",
      "message": "Player has 5 games; 15 are required for benchmarks.",
      "player_id": 877,
      "metric": "rebounds_per_36"
    },
    {
      "code": "minimum_minutes_not_met",
      "message": "Player averages 8.8 minutes; 10.0 are required for benchmarks.",
      "player_id": 877,
      "metric": "rebounds_per_36"
    },
    {
      "code": "minimum_games_not_met",
      "message": "Player has 5 games; 15 are required for benchmarks.",
      "player_id": 877,
      "metric": "assists_per_36"
    },
    {
      "code": "minimum_minutes_not_met",
      "message": "Player averages 8.8 minutes; 10.0 are required for benchmarks.",
      "player_id": 877,
      "metric": "assists_per_36"
    },
    {
      "code": "minimum_games_not_met",
      "message": "Player has 5 games; 15 are required for benchmarks.",
      "player_id": 877,
      "metric": "turnovers_per_36"
    },
    {
      "code": "minimum_minutes_not_met",
      "message": "Player averages 8.8 minutes; 10.0 are required for benchmarks.",
      "player_id": 877,
      "metric": "turnovers_per_36"
    },
    {
      "code": "trend_small_sample",
      "message": "At least 10 games are required to compare recent five games to previous five.",
      "player_id": 877,
      "metric": null
    },
    {
      "code": "incomplete_game_logs",
      "message": "Player has 5 logs across 82 stored team games.",
      "player_id": 877,
      "metric": null
    },
    {
      "code": "minimum_games_not_met",
      "message": "Player has 2 games; 15 are required for benchmarks.",
      "player_id": 878,
      "metric": "points_per_game"
    },
    {
      "code": "minimum_minutes_not_met",
      "message": "Player averages 5.0 minutes; 10.0 are required for benchmarks.",
      "player_id": 878,
      "metric": "points_per_game"
    },
    {
      "code": "minimum_games_not_met",
      "message": "Player has 2 games; 15 are required for benchmarks.",
      "player_id": 878,
      "metric": "rebounds_per_game"
    },
    {
      "code": "minimum_minutes_not_met",
      "message": "Player averages 5.0 minutes; 10.0 are required for benchmarks.",
      "player_id": 878,
      "metric": "rebounds_per_game"
    },
    {
      "code": "minimum_games_not_met",
      "message": "Player has 2 games; 15 are required for benchmarks.",
      "player_id": 878,
      "metric": "assists_per_game"
    },
    {
      "code": "minimum_minutes_not_met",
      "message": "Player averages 5.0 minutes; 10.0 are required for benchmarks.",
      "player_id": 878,
      "metric": "assists_per_game"
    },
    {
      "code": "minimum_games_not_met",
      "message": "Player has 2 games; 15 are required for benchmarks.",
      "player_id": 878,
      "metric": "minutes_per_game"
    },
    {
      "code": "minimum_minutes_not_met",
      "message": "Player averages 5.0 minutes; 10.0 are required for benchmarks.",
      "player_id": 878,
      "metric": "minutes_per_game"
    },
    {
      "code": "minimum_games_not_met",
      "message": "Player has 2 games; 15 are required for benchmarks.",
      "player_id": 878,
      "metric": "plus_minus_per_game"
    },
    {
      "code": "minimum_minutes_not_met",
      "message": "Player averages 5.0 minutes; 10.0 are required for benchmarks.",
      "player_id": 878,
      "metric": "plus_minus_per_game"
    },
    {
      "code": "minimum_games_not_met",
      "message": "Player has 2 games; 15 are required for benchmarks.",
      "player_id": 878,
      "metric": "true_shooting_percentage"
    },
    {
      "code": "minimum_minutes_not_met",
      "message": "Player averages 5.0 minutes; 10.0 are required for benchmarks.",
      "player_id": 878,
      "metric": "true_shooting_percentage"
    },
    {
      "code": "minimum_games_not_met",
      "message": "Player has 2 games; 15 are required for benchmarks.",
      "player_id": 878,
      "metric": "field_goal_percentage"
    },
    {
      "code": "minimum_minutes_not_met",
      "message": "Player averages 5.0 minutes; 10.0 are required for benchmarks.",
      "player_id": 878,
      "metric": "field_goal_percentage"
    },
    {
      "code": "minimum_games_not_met",
      "message": "Player has 2 games; 15 are required for benchmarks.",
      "player_id": 878,
      "metric": "three_point_percentage"
    },
    {
      "code": "minimum_minutes_not_met",
      "message": "Player averages 5.0 minutes; 10.0 are required for benchmarks.",
      "player_id": 878,
      "metric": "three_point_percentage"
    },
    {
      "code": "minimum_games_not_met",
      "message": "Player has 2 games; 15 are required for benchmarks.",
      "player_id": 878,
      "metric": "effective_field_goal_percentage"
    },
    {
      "code": "minimum_minutes_not_met",
      "message": "Player averages 5.0 minutes; 10.0 are required for benchmarks.",
      "player_id": 878,
      "metric": "effective_field_goal_percentage"
    },
    {
      "code": "minimum_games_not_met",
      "message": "Player has 2 games; 15 are required for benchmarks.",
      "player_id": 878,
      "metric": "steals_per_game"
    },
    {
      "code": "minimum_minutes_not_met",
      "message": "Player averages 5.0 minutes; 10.0 are required for benchmarks.",
      "player_id": 878,
      "metric": "steals_per_game"
    },
    {
      "code": "minimum_games_not_met",
      "message": "Player has 2 games; 15 are required for benchmarks.",
      "player_id": 878,
      "metric": "blocks_per_game"
    },
    {
      "code": "minimum_minutes_not_met",
      "message": "Player averages 5.0 minutes; 10.0 are required for benchmarks.",
      "player_id": 878,
      "metric": "blocks_per_game"
    },
    {
      "code": "minimum_games_not_met",
      "message": "Player has 2 games; 15 are required for benchmarks.",
      "player_id": 878,
      "metric": "turnovers_per_game"
    },
    {
      "code": "minimum_minutes_not_met",
      "message": "Player averages 5.0 minutes; 10.0 are required for benchmarks.",
      "player_id": 878,
      "metric": "turnovers_per_game"
    },
    {
      "code": "minimum_games_not_met",
      "message": "Player has 2 games; 15 are required for benchmarks.",
      "player_id": 878,
      "metric": "points_per_36"
    },
    {
      "code": "minimum_minutes_not_met",
      "message": "Player averages 5.0 minutes; 10.0 are required for benchmarks.",
      "player_id": 878,
      "metric": "points_per_36"
    },
    {
      "code": "minimum_games_not_met",
      "message": "Player has 2 games; 15 are required for benchmarks.",
      "player_id": 878,
      "metric": "rebounds_per_36"
    },
    {
      "code": "minimum_minutes_not_met",
      "message": "Player averages 5.0 minutes; 10.0 are required for benchmarks.",
      "player_id": 878,
      "metric": "rebounds_per_36"
    },
    {
      "code": "minimum_games_not_met",
      "message": "Player has 2 games; 15 are required for benchmarks.",
      "player_id": 878,
      "metric": "assists_per_36"
    },
    {
      "code": "minimum_minutes_not_met",
      "message": "Player averages 5.0 minutes; 10.0 are required for benchmarks.",
      "player_id": 878,
      "metric": "assists_per_36"
    },
    {
      "code": "minimum_games_not_met",
      "message": "Player has 2 games; 15 are required for benchmarks.",
      "player_id": 878,
      "metric": "turnovers_per_36"
    },
    {
      "code": "minimum_minutes_not_met",
      "message": "Player averages 5.0 minutes; 10.0 are required for benchmarks.",
      "player_id": 878,
      "metric": "turnovers_per_36"
    },
    {
      "code": "trend_small_sample",
      "message": "At least 10 games are required to compare recent five games to previous five.",
      "player_id": 878,
      "metric": null
    },
    {
      "code": "incomplete_game_logs",
      "message": "Player has 2 logs across 82 stored team games.",
      "player_id": 878,
      "metric": null
    },
    {
      "code": "traded_mid_season",
      "message": "Player represented multiple teams.",
      "player_id": 879,
      "metric": null
    },
    {
      "code": "incomplete_game_logs",
      "message": "Player has 36 logs across 82 stored team games.",
      "player_id": 879,
      "metric": null
    },
    {
      "code": "incomplete_game_logs",
      "message": "Player has 31 logs across 82 stored team games.",
      "player_id": 880,
      "metric": null
    },
    {
      "code": "incomplete_game_logs",
      "message": "Player has 31 logs across 82 stored team games.",
      "player_id": 881,
      "metric": null
    },
    {
      "code": "incomplete_game_logs",
      "message": "Player has 73 logs across 82 stored team games.",
      "player_id": 882,
      "metric": null
    },
    {
      "code": "incomplete_game_logs",
      "message": "Player has 68 logs across 82 stored team games.",
      "player_id": 883,
      "metric": null
    },
    {
      "code": "traded_mid_season",
      "message": "Player represented multiple teams.",
      "player_id": 884,
      "metric": null
    },
    {
      "code": "incomplete_game_logs",
      "message": "Player has 57 logs across 82 stored team games.",
      "player_id": 884,
      "metric": null
    },
    {
      "code": "minimum_games_not_met",
      "message": "Player has 4 games; 15 are required for benchmarks.",
      "player_id": 885,
      "metric": "points_per_game"
    },
    {
      "code": "minimum_minutes_not_met",
      "message": "Player averages 3.0 minutes; 10.0 are required for benchmarks.",
      "player_id": 885,
      "metric": "points_per_game"
    },
    {
      "code": "minimum_games_not_met",
      "message": "Player has 4 games; 15 are required for benchmarks.",
      "player_id": 885,
      "metric": "rebounds_per_game"
    },
    {
      "code": "minimum_minutes_not_met",
      "message": "Player averages 3.0 minutes; 10.0 are required for benchmarks.",
      "player_id": 885,
      "metric": "rebounds_per_game"
    },
    {
      "code": "minimum_games_not_met",
      "message": "Player has 4 games; 15 are required for benchmarks.",
      "player_id": 885,
      "metric": "assists_per_game"
    },
    {
      "code": "minimum_minutes_not_met",
      "message": "Player averages 3.0 minutes; 10.0 are required for benchmarks.",
      "player_id": 885,
      "metric": "assists_per_game"
    },
    {
      "code": "minimum_games_not_met",
      "message": "Player has 4 games; 15 are required for benchmarks.",
      "player_id": 885,
      "metric": "minutes_per_game"
    },
    {
      "code": "minimum_minutes_not_met",
      "message": "Player averages 3.0 minutes; 10.0 are required for benchmarks.",
      "player_id": 885,
      "metric": "minutes_per_game"
    },
    {
      "code": "minimum_games_not_met",
      "message": "Player has 4 games; 15 are required for benchmarks.",
      "player_id": 885,
      "metric": "plus_minus_per_game"
    },
    {
      "code": "minimum_minutes_not_met",
      "message": "Player averages 3.0 minutes; 10.0 are required for benchmarks.",
      "player_id": 885,
      "metric": "plus_minus_per_game"
    },
    {
      "code": "minimum_games_not_met",
      "message": "Player has 4 games; 15 are required for benchmarks.",
      "player_id": 885,
      "metric": "true_shooting_percentage"
    },
    {
      "code": "minimum_minutes_not_met",
      "message": "Player averages 3.0 minutes; 10.0 are required for benchmarks.",
      "player_id": 885,
      "metric": "true_shooting_percentage"
    },
    {
      "code": "minimum_games_not_met",
      "message": "Player has 4 games; 15 are required for benchmarks.",
      "player_id": 885,
      "metric": "field_goal_percentage"
    },
    {
      "code": "minimum_minutes_not_met",
      "message": "Player averages 3.0 minutes; 10.0 are required for benchmarks.",
      "player_id": 885,
      "metric": "field_goal_percentage"
    },
    {
      "code": "minimum_games_not_met",
      "message": "Player has 4 games; 15 are required for benchmarks.",
      "player_id": 885,
      "metric": "three_point_percentage"
    },
    {
      "code": "minimum_minutes_not_met",
      "message": "Player averages 3.0 minutes; 10.0 are required for benchmarks.",
      "player_id": 885,
      "metric": "three_point_percentage"
    },
    {
      "code": "minimum_games_not_met",
      "message": "Player has 4 games; 15 are required for benchmarks.",
      "player_id": 885,
      "metric": "effective_field_goal_percentage"
    },
    {
      "code": "minimum_minutes_not_met",
      "message": "Player averages 3.0 minutes; 10.0 are required for benchmarks.",
      "player_id": 885,
      "metric": "effective_field_goal_percentage"
    },
    {
      "code": "minimum_games_not_met",
      "message": "Player has 4 games; 15 are required for benchmarks.",
      "player_id": 885,
      "metric": "steals_per_game"
    },
    {
      "code": "minimum_minutes_not_met",
      "message": "Player averages 3.0 minutes; 10.0 are required for benchmarks.",
      "player_id": 885,
      "metric": "steals_per_game"
    },
    {
      "code": "minimum_games_not_met",
      "message": "Player has 4 games; 15 are required for benchmarks.",
      "player_id": 885,
      "metric": "blocks_per_game"
    },
    {
      "code": "minimum_minutes_not_met",
      "message": "Player averages 3.0 minutes; 10.0 are required for benchmarks.",
      "player_id": 885,
      "metric": "blocks_per_game"
    },
    {
      "code": "minimum_games_not_met",
      "message": "Player has 4 games; 15 are required for benchmarks.",
      "player_id": 885,
      "metric": "turnovers_per_game"
    },
    {
      "code": "minimum_minutes_not_met",
      "message": "Player averages 3.0 minutes; 10.0 are required for benchmarks.",
      "player_id": 885,
      "metric": "turnovers_per_game"
    },
    {
      "code": "minimum_games_not_met",
      "message": "Player has 4 games; 15 are required for benchmarks.",
      "player_id": 885,
      "metric": "points_per_36"
    },
    {
      "code": "minimum_minutes_not_met",
      "message": "Player averages 3.0 minutes; 10.0 are required for benchmarks.",
      "player_id": 885,
      "metric": "points_per_36"
    },
    {
      "code": "minimum_games_not_met",
      "message": "Player has 4 games; 15 are required for benchmarks.",
      "player_id": 885,
      "metric": "rebounds_per_36"
    },
    {
      "code": "minimum_minutes_not_met",
      "message": "Player averages 3.0 minutes; 10.0 are required for benchmarks.",
      "player_id": 885,
      "metric": "rebounds_per_36"
    },
    {
      "code": "minimum_games_not_met",
      "message": "Player has 4 games; 15 are required for benchmarks.",
      "player_id": 885,
      "metric": "assists_per_36"
    },
    {
      "code": "minimum_minutes_not_met",
      "message": "Player averages 3.0 minutes; 10.0 are required for benchmarks.",
      "player_id": 885,
      "metric": "assists_per_36"
    },
    {
      "code": "minimum_games_not_met",
      "message": "Player has 4 games; 15 are required for benchmarks.",
      "player_id": 885,
      "metric": "turnovers_per_36"
    },
    {
      "code": "minimum_minutes_not_met",
      "message": "Player averages 3.0 minutes; 10.0 are required for benchmarks.",
      "player_id": 885,
      "metric": "turnovers_per_36"
    },
    {
      "code": "trend_small_sample",
      "message": "At least 10 games are required to compare recent five games to previous five.",
      "player_id": 885,
      "metric": null
    },
    {
      "code": "incomplete_game_logs",
      "message": "Player has 4 logs across 82 stored team games.",
      "player_id": 885,
      "metric": null
    },
    {
      "code": "incomplete_game_logs",
      "message": "Player has 79 logs across 82 stored team games.",
      "player_id": 886,
      "metric": null
    },
    {
      "code": "minimum_minutes_not_met",
      "message": "Player averages 4.0 minutes; 10.0 are required for benchmarks.",
      "player_id": 887,
      "metric": "points_per_game"
    },
    {
      "code": "minimum_minutes_not_met",
      "message": "Player averages 4.0 minutes; 10.0 are required for benchmarks.",
      "player_id": 887,
      "metric": "rebounds_per_game"
    },
    {
      "code": "minimum_minutes_not_met",
      "message": "Player averages 4.0 minutes; 10.0 are required for benchmarks.",
      "player_id": 887,
      "metric": "assists_per_game"
    },
    {
      "code": "minimum_minutes_not_met",
      "message": "Player averages 4.0 minutes; 10.0 are required for benchmarks.",
      "player_id": 887,
      "metric": "minutes_per_game"
    },
    {
      "code": "minimum_minutes_not_met",
      "message": "Player averages 4.0 minutes; 10.0 are required for benchmarks.",
      "player_id": 887,
      "metric": "plus_minus_per_game"
    },
    {
      "code": "minimum_minutes_not_met",
      "message": "Player averages 4.0 minutes; 10.0 are required for benchmarks.",
      "player_id": 887,
      "metric": "true_shooting_percentage"
    },
    {
      "code": "minimum_minutes_not_met",
      "message": "Player averages 4.0 minutes; 10.0 are required for benchmarks.",
      "player_id": 887,
      "metric": "field_goal_percentage"
    },
    {
      "code": "minimum_minutes_not_met",
      "message": "Player averages 4.0 minutes; 10.0 are required for benchmarks.",
      "player_id": 887,
      "metric": "three_point_percentage"
    },
    {
      "code": "minimum_minutes_not_met",
      "message": "Player averages 4.0 minutes; 10.0 are required for benchmarks.",
      "player_id": 887,
      "metric": "effective_field_goal_percentage"
    },
    {
      "code": "minimum_minutes_not_met",
      "message": "Player averages 4.0 minutes; 10.0 are required for benchmarks.",
      "player_id": 887,
      "metric": "steals_per_game"
    },
    {
      "code": "minimum_minutes_not_met",
      "message": "Player averages 4.0 minutes; 10.0 are required for benchmarks.",
      "player_id": 887,
      "metric": "blocks_per_game"
    },
    {
      "code": "minimum_minutes_not_met",
      "message": "Player averages 4.0 minutes; 10.0 are required for benchmarks.",
      "player_id": 887,
      "metric": "turnovers_per_game"
    },
    {
      "code": "minimum_minutes_not_met",
      "message": "Player averages 4.0 minutes; 10.0 are required for benchmarks.",
      "player_id": 887,
      "metric": "points_per_36"
    },
    {
      "code": "minimum_minutes_not_met",
      "message": "Player averages 4.0 minutes; 10.0 are required for benchmarks.",
      "player_id": 887,
      "metric": "rebounds_per_36"
    },
    {
      "code": "minimum_minutes_not_met",
      "message": "Player averages 4.0 minutes; 10.0 are required for benchmarks.",
      "player_id": 887,
      "metric": "assists_per_36"
    },
    {
      "code": "minimum_minutes_not_met",
      "message": "Player averages 4.0 minutes; 10.0 are required for benchmarks.",
      "player_id": 887,
      "metric": "turnovers_per_36"
    },
    {
      "code": "incomplete_game_logs",
      "message": "Player has 22 logs across 82 stored team games.",
      "player_id": 887,
      "metric": null
    },
    {
      "code": "incomplete_game_logs",
      "message": "Player has 37 logs across 82 stored team games.",
      "player_id": 888,
      "metric": null
    },
    {
      "code": "incomplete_game_logs",
      "message": "Player has 58 logs across 82 stored team games.",
      "player_id": 889,
      "metric": null
    },
    {
      "code": "minimum_games_not_met",
      "message": "Player has 2 games; 15 are required for benchmarks.",
      "player_id": 890,
      "metric": "points_per_game"
    },
    {
      "code": "minimum_games_not_met",
      "message": "Player has 2 games; 15 are required for benchmarks.",
      "player_id": 890,
      "metric": "rebounds_per_game"
    },
    {
      "code": "minimum_games_not_met",
      "message": "Player has 2 games; 15 are required for benchmarks.",
      "player_id": 890,
      "metric": "assists_per_game"
    },
    {
      "code": "minimum_games_not_met",
      "message": "Player has 2 games; 15 are required for benchmarks.",
      "player_id": 890,
      "metric": "minutes_per_game"
    },
    {
      "code": "minimum_games_not_met",
      "message": "Player has 2 games; 15 are required for benchmarks.",
      "player_id": 890,
      "metric": "plus_minus_per_game"
    },
    {
      "code": "minimum_games_not_met",
      "message": "Player has 2 games; 15 are required for benchmarks.",
      "player_id": 890,
      "metric": "true_shooting_percentage"
    },
    {
      "code": "minimum_games_not_met",
      "message": "Player has 2 games; 15 are required for benchmarks.",
      "player_id": 890,
      "metric": "field_goal_percentage"
    },
    {
      "code": "minimum_games_not_met",
      "message": "Player has 2 games; 15 are required for benchmarks.",
      "player_id": 890,
      "metric": "three_point_percentage"
    },
    {
      "code": "minimum_games_not_met",
      "message": "Player has 2 games; 15 are required for benchmarks.",
      "player_id": 890,
      "metric": "effective_field_goal_percentage"
    },
    {
      "code": "minimum_games_not_met",
      "message": "Player has 2 games; 15 are required for benchmarks.",
      "player_id": 890,
      "metric": "steals_per_game"
    },
    {
      "code": "minimum_games_not_met",
      "message": "Player has 2 games; 15 are required for benchmarks.",
      "player_id": 890,
      "metric": "blocks_per_game"
    },
    {
      "code": "minimum_games_not_met",
      "message": "Player has 2 games; 15 are required for benchmarks.",
      "player_id": 890,
      "metric": "turnovers_per_game"
    },
    {
      "code": "minimum_games_not_met",
      "message": "Player has 2 games; 15 are required for benchmarks.",
      "player_id": 890,
      "metric": "points_per_36"
    },
    {
      "code": "minimum_games_not_met",
      "message": "Player has 2 games; 15 are required for benchmarks.",
      "player_id": 890,
      "metric": "rebounds_per_36"
    },
    {
      "code": "minimum_games_not_met",
      "message": "Player has 2 games; 15 are required for benchmarks.",
      "player_id": 890,
      "metric": "assists_per_36"
    },
    {
      "code": "minimum_games_not_met",
      "message": "Player has 2 games; 15 are required for benchmarks.",
      "player_id": 890,
      "metric": "turnovers_per_36"
    },
    {
      "code": "trend_small_sample",
      "message": "At least 10 games are required to compare recent five games to previous five.",
      "player_id": 890,
      "metric": null
    },
    {
      "code": "incomplete_game_logs",
      "message": "Player has 2 logs across 82 stored team games.",
      "player_id": 890,
      "metric": null
    },
    {
      "code": "minimum_games_not_met",
      "message": "Player has 1 games; 15 are required for benchmarks.",
      "player_id": 891,
      "metric": "points_per_game"
    },
    {
      "code": "minimum_minutes_not_met",
      "message": "Player averages 8.0 minutes; 10.0 are required for benchmarks.",
      "player_id": 891,
      "metric": "points_per_game"
    },
    {
      "code": "minimum_games_not_met",
      "message": "Player has 1 games; 15 are required for benchmarks.",
      "player_id": 891,
      "metric": "rebounds_per_game"
    },
    {
      "code": "minimum_minutes_not_met",
      "message": "Player averages 8.0 minutes; 10.0 are required for benchmarks.",
      "player_id": 891,
      "metric": "rebounds_per_game"
    },
    {
      "code": "minimum_games_not_met",
      "message": "Player has 1 games; 15 are required for benchmarks.",
      "player_id": 891,
      "metric": "assists_per_game"
    },
    {
      "code": "minimum_minutes_not_met",
      "message": "Player averages 8.0 minutes; 10.0 are required for benchmarks.",
      "player_id": 891,
      "metric": "assists_per_game"
    },
    {
      "code": "minimum_games_not_met",
      "message": "Player has 1 games; 15 are required for benchmarks.",
      "player_id": 891,
      "metric": "minutes_per_game"
    },
    {
      "code": "minimum_minutes_not_met",
      "message": "Player averages 8.0 minutes; 10.0 are required for benchmarks.",
      "player_id": 891,
      "metric": "minutes_per_game"
    },
    {
      "code": "minimum_games_not_met",
      "message": "Player has 1 games; 15 are required for benchmarks.",
      "player_id": 891,
      "metric": "plus_minus_per_game"
    },
    {
      "code": "minimum_minutes_not_met",
      "message": "Player averages 8.0 minutes; 10.0 are required for benchmarks.",
      "player_id": 891,
      "metric": "plus_minus_per_game"
    },
    {
      "code": "minimum_games_not_met",
      "message": "Player has 1 games; 15 are required for benchmarks.",
      "player_id": 891,
      "metric": "true_shooting_percentage"
    },
    {
      "code": "minimum_minutes_not_met",
      "message": "Player averages 8.0 minutes; 10.0 are required for benchmarks.",
      "player_id": 891,
      "metric": "true_shooting_percentage"
    },
    {
      "code": "minimum_games_not_met",
      "message": "Player has 1 games; 15 are required for benchmarks.",
      "player_id": 891,
      "metric": "field_goal_percentage"
    },
    {
      "code": "minimum_minutes_not_met",
      "message": "Player averages 8.0 minutes; 10.0 are required for benchmarks.",
      "player_id": 891,
      "metric": "field_goal_percentage"
    },
    {
      "code": "minimum_games_not_met",
      "message": "Player has 1 games; 15 are required for benchmarks.",
      "player_id": 891,
      "metric": "three_point_percentage"
    },
    {
      "code": "minimum_minutes_not_met",
      "message": "Player averages 8.0 minutes; 10.0 are required for benchmarks.",
      "player_id": 891,
      "metric": "three_point_percentage"
    },
    {
      "code": "minimum_games_not_met",
      "message": "Player has 1 games; 15 are required for benchmarks.",
      "player_id": 891,
      "metric": "effective_field_goal_percentage"
    },
    {
      "code": "minimum_minutes_not_met",
      "message": "Player averages 8.0 minutes; 10.0 are required for benchmarks.",
      "player_id": 891,
      "metric": "effective_field_goal_percentage"
    },
    {
      "code": "minimum_games_not_met",
      "message": "Player has 1 games; 15 are required for benchmarks.",
      "player_id": 891,
      "metric": "steals_per_game"
    },
    {
      "code": "minimum_minutes_not_met",
      "message": "Player averages 8.0 minutes; 10.0 are required for benchmarks.",
      "player_id": 891,
      "metric": "steals_per_game"
    },
    {
      "code": "minimum_games_not_met",
      "message": "Player has 1 games; 15 are required for benchmarks.",
      "player_id": 891,
      "metric": "blocks_per_game"
    },
    {
      "code": "minimum_minutes_not_met",
      "message": "Player averages 8.0 minutes; 10.0 are required for benchmarks.",
      "player_id": 891,
      "metric": "blocks_per_game"
    },
    {
      "code": "minimum_games_not_met",
      "message": "Player has 1 games; 15 are required for benchmarks.",
      "player_id": 891,
      "metric": "turnovers_per_game"
    },
    {
      "code": "minimum_minutes_not_met",
      "message": "Player averages 8.0 minutes; 10.0 are required for benchmarks.",
      "player_id": 891,
      "metric": "turnovers_per_game"
    },
    {
      "code": "minimum_games_not_met",
      "message": "Player has 1 games; 15 are required for benchmarks.",
      "player_id": 891,
      "metric": "points_per_36"
    },
    {
      "code": "minimum_minutes_not_met",
      "message": "Player averages 8.0 minutes; 10.0 are required for benchmarks.",
      "player_id": 891,
      "metric": "points_per_36"
    },
    {
      "code": "minimum_games_not_met",
      "message": "Player has 1 games; 15 are required for benchmarks.",
      "player_id": 891,
      "metric": "rebounds_per_36"
    },
    {
      "code": "minimum_minutes_not_met",
      "message": "Player averages 8.0 minutes; 10.0 are required for benchmarks.",
      "player_id": 891,
      "metric": "rebounds_per_36"
    },
    {
      "code": "minimum_games_not_met",
      "message": "Player has 1 games; 15 are required for benchmarks.",
      "player_id": 891,
      "metric": "assists_per_36"
    },
    {
      "code": "minimum_minutes_not_met",
      "message": "Player averages 8.0 minutes; 10.0 are required for benchmarks.",
      "player_id": 891,
      "metric": "assists_per_36"
    },
    {
      "code": "minimum_games_not_met",
      "message": "Player has 1 games; 15 are required for benchmarks.",
      "player_id": 891,
      "metric": "turnovers_per_36"
    },
    {
      "code": "minimum_minutes_not_met",
      "message": "Player averages 8.0 minutes; 10.0 are required for benchmarks.",
      "player_id": 891,
      "metric": "turnovers_per_36"
    },
    {
      "code": "trend_small_sample",
      "message": "At least 10 games are required to compare recent five games to previous five.",
      "player_id": 891,
      "metric": null
    },
    {
      "code": "incomplete_game_logs",
      "message": "Player has 1 logs across 82 stored team games.",
      "player_id": 891,
      "metric": null
    },
    {
      "code": "minimum_games_not_met",
      "message": "Player has 3 games; 15 are required for benchmarks.",
      "player_id": 892,
      "metric": "points_per_game"
    },
    {
      "code": "minimum_minutes_not_met",
      "message": "Player averages 2.3 minutes; 10.0 are required for benchmarks.",
      "player_id": 892,
      "metric": "points_per_game"
    },
    {
      "code": "minimum_games_not_met",
      "message": "Player has 3 games; 15 are required for benchmarks.",
      "player_id": 892,
      "metric": "rebounds_per_game"
    },
    {
      "code": "minimum_minutes_not_met",
      "message": "Player averages 2.3 minutes; 10.0 are required for benchmarks.",
      "player_id": 892,
      "metric": "rebounds_per_game"
    },
    {
      "code": "minimum_games_not_met",
      "message": "Player has 3 games; 15 are required for benchmarks.",
      "player_id": 892,
      "metric": "assists_per_game"
    },
    {
      "code": "minimum_minutes_not_met",
      "message": "Player averages 2.3 minutes; 10.0 are required for benchmarks.",
      "player_id": 892,
      "metric": "assists_per_game"
    },
    {
      "code": "minimum_games_not_met",
      "message": "Player has 3 games; 15 are required for benchmarks.",
      "player_id": 892,
      "metric": "minutes_per_game"
    },
    {
      "code": "minimum_minutes_not_met",
      "message": "Player averages 2.3 minutes; 10.0 are required for benchmarks.",
      "player_id": 892,
      "metric": "minutes_per_game"
    },
    {
      "code": "minimum_games_not_met",
      "message": "Player has 3 games; 15 are required for benchmarks.",
      "player_id": 892,
      "metric": "plus_minus_per_game"
    },
    {
      "code": "minimum_minutes_not_met",
      "message": "Player averages 2.3 minutes; 10.0 are required for benchmarks.",
      "player_id": 892,
      "metric": "plus_minus_per_game"
    },
    {
      "code": "minimum_games_not_met",
      "message": "Player has 3 games; 15 are required for benchmarks.",
      "player_id": 892,
      "metric": "true_shooting_percentage"
    },
    {
      "code": "minimum_minutes_not_met",
      "message": "Player averages 2.3 minutes; 10.0 are required for benchmarks.",
      "player_id": 892,
      "metric": "true_shooting_percentage"
    },
    {
      "code": "minimum_games_not_met",
      "message": "Player has 3 games; 15 are required for benchmarks.",
      "player_id": 892,
      "metric": "field_goal_percentage"
    },
    {
      "code": "minimum_minutes_not_met",
      "message": "Player averages 2.3 minutes; 10.0 are required for benchmarks.",
      "player_id": 892,
      "metric": "field_goal_percentage"
    },
    {
      "code": "minimum_games_not_met",
      "message": "Player has 3 games; 15 are required for benchmarks.",
      "player_id": 892,
      "metric": "three_point_percentage"
    },
    {
      "code": "minimum_minutes_not_met",
      "message": "Player averages 2.3 minutes; 10.0 are required for benchmarks.",
      "player_id": 892,
      "metric": "three_point_percentage"
    },
    {
      "code": "minimum_games_not_met",
      "message": "Player has 3 games; 15 are required for benchmarks.",
      "player_id": 892,
      "metric": "effective_field_goal_percentage"
    },
    {
      "code": "minimum_minutes_not_met",
      "message": "Player averages 2.3 minutes; 10.0 are required for benchmarks.",
      "player_id": 892,
      "metric": "effective_field_goal_percentage"
    },
    {
      "code": "minimum_games_not_met",
      "message": "Player has 3 games; 15 are required for benchmarks.",
      "player_id": 892,
      "metric": "steals_per_game"
    },
    {
      "code": "minimum_minutes_not_met",
      "message": "Player averages 2.3 minutes; 10.0 are required for benchmarks.",
      "player_id": 892,
      "metric": "steals_per_game"
    },
    {
      "code": "minimum_games_not_met",
      "message": "Player has 3 games; 15 are required for benchmarks.",
      "player_id": 892,
      "metric": "blocks_per_game"
    },
    {
      "code": "minimum_minutes_not_met",
      "message": "Player averages 2.3 minutes; 10.0 are required for benchmarks.",
      "player_id": 892,
      "metric": "blocks_per_game"
    },
    {
      "code": "minimum_games_not_met",
      "message": "Player has 3 games; 15 are required for benchmarks.",
      "player_id": 892,
      "metric": "turnovers_per_game"
    },
    {
      "code": "minimum_minutes_not_met",
      "message": "Player averages 2.3 minutes; 10.0 are required for benchmarks.",
      "player_id": 892,
      "metric": "turnovers_per_game"
    },
    {
      "code": "minimum_games_not_met",
      "message": "Player has 3 games; 15 are required for benchmarks.",
      "player_id": 892,
      "metric": "points_per_36"
    },
    {
      "code": "minimum_minutes_not_met",
      "message": "Player averages 2.3 minutes; 10.0 are required for benchmarks.",
      "player_id": 892,
      "metric": "points_per_36"
    },
    {
      "code": "minimum_games_not_met",
      "message": "Player has 3 games; 15 are required for benchmarks.",
      "player_id": 892,
      "metric": "rebounds_per_36"
    },
    {
      "code": "minimum_minutes_not_met",
      "message": "Player averages 2.3 minutes; 10.0 are required for benchmarks.",
      "player_id": 892,
      "metric": "rebounds_per_36"
    },
    {
      "code": "minimum_games_not_met",
      "message": "Player has 3 games; 15 are required for benchmarks.",
      "player_id": 892,
      "metric": "assists_per_36"
    },
    {
      "code": "minimum_minutes_not_met",
      "message": "Player averages 2.3 minutes; 10.0 are required for benchmarks.",
      "player_id": 892,
      "metric": "assists_per_36"
    },
    {
      "code": "minimum_games_not_met",
      "message": "Player has 3 games; 15 are required for benchmarks.",
      "player_id": 892,
      "metric": "turnovers_per_36"
    },
    {
      "code": "minimum_minutes_not_met",
      "message": "Player averages 2.3 minutes; 10.0 are required for benchmarks.",
      "player_id": 892,
      "metric": "turnovers_per_36"
    },
    {
      "code": "trend_small_sample",
      "message": "At least 10 games are required to compare recent five games to previous five.",
      "player_id": 892,
      "metric": null
    },
    {
      "code": "incomplete_game_logs",
      "message": "Player has 3 logs across 82 stored team games.",
      "player_id": 892,
      "metric": null
    },
    {
      "code": "traded_mid_season",
      "message": "Player represented multiple teams.",
      "player_id": 893,
      "metric": null
    },
    {
      "code": "incomplete_game_logs",
      "message": "Player has 26 logs across 82 stored team games.",
      "player_id": 893,
      "metric": null
    },
    {
      "code": "incomplete_game_logs",
      "message": "Player has 31 logs across 82 stored team games.",
      "player_id": 894,
      "metric": null
    },
    {
      "code": "incomplete_game_logs",
      "message": "Player has 69 logs across 82 stored team games.",
      "player_id": 895,
      "metric": null
    },
    {
      "code": "minimum_minutes_not_met",
      "message": "Player averages 8.2 minutes; 10.0 are required for benchmarks.",
      "player_id": 896,
      "metric": "points_per_game"
    },
    {
      "code": "minimum_minutes_not_met",
      "message": "Player averages 8.2 minutes; 10.0 are required for benchmarks.",
      "player_id": 896,
      "metric": "rebounds_per_game"
    },
    {
      "code": "minimum_minutes_not_met",
      "message": "Player averages 8.2 minutes; 10.0 are required for benchmarks.",
      "player_id": 896,
      "metric": "assists_per_game"
    },
    {
      "code": "minimum_minutes_not_met",
      "message": "Player averages 8.2 minutes; 10.0 are required for benchmarks.",
      "player_id": 896,
      "metric": "minutes_per_game"
    },
    {
      "code": "minimum_minutes_not_met",
      "message": "Player averages 8.2 minutes; 10.0 are required for benchmarks.",
      "player_id": 896,
      "metric": "plus_minus_per_game"
    },
    {
      "code": "minimum_minutes_not_met",
      "message": "Player averages 8.2 minutes; 10.0 are required for benchmarks.",
      "player_id": 896,
      "metric": "true_shooting_percentage"
    },
    {
      "code": "minimum_minutes_not_met",
      "message": "Player averages 8.2 minutes; 10.0 are required for benchmarks.",
      "player_id": 896,
      "metric": "field_goal_percentage"
    },
    {
      "code": "minimum_minutes_not_met",
      "message": "Player averages 8.2 minutes; 10.0 are required for benchmarks.",
      "player_id": 896,
      "metric": "three_point_percentage"
    },
    {
      "code": "minimum_minutes_not_met",
      "message": "Player averages 8.2 minutes; 10.0 are required for benchmarks.",
      "player_id": 896,
      "metric": "effective_field_goal_percentage"
    },
    {
      "code": "minimum_minutes_not_met",
      "message": "Player averages 8.2 minutes; 10.0 are required for benchmarks.",
      "player_id": 896,
      "metric": "steals_per_game"
    },
    {
      "code": "minimum_minutes_not_met",
      "message": "Player averages 8.2 minutes; 10.0 are required for benchmarks.",
      "player_id": 896,
      "metric": "blocks_per_game"
    },
    {
      "code": "minimum_minutes_not_met",
      "message": "Player averages 8.2 minutes; 10.0 are required for benchmarks.",
      "player_id": 896,
      "metric": "turnovers_per_game"
    },
    {
      "code": "minimum_minutes_not_met",
      "message": "Player averages 8.2 minutes; 10.0 are required for benchmarks.",
      "player_id": 896,
      "metric": "points_per_36"
    },
    {
      "code": "minimum_minutes_not_met",
      "message": "Player averages 8.2 minutes; 10.0 are required for benchmarks.",
      "player_id": 896,
      "metric": "rebounds_per_36"
    },
    {
      "code": "minimum_minutes_not_met",
      "message": "Player averages 8.2 minutes; 10.0 are required for benchmarks.",
      "player_id": 896,
      "metric": "assists_per_36"
    },
    {
      "code": "minimum_minutes_not_met",
      "message": "Player averages 8.2 minutes; 10.0 are required for benchmarks.",
      "player_id": 896,
      "metric": "turnovers_per_36"
    },
    {
      "code": "incomplete_game_logs",
      "message": "Player has 40 logs across 82 stored team games.",
      "player_id": 896,
      "metric": null
    },
    {
      "code": "minimum_games_not_met",
      "message": "Player has 8 games; 15 are required for benchmarks.",
      "player_id": 897,
      "metric": "points_per_game"
    },
    {
      "code": "minimum_minutes_not_met",
      "message": "Player averages 2.0 minutes; 10.0 are required for benchmarks.",
      "player_id": 897,
      "metric": "points_per_game"
    },
    {
      "code": "minimum_games_not_met",
      "message": "Player has 8 games; 15 are required for benchmarks.",
      "player_id": 897,
      "metric": "rebounds_per_game"
    },
    {
      "code": "minimum_minutes_not_met",
      "message": "Player averages 2.0 minutes; 10.0 are required for benchmarks.",
      "player_id": 897,
      "metric": "rebounds_per_game"
    },
    {
      "code": "minimum_games_not_met",
      "message": "Player has 8 games; 15 are required for benchmarks.",
      "player_id": 897,
      "metric": "assists_per_game"
    },
    {
      "code": "minimum_minutes_not_met",
      "message": "Player averages 2.0 minutes; 10.0 are required for benchmarks.",
      "player_id": 897,
      "metric": "assists_per_game"
    },
    {
      "code": "minimum_games_not_met",
      "message": "Player has 8 games; 15 are required for benchmarks.",
      "player_id": 897,
      "metric": "minutes_per_game"
    },
    {
      "code": "minimum_minutes_not_met",
      "message": "Player averages 2.0 minutes; 10.0 are required for benchmarks.",
      "player_id": 897,
      "metric": "minutes_per_game"
    },
    {
      "code": "minimum_games_not_met",
      "message": "Player has 8 games; 15 are required for benchmarks.",
      "player_id": 897,
      "metric": "plus_minus_per_game"
    },
    {
      "code": "minimum_minutes_not_met",
      "message": "Player averages 2.0 minutes; 10.0 are required for benchmarks.",
      "player_id": 897,
      "metric": "plus_minus_per_game"
    },
    {
      "code": "minimum_games_not_met",
      "message": "Player has 8 games; 15 are required for benchmarks.",
      "player_id": 897,
      "metric": "true_shooting_percentage"
    },
    {
      "code": "minimum_minutes_not_met",
      "message": "Player averages 2.0 minutes; 10.0 are required for benchmarks.",
      "player_id": 897,
      "metric": "true_shooting_percentage"
    },
    {
      "code": "minimum_games_not_met",
      "message": "Player has 8 games; 15 are required for benchmarks.",
      "player_id": 897,
      "metric": "field_goal_percentage"
    },
    {
      "code": "minimum_minutes_not_met",
      "message": "Player averages 2.0 minutes; 10.0 are required for benchmarks.",
      "player_id": 897,
      "metric": "field_goal_percentage"
    },
    {
      "code": "minimum_games_not_met",
      "message": "Player has 8 games; 15 are required for benchmarks.",
      "player_id": 897,
      "metric": "three_point_percentage"
    },
    {
      "code": "minimum_minutes_not_met",
      "message": "Player averages 2.0 minutes; 10.0 are required for benchmarks.",
      "player_id": 897,
      "metric": "three_point_percentage"
    },
    {
      "code": "minimum_games_not_met",
      "message": "Player has 8 games; 15 are required for benchmarks.",
      "player_id": 897,
      "metric": "effective_field_goal_percentage"
    },
    {
      "code": "minimum_minutes_not_met",
      "message": "Player averages 2.0 minutes; 10.0 are required for benchmarks.",
      "player_id": 897,
      "metric": "effective_field_goal_percentage"
    },
    {
      "code": "minimum_games_not_met",
      "message": "Player has 8 games; 15 are required for benchmarks.",
      "player_id": 897,
      "metric": "steals_per_game"
    },
    {
      "code": "minimum_minutes_not_met",
      "message": "Player averages 2.0 minutes; 10.0 are required for benchmarks.",
      "player_id": 897,
      "metric": "steals_per_game"
    },
    {
      "code": "minimum_games_not_met",
      "message": "Player has 8 games; 15 are required for benchmarks.",
      "player_id": 897,
      "metric": "blocks_per_game"
    },
    {
      "code": "minimum_minutes_not_met",
      "message": "Player averages 2.0 minutes; 10.0 are required for benchmarks.",
      "player_id": 897,
      "metric": "blocks_per_game"
    },
    {
      "code": "minimum_games_not_met",
      "message": "Player has 8 games; 15 are required for benchmarks.",
      "player_id": 897,
      "metric": "turnovers_per_game"
    },
    {
      "code": "minimum_minutes_not_met",
      "message": "Player averages 2.0 minutes; 10.0 are required for benchmarks.",
      "player_id": 897,
      "metric": "turnovers_per_game"
    },
    {
      "code": "minimum_games_not_met",
      "message": "Player has 8 games; 15 are required for benchmarks.",
      "player_id": 897,
      "metric": "points_per_36"
    },
    {
      "code": "minimum_minutes_not_met",
      "message": "Player averages 2.0 minutes; 10.0 are required for benchmarks.",
      "player_id": 897,
      "metric": "points_per_36"
    },
    {
      "code": "minimum_games_not_met",
      "message": "Player has 8 games; 15 are required for benchmarks.",
      "player_id": 897,
      "metric": "rebounds_per_36"
    },
    {
      "code": "minimum_minutes_not_met",
      "message": "Player averages 2.0 minutes; 10.0 are required for benchmarks.",
      "player_id": 897,
      "metric": "rebounds_per_36"
    },
    {
      "code": "minimum_games_not_met",
      "message": "Player has 8 games; 15 are required for benchmarks.",
      "player_id": 897,
      "metric": "assists_per_36"
    },
    {
      "code": "minimum_minutes_not_met",
      "message": "Player averages 2.0 minutes; 10.0 are required for benchmarks.",
      "player_id": 897,
      "metric": "assists_per_36"
    },
    {
      "code": "minimum_games_not_met",
      "message": "Player has 8 games; 15 are required for benchmarks.",
      "player_id": 897,
      "metric": "turnovers_per_36"
    },
    {
      "code": "minimum_minutes_not_met",
      "message": "Player averages 2.0 minutes; 10.0 are required for benchmarks.",
      "player_id": 897,
      "metric": "turnovers_per_36"
    },
    {
      "code": "trend_small_sample",
      "message": "At least 10 games are required to compare recent five games to previous five.",
      "player_id": 897,
      "metric": null
    },
    {
      "code": "traded_mid_season",
      "message": "Player represented multiple teams.",
      "player_id": 897,
      "metric": null
    },
    {
      "code": "incomplete_game_logs",
      "message": "Player has 8 logs across 82 stored team games.",
      "player_id": 897,
      "metric": null
    },
    {
      "code": "minimum_minutes_not_met",
      "message": "Player averages 7.4 minutes; 10.0 are required for benchmarks.",
      "player_id": 898,
      "metric": "points_per_game"
    },
    {
      "code": "minimum_minutes_not_met",
      "message": "Player averages 7.4 minutes; 10.0 are required for benchmarks.",
      "player_id": 898,
      "metric": "rebounds_per_game"
    },
    {
      "code": "minimum_minutes_not_met",
      "message": "Player averages 7.4 minutes; 10.0 are required for benchmarks.",
      "player_id": 898,
      "metric": "assists_per_game"
    },
    {
      "code": "minimum_minutes_not_met",
      "message": "Player averages 7.4 minutes; 10.0 are required for benchmarks.",
      "player_id": 898,
      "metric": "minutes_per_game"
    },
    {
      "code": "minimum_minutes_not_met",
      "message": "Player averages 7.4 minutes; 10.0 are required for benchmarks.",
      "player_id": 898,
      "metric": "plus_minus_per_game"
    },
    {
      "code": "minimum_minutes_not_met",
      "message": "Player averages 7.4 minutes; 10.0 are required for benchmarks.",
      "player_id": 898,
      "metric": "true_shooting_percentage"
    },
    {
      "code": "minimum_minutes_not_met",
      "message": "Player averages 7.4 minutes; 10.0 are required for benchmarks.",
      "player_id": 898,
      "metric": "field_goal_percentage"
    },
    {
      "code": "minimum_minutes_not_met",
      "message": "Player averages 7.4 minutes; 10.0 are required for benchmarks.",
      "player_id": 898,
      "metric": "three_point_percentage"
    },
    {
      "code": "minimum_minutes_not_met",
      "message": "Player averages 7.4 minutes; 10.0 are required for benchmarks.",
      "player_id": 898,
      "metric": "effective_field_goal_percentage"
    },
    {
      "code": "minimum_minutes_not_met",
      "message": "Player averages 7.4 minutes; 10.0 are required for benchmarks.",
      "player_id": 898,
      "metric": "steals_per_game"
    },
    {
      "code": "minimum_minutes_not_met",
      "message": "Player averages 7.4 minutes; 10.0 are required for benchmarks.",
      "player_id": 898,
      "metric": "blocks_per_game"
    },
    {
      "code": "minimum_minutes_not_met",
      "message": "Player averages 7.4 minutes; 10.0 are required for benchmarks.",
      "player_id": 898,
      "metric": "turnovers_per_game"
    },
    {
      "code": "minimum_minutes_not_met",
      "message": "Player averages 7.4 minutes; 10.0 are required for benchmarks.",
      "player_id": 898,
      "metric": "points_per_36"
    },
    {
      "code": "minimum_minutes_not_met",
      "message": "Player averages 7.4 minutes; 10.0 are required for benchmarks.",
      "player_id": 898,
      "metric": "rebounds_per_36"
    },
    {
      "code": "minimum_minutes_not_met",
      "message": "Player averages 7.4 minutes; 10.0 are required for benchmarks.",
      "player_id": 898,
      "metric": "assists_per_36"
    },
    {
      "code": "minimum_minutes_not_met",
      "message": "Player averages 7.4 minutes; 10.0 are required for benchmarks.",
      "player_id": 898,
      "metric": "turnovers_per_36"
    },
    {
      "code": "incomplete_game_logs",
      "message": "Player has 16 logs across 82 stored team games.",
      "player_id": 898,
      "metric": null
    },
    {
      "code": "minimum_minutes_not_met",
      "message": "Player averages 5.3 minutes; 10.0 are required for benchmarks.",
      "player_id": 899,
      "metric": "points_per_game"
    },
    {
      "code": "minimum_minutes_not_met",
      "message": "Player averages 5.3 minutes; 10.0 are required for benchmarks.",
      "player_id": 899,
      "metric": "rebounds_per_game"
    },
    {
      "code": "minimum_minutes_not_met",
      "message": "Player averages 5.3 minutes; 10.0 are required for benchmarks.",
      "player_id": 899,
      "metric": "assists_per_game"
    },
    {
      "code": "minimum_minutes_not_met",
      "message": "Player averages 5.3 minutes; 10.0 are required for benchmarks.",
      "player_id": 899,
      "metric": "minutes_per_game"
    },
    {
      "code": "minimum_minutes_not_met",
      "message": "Player averages 5.3 minutes; 10.0 are required for benchmarks.",
      "player_id": 899,
      "metric": "plus_minus_per_game"
    },
    {
      "code": "minimum_minutes_not_met",
      "message": "Player averages 5.3 minutes; 10.0 are required for benchmarks.",
      "player_id": 899,
      "metric": "true_shooting_percentage"
    },
    {
      "code": "minimum_minutes_not_met",
      "message": "Player averages 5.3 minutes; 10.0 are required for benchmarks.",
      "player_id": 899,
      "metric": "field_goal_percentage"
    },
    {
      "code": "minimum_minutes_not_met",
      "message": "Player averages 5.3 minutes; 10.0 are required for benchmarks.",
      "player_id": 899,
      "metric": "three_point_percentage"
    },
    {
      "code": "minimum_minutes_not_met",
      "message": "Player averages 5.3 minutes; 10.0 are required for benchmarks.",
      "player_id": 899,
      "metric": "effective_field_goal_percentage"
    },
    {
      "code": "minimum_minutes_not_met",
      "message": "Player averages 5.3 minutes; 10.0 are required for benchmarks.",
      "player_id": 899,
      "metric": "steals_per_game"
    },
    {
      "code": "minimum_minutes_not_met",
      "message": "Player averages 5.3 minutes; 10.0 are required for benchmarks.",
      "player_id": 899,
      "metric": "blocks_per_game"
    },
    {
      "code": "minimum_minutes_not_met",
      "message": "Player averages 5.3 minutes; 10.0 are required for benchmarks.",
      "player_id": 899,
      "metric": "turnovers_per_game"
    },
    {
      "code": "minimum_minutes_not_met",
      "message": "Player averages 5.3 minutes; 10.0 are required for benchmarks.",
      "player_id": 899,
      "metric": "points_per_36"
    },
    {
      "code": "minimum_minutes_not_met",
      "message": "Player averages 5.3 minutes; 10.0 are required for benchmarks.",
      "player_id": 899,
      "metric": "rebounds_per_36"
    },
    {
      "code": "minimum_minutes_not_met",
      "message": "Player averages 5.3 minutes; 10.0 are required for benchmarks.",
      "player_id": 899,
      "metric": "assists_per_36"
    },
    {
      "code": "minimum_minutes_not_met",
      "message": "Player averages 5.3 minutes; 10.0 are required for benchmarks.",
      "player_id": 899,
      "metric": "turnovers_per_36"
    },
    {
      "code": "incomplete_game_logs",
      "message": "Player has 23 logs across 82 stored team games.",
      "player_id": 899,
      "metric": null
    },
    {
      "code": "minimum_games_not_met",
      "message": "Player has 7 games; 15 are required for benchmarks.",
      "player_id": 900,
      "metric": "points_per_game"
    },
    {
      "code": "minimum_minutes_not_met",
      "message": "Player averages 4.7 minutes; 10.0 are required for benchmarks.",
      "player_id": 900,
      "metric": "points_per_game"
    },
    {
      "code": "minimum_games_not_met",
      "message": "Player has 7 games; 15 are required for benchmarks.",
      "player_id": 900,
      "metric": "rebounds_per_game"
    },
    {
      "code": "minimum_minutes_not_met",
      "message": "Player averages 4.7 minutes; 10.0 are required for benchmarks.",
      "player_id": 900,
      "metric": "rebounds_per_game"
    },
    {
      "code": "minimum_games_not_met",
      "message": "Player has 7 games; 15 are required for benchmarks.",
      "player_id": 900,
      "metric": "assists_per_game"
    },
    {
      "code": "minimum_minutes_not_met",
      "message": "Player averages 4.7 minutes; 10.0 are required for benchmarks.",
      "player_id": 900,
      "metric": "assists_per_game"
    },
    {
      "code": "minimum_games_not_met",
      "message": "Player has 7 games; 15 are required for benchmarks.",
      "player_id": 900,
      "metric": "minutes_per_game"
    },
    {
      "code": "minimum_minutes_not_met",
      "message": "Player averages 4.7 minutes; 10.0 are required for benchmarks.",
      "player_id": 900,
      "metric": "minutes_per_game"
    },
    {
      "code": "minimum_games_not_met",
      "message": "Player has 7 games; 15 are required for benchmarks.",
      "player_id": 900,
      "metric": "plus_minus_per_game"
    },
    {
      "code": "minimum_minutes_not_met",
      "message": "Player averages 4.7 minutes; 10.0 are required for benchmarks.",
      "player_id": 900,
      "metric": "plus_minus_per_game"
    },
    {
      "code": "minimum_games_not_met",
      "message": "Player has 7 games; 15 are required for benchmarks.",
      "player_id": 900,
      "metric": "true_shooting_percentage"
    },
    {
      "code": "minimum_minutes_not_met",
      "message": "Player averages 4.7 minutes; 10.0 are required for benchmarks.",
      "player_id": 900,
      "metric": "true_shooting_percentage"
    },
    {
      "code": "minimum_games_not_met",
      "message": "Player has 7 games; 15 are required for benchmarks.",
      "player_id": 900,
      "metric": "field_goal_percentage"
    },
    {
      "code": "minimum_minutes_not_met",
      "message": "Player averages 4.7 minutes; 10.0 are required for benchmarks.",
      "player_id": 900,
      "metric": "field_goal_percentage"
    },
    {
      "code": "minimum_games_not_met",
      "message": "Player has 7 games; 15 are required for benchmarks.",
      "player_id": 900,
      "metric": "three_point_percentage"
    },
    {
      "code": "minimum_minutes_not_met",
      "message": "Player averages 4.7 minutes; 10.0 are required for benchmarks.",
      "player_id": 900,
      "metric": "three_point_percentage"
    },
    {
      "code": "minimum_games_not_met",
      "message": "Player has 7 games; 15 are required for benchmarks.",
      "player_id": 900,
      "metric": "effective_field_goal_percentage"
    },
    {
      "code": "minimum_minutes_not_met",
      "message": "Player averages 4.7 minutes; 10.0 are required for benchmarks.",
      "player_id": 900,
      "metric": "effective_field_goal_percentage"
    },
    {
      "code": "minimum_games_not_met",
      "message": "Player has 7 games; 15 are required for benchmarks.",
      "player_id": 900,
      "metric": "steals_per_game"
    },
    {
      "code": "minimum_minutes_not_met",
      "message": "Player averages 4.7 minutes; 10.0 are required for benchmarks.",
      "player_id": 900,
      "metric": "steals_per_game"
    },
    {
      "code": "minimum_games_not_met",
      "message": "Player has 7 games; 15 are required for benchmarks.",
      "player_id": 900,
      "metric": "blocks_per_game"
    },
    {
      "code": "minimum_minutes_not_met",
      "message": "Player averages 4.7 minutes; 10.0 are required for benchmarks.",
      "player_id": 900,
      "metric": "blocks_per_game"
    },
    {
      "code": "minimum_games_not_met",
      "message": "Player has 7 games; 15 are required for benchmarks.",
      "player_id": 900,
      "metric": "turnovers_per_game"
    },
    {
      "code": "minimum_minutes_not_met",
      "message": "Player averages 4.7 minutes; 10.0 are required for benchmarks.",
      "player_id": 900,
      "metric": "turnovers_per_game"
    },
    {
      "code": "minimum_games_not_met",
      "message": "Player has 7 games; 15 are required for benchmarks.",
      "player_id": 900,
      "metric": "points_per_36"
    },
    {
      "code": "minimum_minutes_not_met",
      "message": "Player averages 4.7 minutes; 10.0 are required for benchmarks.",
      "player_id": 900,
      "metric": "points_per_36"
    },
    {
      "code": "minimum_games_not_met",
      "message": "Player has 7 games; 15 are required for benchmarks.",
      "player_id": 900,
      "metric": "rebounds_per_36"
    },
    {
      "code": "minimum_minutes_not_met",
      "message": "Player averages 4.7 minutes; 10.0 are required for benchmarks.",
      "player_id": 900,
      "metric": "rebounds_per_36"
    },
    {
      "code": "minimum_games_not_met",
      "message": "Player has 7 games; 15 are required for benchmarks.",
      "player_id": 900,
      "metric": "assists_per_36"
    },
    {
      "code": "minimum_minutes_not_met",
      "message": "Player averages 4.7 minutes; 10.0 are required for benchmarks.",
      "player_id": 900,
      "metric": "assists_per_36"
    },
    {
      "code": "minimum_games_not_met",
      "message": "Player has 7 games; 15 are required for benchmarks.",
      "player_id": 900,
      "metric": "turnovers_per_36"
    },
    {
      "code": "minimum_minutes_not_met",
      "message": "Player averages 4.7 minutes; 10.0 are required for benchmarks.",
      "player_id": 900,
      "metric": "turnovers_per_36"
    },
    {
      "code": "trend_small_sample",
      "message": "At least 10 games are required to compare recent five games to previous five.",
      "player_id": 900,
      "metric": null
    },
    {
      "code": "incomplete_game_logs",
      "message": "Player has 7 logs across 82 stored team games.",
      "player_id": 900,
      "metric": null
    },
    {
      "code": "traded_mid_season",
      "message": "Player represented multiple teams.",
      "player_id": 901,
      "metric": null
    },
    {
      "code": "incomplete_game_logs",
      "message": "Player has 41 logs across 82 stored team games.",
      "player_id": 901,
      "metric": null
    },
    {
      "code": "minimum_games_not_met",
      "message": "Player has 13 games; 15 are required for benchmarks.",
      "player_id": 902,
      "metric": "points_per_game"
    },
    {
      "code": "minimum_games_not_met",
      "message": "Player has 13 games; 15 are required for benchmarks.",
      "player_id": 902,
      "metric": "rebounds_per_game"
    },
    {
      "code": "minimum_games_not_met",
      "message": "Player has 13 games; 15 are required for benchmarks.",
      "player_id": 902,
      "metric": "assists_per_game"
    },
    {
      "code": "minimum_games_not_met",
      "message": "Player has 13 games; 15 are required for benchmarks.",
      "player_id": 902,
      "metric": "minutes_per_game"
    },
    {
      "code": "minimum_games_not_met",
      "message": "Player has 13 games; 15 are required for benchmarks.",
      "player_id": 902,
      "metric": "plus_minus_per_game"
    },
    {
      "code": "minimum_games_not_met",
      "message": "Player has 13 games; 15 are required for benchmarks.",
      "player_id": 902,
      "metric": "true_shooting_percentage"
    },
    {
      "code": "minimum_games_not_met",
      "message": "Player has 13 games; 15 are required for benchmarks.",
      "player_id": 902,
      "metric": "field_goal_percentage"
    },
    {
      "code": "minimum_games_not_met",
      "message": "Player has 13 games; 15 are required for benchmarks.",
      "player_id": 902,
      "metric": "three_point_percentage"
    },
    {
      "code": "minimum_games_not_met",
      "message": "Player has 13 games; 15 are required for benchmarks.",
      "player_id": 902,
      "metric": "effective_field_goal_percentage"
    },
    {
      "code": "minimum_games_not_met",
      "message": "Player has 13 games; 15 are required for benchmarks.",
      "player_id": 902,
      "metric": "steals_per_game"
    },
    {
      "code": "minimum_games_not_met",
      "message": "Player has 13 games; 15 are required for benchmarks.",
      "player_id": 902,
      "metric": "blocks_per_game"
    },
    {
      "code": "minimum_games_not_met",
      "message": "Player has 13 games; 15 are required for benchmarks.",
      "player_id": 902,
      "metric": "turnovers_per_game"
    },
    {
      "code": "minimum_games_not_met",
      "message": "Player has 13 games; 15 are required for benchmarks.",
      "player_id": 902,
      "metric": "points_per_36"
    },
    {
      "code": "minimum_games_not_met",
      "message": "Player has 13 games; 15 are required for benchmarks.",
      "player_id": 902,
      "metric": "rebounds_per_36"
    },
    {
      "code": "minimum_games_not_met",
      "message": "Player has 13 games; 15 are required for benchmarks.",
      "player_id": 902,
      "metric": "assists_per_36"
    },
    {
      "code": "minimum_games_not_met",
      "message": "Player has 13 games; 15 are required for benchmarks.",
      "player_id": 902,
      "metric": "turnovers_per_36"
    },
    {
      "code": "incomplete_game_logs",
      "message": "Player has 13 logs across 82 stored team games.",
      "player_id": 902,
      "metric": null
    },
    {
      "code": "minimum_minutes_not_met",
      "message": "Player averages 4.1 minutes; 10.0 are required for benchmarks.",
      "player_id": 903,
      "metric": "points_per_game"
    },
    {
      "code": "minimum_minutes_not_met",
      "message": "Player averages 4.1 minutes; 10.0 are required for benchmarks.",
      "player_id": 903,
      "metric": "rebounds_per_game"
    },
    {
      "code": "minimum_minutes_not_met",
      "message": "Player averages 4.1 minutes; 10.0 are required for benchmarks.",
      "player_id": 903,
      "metric": "assists_per_game"
    },
    {
      "code": "minimum_minutes_not_met",
      "message": "Player averages 4.1 minutes; 10.0 are required for benchmarks.",
      "player_id": 903,
      "metric": "minutes_per_game"
    },
    {
      "code": "minimum_minutes_not_met",
      "message": "Player averages 4.1 minutes; 10.0 are required for benchmarks.",
      "player_id": 903,
      "metric": "plus_minus_per_game"
    },
    {
      "code": "minimum_minutes_not_met",
      "message": "Player averages 4.1 minutes; 10.0 are required for benchmarks.",
      "player_id": 903,
      "metric": "true_shooting_percentage"
    },
    {
      "code": "minimum_minutes_not_met",
      "message": "Player averages 4.1 minutes; 10.0 are required for benchmarks.",
      "player_id": 903,
      "metric": "field_goal_percentage"
    },
    {
      "code": "minimum_minutes_not_met",
      "message": "Player averages 4.1 minutes; 10.0 are required for benchmarks.",
      "player_id": 903,
      "metric": "three_point_percentage"
    },
    {
      "code": "minimum_minutes_not_met",
      "message": "Player averages 4.1 minutes; 10.0 are required for benchmarks.",
      "player_id": 903,
      "metric": "effective_field_goal_percentage"
    },
    {
      "code": "minimum_minutes_not_met",
      "message": "Player averages 4.1 minutes; 10.0 are required for benchmarks.",
      "player_id": 903,
      "metric": "steals_per_game"
    },
    {
      "code": "minimum_minutes_not_met",
      "message": "Player averages 4.1 minutes; 10.0 are required for benchmarks.",
      "player_id": 903,
      "metric": "blocks_per_game"
    },
    {
      "code": "minimum_minutes_not_met",
      "message": "Player averages 4.1 minutes; 10.0 are required for benchmarks.",
      "player_id": 903,
      "metric": "turnovers_per_game"
    },
    {
      "code": "minimum_minutes_not_met",
      "message": "Player averages 4.1 minutes; 10.0 are required for benchmarks.",
      "player_id": 903,
      "metric": "points_per_36"
    },
    {
      "code": "minimum_minutes_not_met",
      "message": "Player averages 4.1 minutes; 10.0 are required for benchmarks.",
      "player_id": 903,
      "metric": "rebounds_per_36"
    },
    {
      "code": "minimum_minutes_not_met",
      "message": "Player averages 4.1 minutes; 10.0 are required for benchmarks.",
      "player_id": 903,
      "metric": "assists_per_36"
    },
    {
      "code": "minimum_minutes_not_met",
      "message": "Player averages 4.1 minutes; 10.0 are required for benchmarks.",
      "player_id": 903,
      "metric": "turnovers_per_36"
    },
    {
      "code": "incomplete_game_logs",
      "message": "Player has 22 logs across 82 stored team games.",
      "player_id": 903,
      "metric": null
    },
    {
      "code": "minimum_games_not_met",
      "message": "Player has 2 games; 15 are required for benchmarks.",
      "player_id": 904,
      "metric": "points_per_game"
    },
    {
      "code": "minimum_minutes_not_met",
      "message": "Player averages 8.0 minutes; 10.0 are required for benchmarks.",
      "player_id": 904,
      "metric": "points_per_game"
    },
    {
      "code": "minimum_games_not_met",
      "message": "Player has 2 games; 15 are required for benchmarks.",
      "player_id": 904,
      "metric": "rebounds_per_game"
    },
    {
      "code": "minimum_minutes_not_met",
      "message": "Player averages 8.0 minutes; 10.0 are required for benchmarks.",
      "player_id": 904,
      "metric": "rebounds_per_game"
    },
    {
      "code": "minimum_games_not_met",
      "message": "Player has 2 games; 15 are required for benchmarks.",
      "player_id": 904,
      "metric": "assists_per_game"
    },
    {
      "code": "minimum_minutes_not_met",
      "message": "Player averages 8.0 minutes; 10.0 are required for benchmarks.",
      "player_id": 904,
      "metric": "assists_per_game"
    },
    {
      "code": "minimum_games_not_met",
      "message": "Player has 2 games; 15 are required for benchmarks.",
      "player_id": 904,
      "metric": "minutes_per_game"
    },
    {
      "code": "minimum_minutes_not_met",
      "message": "Player averages 8.0 minutes; 10.0 are required for benchmarks.",
      "player_id": 904,
      "metric": "minutes_per_game"
    },
    {
      "code": "minimum_games_not_met",
      "message": "Player has 2 games; 15 are required for benchmarks.",
      "player_id": 904,
      "metric": "plus_minus_per_game"
    },
    {
      "code": "minimum_minutes_not_met",
      "message": "Player averages 8.0 minutes; 10.0 are required for benchmarks.",
      "player_id": 904,
      "metric": "plus_minus_per_game"
    },
    {
      "code": "minimum_games_not_met",
      "message": "Player has 2 games; 15 are required for benchmarks.",
      "player_id": 904,
      "metric": "true_shooting_percentage"
    },
    {
      "code": "minimum_minutes_not_met",
      "message": "Player averages 8.0 minutes; 10.0 are required for benchmarks.",
      "player_id": 904,
      "metric": "true_shooting_percentage"
    },
    {
      "code": "minimum_games_not_met",
      "message": "Player has 2 games; 15 are required for benchmarks.",
      "player_id": 904,
      "metric": "field_goal_percentage"
    },
    {
      "code": "minimum_minutes_not_met",
      "message": "Player averages 8.0 minutes; 10.0 are required for benchmarks.",
      "player_id": 904,
      "metric": "field_goal_percentage"
    },
    {
      "code": "minimum_games_not_met",
      "message": "Player has 2 games; 15 are required for benchmarks.",
      "player_id": 904,
      "metric": "three_point_percentage"
    },
    {
      "code": "minimum_minutes_not_met",
      "message": "Player averages 8.0 minutes; 10.0 are required for benchmarks.",
      "player_id": 904,
      "metric": "three_point_percentage"
    },
    {
      "code": "minimum_games_not_met",
      "message": "Player has 2 games; 15 are required for benchmarks.",
      "player_id": 904,
      "metric": "effective_field_goal_percentage"
    },
    {
      "code": "minimum_minutes_not_met",
      "message": "Player averages 8.0 minutes; 10.0 are required for benchmarks.",
      "player_id": 904,
      "metric": "effective_field_goal_percentage"
    },
    {
      "code": "minimum_games_not_met",
      "message": "Player has 2 games; 15 are required for benchmarks.",
      "player_id": 904,
      "metric": "steals_per_game"
    },
    {
      "code": "minimum_minutes_not_met",
      "message": "Player averages 8.0 minutes; 10.0 are required for benchmarks.",
      "player_id": 904,
      "metric": "steals_per_game"
    },
    {
      "code": "minimum_games_not_met",
      "message": "Player has 2 games; 15 are required for benchmarks.",
      "player_id": 904,
      "metric": "blocks_per_game"
    },
    {
      "code": "minimum_minutes_not_met",
      "message": "Player averages 8.0 minutes; 10.0 are required for benchmarks.",
      "player_id": 904,
      "metric": "blocks_per_game"
    },
    {
      "code": "minimum_games_not_met",
      "message": "Player has 2 games; 15 are required for benchmarks.",
      "player_id": 904,
      "metric": "turnovers_per_game"
    },
    {
      "code": "minimum_minutes_not_met",
      "message": "Player averages 8.0 minutes; 10.0 are required for benchmarks.",
      "player_id": 904,
      "metric": "turnovers_per_game"
    },
    {
      "code": "minimum_games_not_met",
      "message": "Player has 2 games; 15 are required for benchmarks.",
      "player_id": 904,
      "metric": "points_per_36"
    },
    {
      "code": "minimum_minutes_not_met",
      "message": "Player averages 8.0 minutes; 10.0 are required for benchmarks.",
      "player_id": 904,
      "metric": "points_per_36"
    },
    {
      "code": "minimum_games_not_met",
      "message": "Player has 2 games; 15 are required for benchmarks.",
      "player_id": 904,
      "metric": "rebounds_per_36"
    },
    {
      "code": "minimum_minutes_not_met",
      "message": "Player averages 8.0 minutes; 10.0 are required for benchmarks.",
      "player_id": 904,
      "metric": "rebounds_per_36"
    },
    {
      "code": "minimum_games_not_met",
      "message": "Player has 2 games; 15 are required for benchmarks.",
      "player_id": 904,
      "metric": "assists_per_36"
    },
    {
      "code": "minimum_minutes_not_met",
      "message": "Player averages 8.0 minutes; 10.0 are required for benchmarks.",
      "player_id": 904,
      "metric": "assists_per_36"
    },
    {
      "code": "minimum_games_not_met",
      "message": "Player has 2 games; 15 are required for benchmarks.",
      "player_id": 904,
      "metric": "turnovers_per_36"
    },
    {
      "code": "minimum_minutes_not_met",
      "message": "Player averages 8.0 minutes; 10.0 are required for benchmarks.",
      "player_id": 904,
      "metric": "turnovers_per_36"
    },
    {
      "code": "trend_small_sample",
      "message": "At least 10 games are required to compare recent five games to previous five.",
      "player_id": 904,
      "metric": null
    },
    {
      "code": "incomplete_game_logs",
      "message": "Player has 2 logs across 82 stored team games.",
      "player_id": 904,
      "metric": null
    },
    {
      "code": "minimum_games_not_met",
      "message": "Player has 3 games; 15 are required for benchmarks.",
      "player_id": 905,
      "metric": "points_per_game"
    },
    {
      "code": "minimum_minutes_not_met",
      "message": "Player averages 1.0 minutes; 10.0 are required for benchmarks.",
      "player_id": 905,
      "metric": "points_per_game"
    },
    {
      "code": "minimum_games_not_met",
      "message": "Player has 3 games; 15 are required for benchmarks.",
      "player_id": 905,
      "metric": "rebounds_per_game"
    },
    {
      "code": "minimum_minutes_not_met",
      "message": "Player averages 1.0 minutes; 10.0 are required for benchmarks.",
      "player_id": 905,
      "metric": "rebounds_per_game"
    },
    {
      "code": "minimum_games_not_met",
      "message": "Player has 3 games; 15 are required for benchmarks.",
      "player_id": 905,
      "metric": "assists_per_game"
    },
    {
      "code": "minimum_minutes_not_met",
      "message": "Player averages 1.0 minutes; 10.0 are required for benchmarks.",
      "player_id": 905,
      "metric": "assists_per_game"
    },
    {
      "code": "minimum_games_not_met",
      "message": "Player has 3 games; 15 are required for benchmarks.",
      "player_id": 905,
      "metric": "minutes_per_game"
    },
    {
      "code": "minimum_minutes_not_met",
      "message": "Player averages 1.0 minutes; 10.0 are required for benchmarks.",
      "player_id": 905,
      "metric": "minutes_per_game"
    },
    {
      "code": "minimum_games_not_met",
      "message": "Player has 3 games; 15 are required for benchmarks.",
      "player_id": 905,
      "metric": "plus_minus_per_game"
    },
    {
      "code": "minimum_minutes_not_met",
      "message": "Player averages 1.0 minutes; 10.0 are required for benchmarks.",
      "player_id": 905,
      "metric": "plus_minus_per_game"
    },
    {
      "code": "minimum_games_not_met",
      "message": "Player has 3 games; 15 are required for benchmarks.",
      "player_id": 905,
      "metric": "true_shooting_percentage"
    },
    {
      "code": "minimum_minutes_not_met",
      "message": "Player averages 1.0 minutes; 10.0 are required for benchmarks.",
      "player_id": 905,
      "metric": "true_shooting_percentage"
    },
    {
      "code": "minimum_games_not_met",
      "message": "Player has 3 games; 15 are required for benchmarks.",
      "player_id": 905,
      "metric": "field_goal_percentage"
    },
    {
      "code": "minimum_minutes_not_met",
      "message": "Player averages 1.0 minutes; 10.0 are required for benchmarks.",
      "player_id": 905,
      "metric": "field_goal_percentage"
    },
    {
      "code": "minimum_games_not_met",
      "message": "Player has 3 games; 15 are required for benchmarks.",
      "player_id": 905,
      "metric": "three_point_percentage"
    },
    {
      "code": "minimum_minutes_not_met",
      "message": "Player averages 1.0 minutes; 10.0 are required for benchmarks.",
      "player_id": 905,
      "metric": "three_point_percentage"
    },
    {
      "code": "minimum_games_not_met",
      "message": "Player has 3 games; 15 are required for benchmarks.",
      "player_id": 905,
      "metric": "effective_field_goal_percentage"
    },
    {
      "code": "minimum_minutes_not_met",
      "message": "Player averages 1.0 minutes; 10.0 are required for benchmarks.",
      "player_id": 905,
      "metric": "effective_field_goal_percentage"
    },
    {
      "code": "minimum_games_not_met",
      "message": "Player has 3 games; 15 are required for benchmarks.",
      "player_id": 905,
      "metric": "steals_per_game"
    },
    {
      "code": "minimum_minutes_not_met",
      "message": "Player averages 1.0 minutes; 10.0 are required for benchmarks.",
      "player_id": 905,
      "metric": "steals_per_game"
    },
    {
      "code": "minimum_games_not_met",
      "message": "Player has 3 games; 15 are required for benchmarks.",
      "player_id": 905,
      "metric": "blocks_per_game"
    },
    {
      "code": "minimum_minutes_not_met",
      "message": "Player averages 1.0 minutes; 10.0 are required for benchmarks.",
      "player_id": 905,
      "metric": "blocks_per_game"
    },
    {
      "code": "minimum_games_not_met",
      "message": "Player has 3 games; 15 are required for benchmarks.",
      "player_id": 905,
      "metric": "turnovers_per_game"
    },
    {
      "code": "minimum_minutes_not_met",
      "message": "Player averages 1.0 minutes; 10.0 are required for benchmarks.",
      "player_id": 905,
      "metric": "turnovers_per_game"
    },
    {
      "code": "minimum_games_not_met",
      "message": "Player has 3 games; 15 are required for benchmarks.",
      "player_id": 905,
      "metric": "points_per_36"
    },
    {
      "code": "minimum_minutes_not_met",
      "message": "Player averages 1.0 minutes; 10.0 are required for benchmarks.",
      "player_id": 905,
      "metric": "points_per_36"
    },
    {
      "code": "minimum_games_not_met",
      "message": "Player has 3 games; 15 are required for benchmarks.",
      "player_id": 905,
      "metric": "rebounds_per_36"
    },
    {
      "code": "minimum_minutes_not_met",
      "message": "Player averages 1.0 minutes; 10.0 are required for benchmarks.",
      "player_id": 905,
      "metric": "rebounds_per_36"
    },
    {
      "code": "minimum_games_not_met",
      "message": "Player has 3 games; 15 are required for benchmarks.",
      "player_id": 905,
      "metric": "assists_per_36"
    },
    {
      "code": "minimum_minutes_not_met",
      "message": "Player averages 1.0 minutes; 10.0 are required for benchmarks.",
      "player_id": 905,
      "metric": "assists_per_36"
    },
    {
      "code": "minimum_games_not_met",
      "message": "Player has 3 games; 15 are required for benchmarks.",
      "player_id": 905,
      "metric": "turnovers_per_36"
    },
    {
      "code": "minimum_minutes_not_met",
      "message": "Player averages 1.0 minutes; 10.0 are required for benchmarks.",
      "player_id": 905,
      "metric": "turnovers_per_36"
    },
    {
      "code": "trend_small_sample",
      "message": "At least 10 games are required to compare recent five games to previous five.",
      "player_id": 905,
      "metric": null
    },
    {
      "code": "incomplete_game_logs",
      "message": "Player has 3 logs across 82 stored team games.",
      "player_id": 905,
      "metric": null
    }
  ]
}
ALL_DONE_2024_25
